/home/steve/nasa/seastar/seastarhq/data/SeaSTAR-20250710-Ames_roof-general_suntracking//pickle
/home/steve/nasa/seastar/seastarhq/data/SeaSTAR-20250710-Ames_roof-general_suntracking//pickle/SeaSTAR_2025-07-10_09-23-46.L06
2025-07-10T16:23:46.365000 48.32740303030304 32.67992424242424 16386
2025-07-10T16:23:47.010000 51.438046000000014 37.1625 16386
2025-07-10T16:23:48.010000 51.441088 37.125 16386
2025-07-10T16:23:49.010000 51.44529999999999 37.125 16386
2025-07-10T16:23:50.010000 51.45434799999999 37.125 16386
2025-07-10T16:23:51.010000 51.451852 37.125 16386
2025-07-10T16:23:52.010000 51.45434799999999 37.125 2
2025-07-10T16:23:53.010000 51.470006000000005 37.125 2
2025-07-10T16:23:54.010000 51.4766 37.125 2
2025-07-10T16:23:55.010000 51.48596 37.125 2
2025-07-10T16:23:56.011000 51.50155999999999 37.125 2
2025-07-10T16:23:57.010000 51.50779999999999 37.125 2
2025-07-10T16:23:58.010000 51.52658 37.125 2
2025-07-10T16:23:59.010000 51.52968 37.125 2
2025-07-10T16:24:00.010000 51.53282 37.125 2
2025-07-10T16:24:01.010000 51.54846 37.125 2
2025-07-10T16:24:02.010000 51.54534 37.11125 2
2025-07-10T16:24:03.010000 51.54846 37.0625 2
2025-07-10T16:24:04.010000 51.54534 37.0625 2
2025-07-10T16:24:05.010000 51.54846 37.0625 2
2025-07-10T16:24:06.010000 51.571625999999995 37.0625 2
2025-07-10T16:24:07.010000 51.565074 37.0625 2
2025-07-10T16:24:08.010000 51.571625999999995 37.0625 2
2025-07-10T16:24:09.010000 51.58200000000001 37.0625 2
2025-07-10T16:24:10.010000 51.591734 37.0625 2
2025-07-10T16:24:11.010000 51.607372 37.0625 2
2025-07-10T16:24:12.010000 51.632644 37.055 2
2025-07-10T16:24:13.010000 51.64450000000001 37.0 2
2025-07-10T16:24:14.010000 51.654234 37.0 2
2025-07-10T16:24:15.010000 51.66020000000001 37.0 2
2025-07-10T16:24:16.010000 51.66020000000001 37.0 2
2025-07-10T16:24:17.010000 51.667454 37.0 2
2025-07-10T16:24:18.010000 51.664646000000005 37.0 2
2025-07-10T16:24:19.010000 51.667454 37.0 2
2025-07-10T16:24:20.010000 51.681571999999996 37.0 2
2025-07-10T16:24:21.010000 51.69717200000001 37.0 2
2025-07-10T16:24:22.010000 51.712833999999994 37.0 2
2025-07-10T16:24:23.010000 51.709066 37.0 2
2025-07-10T16:24:24.010000 51.71314799999999 37.0 2
2025-07-10T16:24:25.010000 51.718799999999995 37.0 2
2025-07-10T16:24:26.010000 51.728784 37.0 2
2025-07-10T16:24:27.010000 51.744384 37.0 2
2025-07-10T16:24:28.010000 51.740952 36.9425 2
2025-07-10T16:24:29.010000 51.74344800000001 36.9375 2
2025-07-10T16:24:30.010000 51.759048 36.9375 2
2025-07-10T16:24:31.010000 51.76559999999999 36.9375 2
2025-07-10T16:24:32.010000 51.77496 36.9375 2
2025-07-10T16:24:33.010000 51.781200000000005 36.9375 2
2025-07-10T16:24:34.010000 51.78827999999999 36.9375 2
2025-07-10T16:24:35.011000 51.79299999999999 36.9375 2
2025-07-10T16:24:36.010000 51.80236000000001 36.9375 2
2025-07-10T16:24:37.010000 51.808600000000006 36.9375 2
2025-07-10T16:24:38.011000 51.82732 36.9375 2
2025-07-10T16:24:39.010000 51.83979999999999 36.9375 2
2025-07-10T16:24:40.010000 51.830439999999996 36.91875 2
2025-07-10T16:24:41.010000 51.8242 36.875 2
2025-07-10T16:24:42.010000 51.8242 36.875 2
2025-07-10T16:24:43.010000 51.843606 36.875 2
2025-07-10T16:24:44.010000 51.845766 36.875 2
2025-07-10T16:24:45.010000 51.859206000000015 36.875 2
2025-07-10T16:24:46.010000 51.861428 36.875 2
2025-07-10T16:24:47.010000 51.87484400000001 36.875 2
2025-07-10T16:24:48.010000 51.8867 36.875 2
2025-07-10T16:24:49.011000 51.893953999999994 36.875 2
2025-07-10T16:24:50.010000 51.8984 36.875 2
2025-07-10T16:24:51.010000 51.8984 36.875 2
2025-07-10T16:24:52.010000 51.90813400000001 36.875 2
2025-07-10T16:24:53.010000 51.9141 36.83375 2
2025-07-10T16:24:54.010000 51.923772 36.8125 2
2025-07-10T16:24:55.010000 51.920028 36.8125 2
2025-07-10T16:24:56.010000 51.93344400000001 36.8125 2
2025-07-10T16:24:57.010000 51.925956000000006 36.8125 2
2025-07-10T16:24:58.010000 51.93344400000001 36.8125 2
2025-07-10T16:24:59.010000 51.954972 36.8125 2
2025-07-10T16:25:00.011000 51.9609 36.8125 2
2025-07-10T16:25:01.010000 51.9609 36.8125 2
2025-07-10T16:25:02.011000 51.97094800000001 36.8125 2
2025-07-10T16:25:03.010000 51.994071999999996 36.8125 2
2025-07-10T16:25:04.010000 51.996412 36.8125 2
2025-07-10T16:25:05.010000 51.999687999999985 36.8125 2
2025-07-10T16:25:06.010000 52.003899999999994 36.8125 2
2025-07-10T16:25:07.010000 52.012947999999994 36.8125 2
2025-07-10T16:25:08.010000 52.01950000000001 36.78 2
2025-07-10T16:25:09.010000 52.03827999999999 36.75 2
2025-07-10T16:25:10.010000 52.0508 36.75 2
2025-07-10T16:25:11.010000 52.0508 36.75 2
2025-07-10T16:25:12.010000 52.060159999999996 36.75 2
2025-07-10T16:25:13.010000 52.07576 36.75 2
2025-07-10T16:25:14.010000 52.053920000000005 36.75 2
2025-07-10T16:25:15.010000 52.05392 36.75 2
2025-07-10T16:25:16.010000 52.05704 36.75 2
2025-07-10T16:25:17.010000 52.060159999999996 36.75 2
2025-07-10T16:25:18.012000 52.066399999999994 36.75 2
2025-07-10T16:25:19.010000 52.07576 36.75 2
2025-07-10T16:25:20.010000 52.08200000000001 36.75 2
2025-07-10T16:25:21.010000 52.091734 36.75 2
2025-07-10T16:25:22.010000 52.09770000000001 36.75 2
2025-07-10T16:25:23.010000 52.09770000000001 36.72875 2
2025-07-10T16:25:24.010000 52.107372 36.6875 2
2025-07-10T16:25:25.010000 52.1133 36.6875 2
2025-07-10T16:25:26.010000 52.120554 36.6875 2
2025-07-10T16:25:27.010000 52.125 36.6875 2
2025-07-10T16:25:28.010000 52.125 36.6875 2
2025-07-10T16:25:29.010000 52.13467200000001 36.6875 2
2025-07-10T16:25:30.010000 52.14059999999999 36.6875 2
2025-07-10T16:25:31.010000 52.14059999999999 36.6875 2
2025-07-10T16:25:32.010000 52.123673999999994 36.6875 2
2025-07-10T16:25:33.010000 52.120554 36.6875 2
2025-07-10T16:25:34.010000 52.13467200000001 36.6875 2
2025-07-10T16:25:35.010000 52.160005999999996 36.6875 2
2025-07-10T16:25:36.010000 52.162166000000006 36.6425 2
2025-07-10T16:25:37.010000 52.165934 36.625 2
2025-07-10T16:25:38.010000 52.17190000000001 36.625 2
2025-07-10T16:25:39.010000 52.181884 36.625 2
2025-07-10T16:25:40.010000 52.197484 36.625 2
2025-07-10T16:25:41.010000 52.20309999999999 36.625 2
2025-07-10T16:25:42.010000 52.20309999999999 36.625 2
2025-07-10T16:25:43.010000 52.21314799999999 36.625 2
2025-07-10T16:25:44.010000 52.218799999999995 36.625 2
2025-07-10T16:25:45.010000 52.218799999999995 36.625 2
2025-07-10T16:25:46.010000 52.218799999999995 36.625 2
2025-07-10T16:25:47.010000 52.23518000000001 36.625 2
2025-07-10T16:25:48.010000 52.25546 36.625 2
2025-07-10T16:25:49.010000 52.2617 36.625 2
2025-07-10T16:25:50.010000 52.252340000000004 36.625 2
2025-07-10T16:25:51.010000 52.246100000000006 36.625 2
2025-07-10T16:25:52.010000 52.25546 36.625 2
2025-07-10T16:25:53.010000 52.27106 36.62375 2
2025-07-10T16:25:54.010000 52.27729999999999 36.5625 2
2025-07-10T16:25:55.010000 52.29608 36.5625 2
2025-07-10T16:25:56.010000 52.298928 36.5625 2
2025-07-10T16:25:57.010000 52.29299999999999 36.5625 2
2025-07-10T16:25:58.010000 52.31234400000001 36.5625 2
2025-07-10T16:25:59.011000 52.3242 36.5625 2
2025-07-10T16:26:00.010000 52.31452800000001 36.5625 2
2025-07-10T16:26:01.012000 52.318272 36.5625 2
2025-07-10T16:26:02.010000 52.3242 36.5625 2
2025-07-10T16:26:03.010000 52.3242 36.5625 2
2025-07-10T16:26:04.010000 52.333872 36.5625 2
2025-07-10T16:26:05.010000 52.330128 36.5625 2
2025-07-10T16:26:06.010000 52.333872 36.5625 2
2025-07-10T16:26:07.010000 52.33979999999999 36.5625 2
2025-07-10T16:26:08.010000 52.33979999999999 36.5625 2
2025-07-10T16:26:09.010000 52.33979999999999 36.50875 2
2025-07-10T16:26:10.010000 52.34711600000001 36.5 2
2025-07-10T16:26:11.010000 52.3516 36.5 2
2025-07-10T16:26:12.010000 52.3516 36.5 2
2025-07-10T16:26:13.010000 52.371568 36.5 2
2025-07-10T16:26:14.010000 52.38279999999999 36.5 2
2025-07-10T16:26:15.010000 52.38279999999999 36.5 2
2025-07-10T16:26:16.010000 52.38279999999999 36.5 2
2025-07-10T16:26:17.016000 52.38279999999999 36.5 2
2025-07-10T16:26:18.010000 52.38279999999999 36.5 2
2025-07-10T16:26:19.010000 52.39278399999999 36.5 2
2025-07-10T16:26:20.010000 52.40844800000001 36.5 2
2025-07-10T16:26:21.010000 52.424084 36.48625 2
2025-07-10T16:26:22.010000 52.42970000000001 36.4375 2
2025-07-10T16:26:23.010000 52.42970000000001 36.4375 2
2025-07-10T16:26:24.010000 52.42970000000001 36.4375 2
2025-07-10T16:26:25.010000 52.42034 36.4375 2
2025-07-10T16:26:26.010000 52.432820000000014 36.4375 2
2025-07-10T16:26:27.010000 52.44529999999999 36.4375 2
2025-07-10T16:26:28.010000 52.45232 36.4375 2
2025-07-10T16:26:29.010000 52.45700000000001 36.4375 2
2025-07-10T16:26:30.010000 52.46642000000001 36.4375 2
2025-07-10T16:26:31.010000 52.46328 36.4375 2
2025-07-10T16:26:32.010000 52.466734 36.4375 2
2025-07-10T16:26:33.010000 52.492043999999986 36.4375 2
2025-07-10T16:26:34.010000 52.494228 36.4375 2
2025-07-10T16:26:35.010000 52.4883 36.4375 2
2025-07-10T16:26:36.010000 52.507644 36.43375 2
2025-07-10T16:26:37.010000 52.529234 36.375 2
2025-07-10T16:26:38.010000 52.53520000000001 36.375 2
2025-07-10T16:26:39.010000 52.525465999999994 36.375 2
2025-07-10T16:26:40.010000 52.53890599999999 36.375 2
2025-07-10T16:26:41.010000 52.5508 36.375 2
2025-07-10T16:26:42.010000 52.558054 36.375 2
2025-07-10T16:26:43.010000 52.57217200000001 36.375 2
2025-07-10T16:26:44.010000 52.568428000000004 36.375 2
2025-07-10T16:26:45.010000 52.57217200000001 36.375 2
2025-07-10T16:26:46.010000 52.57809999999999 36.375 2
2025-07-10T16:26:47.010000 52.587833999999994 36.375 2
2025-07-10T16:26:48.010000 52.603472000000004 36.375 2
2025-07-10T16:26:49.010000 52.60940000000001 36.375 2
2025-07-10T16:26:50.010000 52.60940000000001 36.375 2
2025-07-10T16:26:51.010000 52.619384 36.375 2
2025-07-10T16:26:52.010000 52.634984 36.32 2
2025-07-10T16:26:53.010000 52.630616 36.3125 2
2025-07-10T16:26:54.010000 52.625 36.3125 2
2025-07-10T16:26:55.010000 52.634984 36.3125 2
2025-07-10T16:26:56.010000 52.64059999999999 36.3125 2
2025-07-10T16:26:57.010000 52.630616 36.3125 2
2025-07-10T16:26:58.010000 52.655015999999996 36.3125 2
2025-07-10T16:26:59.010000 52.66185200000001 36.3125 2
2025-07-10T16:27:00.010000 52.666247999999996 36.3125 2
2025-07-10T16:27:01.010000 52.66248 36.3125 2
2025-07-10T16:27:02.010000 52.67264000000001 36.3125 2
2025-07-10T16:27:03.010000 52.683600000000006 36.3125 2
2025-07-10T16:27:04.010000 52.683600000000006 36.3125 2
2025-07-10T16:27:05.010000 52.69296 36.3125 2
2025-07-10T16:27:06.010000 52.6992 36.3125 2
2025-07-10T16:27:07.010000 52.6992 36.3125 2
2025-07-10T16:27:08.010000 52.70856 36.3125 2
2025-07-10T16:27:09.010000 52.705128 36.2975 2
2025-07-10T16:27:10.010000 52.718606 36.25 2
2025-07-10T16:27:11.011000 52.720766 36.25 2
2025-07-10T16:27:12.010000 52.71479999999999 36.25 2
2025-07-10T16:27:13.010000 52.724534000000006 36.25 2
2025-07-10T16:27:14.010000 52.73049999999999 36.25 2
2025-07-10T16:27:15.010000 52.720766 36.25 2
2025-07-10T16:27:16.010000 52.705128 36.25 2
2025-07-10T16:27:17.010000 52.6992 36.25 2
2025-07-10T16:27:18.010000 52.68952800000001 36.25 2
2025-07-10T16:27:19.010000 52.683600000000006 36.25 2
2025-07-10T16:27:20.010000 52.693272 36.25 2
2025-07-10T16:27:21.010000 52.718606 36.25 2
2025-07-10T16:27:22.010000 52.71109400000001 36.25 2
2025-07-10T16:27:23.010000 52.708872 36.25 2
2025-07-10T16:27:24.010000 52.71479999999999 36.25 2
2025-07-10T16:27:25.010000 52.734206000000015 36.25 2
2025-07-10T16:27:26.010000 52.755772 36.25 2
2025-07-10T16:27:27.010000 52.7617 36.21625 2
2025-07-10T16:27:28.010000 52.75202800000001 36.1875 2
2025-07-10T16:27:29.010000 52.756084 36.1875 2
2025-07-10T16:27:30.010000 52.77168400000001 36.1875 2
2025-07-10T16:27:31.010000 52.757332000000005 36.1875 2
2025-07-10T16:27:32.010000 52.77362 36.1875 2
2025-07-10T16:27:33.010000 52.771564 36.1875 2
2025-07-10T16:27:34.010000 52.779236 36.1875 2
2025-07-10T16:27:35.010000 52.799084 36.1875 2
2025-07-10T16:27:36.010000 52.79471600000001 36.1875 2
2025-07-10T16:27:37.010000 52.7891 36.1875 2
2025-07-10T16:27:38.010000 52.809068 36.1875 2
2025-07-10T16:27:39.010000 52.82029999999999 36.1875 2
2025-07-10T16:27:40.011000 52.81094000000001 36.1875 2
2025-07-10T16:27:41.010000 52.81405999999999 36.1875 2
2025-07-10T16:27:42.010000 52.84844000000001 36.16375 2
2025-07-10T16:27:43.010000 52.84842 36.125 2
2025-07-10T16:27:44.010000 52.84532 36.125 2
2025-07-10T16:27:45.010000 52.86096 36.125 2
2025-07-10T16:27:46.010000 52.86720000000001 36.125 2
2025-07-10T16:27:47.010000 52.86720000000001 36.125 2
2025-07-10T16:27:48.010000 52.87687199999999 36.125 2
2025-07-10T16:27:49.010000 52.87312800000001 36.125 2
2025-07-10T16:27:50.011000 52.87687199999999 36.125 2
2025-07-10T16:27:51.010000 52.892472 36.125 2
2025-07-10T16:27:52.011000 52.8984 36.125 2
2025-07-10T16:27:53.010000 52.90571599999999 36.125 2
2025-07-10T16:27:54.014000 52.90288399999999 36.125 2
2025-07-10T16:27:55.010000 52.90571599999999 36.125 2
2025-07-10T16:27:56.010000 52.919872 36.125 2
2025-07-10T16:27:57.010000 52.9258 36.125 2
2025-07-10T16:27:58.010000 52.9258 36.125 2
2025-07-10T16:27:59.010000 52.9258 36.125 2
2025-07-10T16:28:00.010000 52.945144 36.08125 2
2025-07-10T16:28:01.010000 52.966734 36.0625 2
2025-07-10T16:28:02.010000 52.962965999999994 36.0625 2
2025-07-10T16:28:03.010000 52.947016000000005 36.0625 2
2025-07-10T16:28:04.010000 52.951384 36.0625 2
2025-07-10T16:28:05.010000 52.967048000000005 36.0625 2
2025-07-10T16:28:06.010000 52.97270000000001 36.0625 2
2025-07-10T16:28:07.010000 52.982684 36.0625 2
2025-07-10T16:28:08.012000 52.9883 36.0625 2
2025-07-10T16:28:09.010000 52.9883 36.0625 2
2025-07-10T16:28:10.010000 52.99828399999999 36.0625 2
2025-07-10T16:28:11.010000 53.003899999999994 36.0625 2
2025-07-10T16:28:12.010000 53.011388000000004 36.0625 2
2025-07-10T16:28:13.010000 52.998127999999994 36.0625 2
2025-07-10T16:28:14.010000 52.9883 36.0625 2
2025-07-10T16:28:15.010000 53.015756 36.03 2
2025-07-10T16:28:16.010000 53.031200000000005 36.0 2
2025-07-10T16:28:17.010000 53.02183999999999 36.0 2
2025-07-10T16:28:18.010000 53.02496 36.0 2
2025-07-10T16:28:19.010000 53.031200000000005 36.0 2
2025-07-10T16:28:20.010000 53.04062 36.0 2
2025-07-10T16:28:21.010000 53.03748 36.0 2
2025-07-10T16:28:22.010000 53.04062 36.0 2
2025-07-10T16:28:23.010000 53.05626 36.0 2
2025-07-10T16:28:24.010000 53.05282799999999 36.0 2
2025-07-10T16:28:25.010000 53.04690000000001 36.0 2
2025-07-10T16:28:26.010000 53.066244000000005 36.0 2
2025-07-10T16:28:27.011000 53.068428000000004 36.0 2
2025-07-10T16:28:28.010000 53.05282799999999 36.0 2
2025-07-10T16:28:29.010000 53.056571999999996 36.0 2
2025-07-10T16:28:30.013000 53.0625 36.0 2
2025-07-10T16:28:31.010000 53.0625 36.0 2
2025-07-10T16:28:32.010000 53.08190599999999 36.0 2
2025-07-10T16:28:33.010000 53.093799999999995 36.0 2
2025-07-10T16:28:34.010000 53.084066 36.0 2
2025-07-10T16:28:35.010000 53.087833999999994 36.0 2
2025-07-10T16:28:36.010000 53.093799999999995 36.0 2
2025-07-10T16:28:37.010000 53.084066 36.0 2
2025-07-10T16:28:38.010000 53.097505999999996 35.95125 2
2025-07-10T16:28:39.010000 53.099416 35.9375 2
2025-07-10T16:28:40.010000 53.093799999999995 35.9375 2
2025-07-10T16:28:41.010000 53.11127200000001 35.9375 2
2025-07-10T16:28:42.010000 53.113611999999996 35.9375 2
2025-07-10T16:28:43.010000 53.10940000000001 35.9375 2
2025-07-10T16:28:44.010000 53.099416 35.9375 2
2025-07-10T16:28:45.010000 53.103784 35.9375 2
2025-07-10T16:28:46.010000 53.10940000000001 35.9375 2
2025-07-10T16:28:47.010000 53.11688800000001 35.9375 2
2025-07-10T16:28:48.010000 53.121100000000006 35.9375 2
2025-07-10T16:28:49.011000 53.121100000000006 35.9375 2
2025-07-10T16:28:50.010000 53.131084 35.9375 2
2025-07-10T16:28:51.011000 53.119228 35.9375 2
2025-07-10T16:28:52.010000 53.10940000000001 35.9375 2
2025-07-10T16:28:53.010000 53.11688800000001 35.9375 2
2025-07-10T16:28:54.011000 53.131084 35.9375 2
2025-07-10T16:28:55.010000 53.1367 35.9375 2
2025-07-10T16:28:56.010000 53.14606 35.9375 2
2025-07-10T16:28:57.011000 53.142939999999996 35.9375 2
2025-07-10T16:28:58.010000 53.127340000000004 35.90375 2
2025-07-10T16:28:59.010000 53.13982 35.875 2
2025-07-10T16:29:00.010000 53.142939999999996 35.875 2
2025-07-10T16:29:01.010000 53.1367 35.875 2
2025-07-10T16:29:02.010000 53.146372 35.875 2
2025-07-10T16:29:03.011000 53.132956000000014 35.875 2
2025-07-10T16:29:04.010000 53.140443999999995 35.875 2
2025-07-10T16:29:05.010000 53.15229999999999 35.875 2
2025-07-10T16:29:06.010000 53.15229999999999 35.875 2
2025-07-10T16:29:07.010000 53.162034000000006 35.875 2
2025-07-10T16:29:08.010000 53.158266 35.875 2
2025-07-10T16:29:09.010000 53.162034000000006 35.875 2
2025-07-10T16:29:10.010000 53.16799999999999 35.875 2
2025-07-10T16:29:11.010000 53.158266 35.875 2
2025-07-10T16:29:12.010000 53.162034000000006 35.875 2
2025-07-10T16:29:13.010000 53.158266 35.875 2
2025-07-10T16:29:14.010000 53.162034000000006 35.875 2
2025-07-10T16:29:15.010000 53.158266 35.875 2
2025-07-10T16:29:16.010000 53.162348 35.875 2
2025-07-10T16:29:17.010000 53.16799999999999 35.875 2
2025-07-10T16:29:18.010000 53.16799999999999 35.875 2
2025-07-10T16:29:19.010000 53.16799999999999 35.875 16386
2025-07-10T16:29:20.010000 53.16799999999999 35.875 16386
2025-07-10T16:29:21.010000 53.157951999999995 35.875 2
2025-07-10T16:29:22.010000 53.162348 35.875 2
2025-07-10T16:29:23.010000 53.16799999999999 35.8925 2
2025-07-10T16:29:24.010000 53.177983999999995 35.9375 2
2025-07-10T16:29:25.010000 53.183600000000006 35.9375 2
2025-07-10T16:29:26.010000 53.173616 35.89125 16386
2025-07-10T16:29:27.010000 53.16799999999999 35.875 16386
2025-07-10T16:29:28.010000 53.16799999999999 35.875 16386
2025-07-10T16:29:29.010000 53.177983999999995 35.875 2
2025-07-10T16:29:30.010000 53.183600000000006 35.875 2
2025-07-10T16:29:31.010000 53.173616 35.91625 16386
2025-07-10T16:29:32.010000 53.16799999999999 35.9375 16386
2025-07-10T16:29:33.010000 53.177983999999995 35.9375 16386
2025-07-10T16:29:34.010000 53.17424 35.9375 16386
2025-07-10T16:29:35.010000 53.17736000000001 35.9375 16386
2025-07-10T16:29:36.010000 53.183600000000006 35.9375 16386
2025-07-10T16:29:37.011000 53.183600000000006 35.9375 2
2025-07-10T16:29:38.010000 53.183600000000006 35.9375 2
2025-07-10T16:29:39.010000 53.183600000000006 35.9375 16386
2025-07-10T16:29:40.010000 53.183600000000006 35.9375 16386
2025-07-10T16:29:41.010000 53.183600000000006 35.9375 16386
2025-07-10T16:29:42.010000 53.193272 35.9375 16386
2025-07-10T16:29:43.010000 53.18952800000001 35.94 16386
2025-07-10T16:29:44.010000 53.183600000000006 36.0 16386
2025-07-10T16:29:45.011000 53.183600000000006 36.0 16386
2025-07-10T16:29:46.010000 53.173928 36.0 16386
2025-07-10T16:29:47.010000 53.18734400000001 36.0 16386
2025-07-10T16:29:48.010000 53.179856 36.0 16386
2025-07-10T16:29:49.010000 53.177672 36.0 16386
2025-07-10T16:29:50.010000 53.183600000000006 36.0 16386
2025-07-10T16:29:51.010000 53.173616 36.0275 16386
2025-07-10T16:29:52.010000 53.177983999999995 36.0625 16386
2025-07-10T16:29:53.010000 53.193584 36.0625 16386
2025-07-10T16:29:54.010000 53.179232 36.0625 16386
2025-07-10T16:29:55.010000 53.187968 36.0625 16386
2025-07-10T16:29:56.010000 53.18921600000001 36.0875 16386
2025-07-10T16:29:57.010000 53.193584 36.125 16386
2025-07-10T16:29:58.010000 53.18921600000001 36.125 16386
2025-07-10T16:29:59.010000 53.183600000000006 36.125 16386
2025-07-10T16:30:00.010000 53.193584 36.125 16386
2025-07-10T16:30:01.010000 53.18921600000001 36.1475 16386
2025-07-10T16:30:02.010000 53.193584 36.1875 16386
2025-07-10T16:30:03.010000 53.18921600000001 36.1875 16386
2025-07-10T16:30:04.010000 53.183600000000006 36.1875 16386
2025-07-10T16:30:05.010000 53.183600000000006 36.1875 16386
2025-07-10T16:30:06.010000 53.193584 36.20625 16386
2025-07-10T16:30:07.010000 53.18921600000001 36.25 16386
2025-07-10T16:30:08.010000 53.183600000000006 36.25 16386
2025-07-10T16:30:09.010000 53.183600000000006 36.29875 16386
2025-07-10T16:30:10.010000 53.183600000000006 36.3125 16386
2025-07-10T16:30:11.010000 53.193896 36.3125 16386
2025-07-10T16:30:12.010000 53.1992 36.3125 16386
2025-07-10T16:30:13.010000 53.1992 36.3125 16386
2025-07-10T16:30:14.010000 53.189840000000004 36.3575 16386
2025-07-10T16:30:15.011000 53.19296 36.375 16386
2025-07-10T16:30:16.010000 53.189840000000004 36.375 16386
2025-07-10T16:30:17.010000 53.19296 36.375 16386
2025-07-10T16:30:18.010000 53.18952800000001 36.375 16386
2025-07-10T16:30:19.010000 53.183600000000006 36.41625 16386
2025-07-10T16:30:20.010000 53.193272 36.4375 16386
2025-07-10T16:30:21.010000 53.18952800000001 36.445 16386
2025-07-10T16:30:22.010000 53.183600000000006 36.5 16386
2025-07-10T16:30:23.010000 53.183600000000006 36.5 16386
2025-07-10T16:30:24.010000 53.183600000000006 36.53625 16386
2025-07-10T16:30:25.010000 53.193272 36.5625 16386
2025-07-10T16:30:26.010000 53.18952800000001 36.56625 16386
2025-07-10T16:30:27.010000 53.193272 36.625 16386
2025-07-10T16:30:28.010000 53.1992 36.625 16386
2025-07-10T16:30:29.011000 53.1992 36.625 16386
2025-07-10T16:30:30.011000 53.1992 36.625 16386
2025-07-10T16:30:31.010000 53.229248 36.625 16386
2025-07-10T16:30:32.010000 53.153863999999984 36.7475 16386
2025-07-10T16:30:33.010000 53.137012 36.75 16386
2025-07-10T16:30:34.011000 53.110491999999994 36.75 16386
2025-07-10T16:30:35.010000 53.10940000000001 36.75 16386
2025-07-10T16:30:36.010000 53.078726 36.75 16386
2025-07-10T16:30:37.010000 53.09348599999999 36.80625 16386
2025-07-10T16:30:38.010000 53.093799999999995 36.8125 16386
2025-07-10T16:30:39.010000 53.093799999999995 36.83625 16386
2025-07-10T16:30:40.010000 53.12055400000001 36.875 16386
2025-07-10T16:30:41.010000 53.06718800000001 36.875 16386
2025-07-10T16:30:42.010000 53.076852 36.9275 16386
2025-07-10T16:30:43.011000 53.07809999999999 36.9375 16386
2025-07-10T16:30:44.010000 53.063748 36.9575 16386
2025-07-10T16:30:45.011000 53.091296 37.0 16386
2025-07-10T16:30:46.010000 53.065004 37.0 16386
2025-07-10T16:30:47.010000 53.076852 37.1 16386
2025-07-10T16:30:48.010000 53.07809999999999 37.125 16386
2025-07-10T16:30:49.010000 53.07809999999999 37.1425 16386
2025-07-10T16:30:50.010000 53.063436 37.1875 16386
2025-07-10T16:30:51.010000 53.0625 37.1875 16386
2025-07-10T16:30:52.010000 53.077163999999996 37.23375 16386
2025-07-10T16:30:53.010000 53.07809999999999 37.25 16386
2025-07-10T16:30:54.010000 53.07809999999999 37.2625 16386
2025-07-10T16:30:55.010000 53.07809999999999 37.3125 16386
2025-07-10T16:30:56.010000 53.07809999999999 37.3125 16386
2025-07-10T16:30:57.010000 53.092858 37.395 16386
2025-07-10T16:30:58.010000 53.064378 37.4375 16386
2025-07-10T16:30:59.010000 53.077476000000004 37.4375 16386
2025-07-10T16:31:00.010000 53.093171999999996 37.4375 16386
2025-07-10T16:31:01.010000 53.07872799999999 37.4375 16386
2025-07-10T16:31:02.010000 53.07809999999999 37.51 16386
2025-07-10T16:31:03.010000 53.07809999999999 37.5625 16386
2025-07-10T16:31:04.010000 53.093171999999996 37.5675 16386
2025-07-10T16:31:05.010000 53.063752 37.6875 16386
2025-07-10T16:31:06.010000 53.047836000000004 37.6875 16386
2025-07-10T16:31:07.010000 53.061876000000005 37.72 16386
2025-07-10T16:31:08.010000 53.077476000000004 37.75 16386
2025-07-10T16:31:09.010000 53.07809999999999 37.75 16386
2025-07-10T16:31:10.010000 53.062811999999994 37.81125 16386
2025-07-10T16:31:11.010000 53.0625 37.8125 16386
2025-07-10T16:31:12.010000 53.077788 37.84125 16386
2025-07-10T16:31:13.010000 53.07809999999999 37.875 16386
2025-07-10T16:31:14.010000 53.07809999999999 37.875 16386
2025-07-10T16:31:15.010000 53.062811999999994 37.99 16386
2025-07-10T16:31:16.010000 53.0625 38.0 16386
2025-07-10T16:31:17.010000 53.093174 38.025 16386
2025-07-10T16:31:18.010000 53.078413999999995 38.0625 16386
2025-07-10T16:31:19.011000 53.063748 38.0625 16386
2025-07-10T16:31:20.010000 53.0625 38.17 16386
2025-07-10T16:31:21.010000 53.0625 38.1875 16386
2025-07-10T16:31:22.010000 53.048148 38.20875 16386
2025-07-10T16:31:23.010000 53.04690000000001 38.25 16386
2025-07-10T16:31:24.010000 53.032456 38.25 16386
2025-07-10T16:31:25.010000 53.045643999999996 38.35 16386
2025-07-10T16:31:26.010000 53.04690000000001 38.375 16386
2025-07-10T16:31:27.010000 53.061564 38.375 16386
2025-07-10T16:31:28.010000 53.0625 38.375 16386
2025-07-10T16:31:29.010000 53.047836000000004 38.375 16386
2025-07-10T16:31:30.011000 53.04690000000001 38.5175 16386
2025-07-10T16:31:31.010000 53.061564 38.5625 16386
2025-07-10T16:31:32.011000 53.047836000000004 38.57625 16386
2025-07-10T16:31:33.011000 53.061564 38.625 16386
2025-07-10T16:31:34.013000 53.047836000000004 38.625 16386
2025-07-10T16:31:35.010000 53.04690000000001 38.66875 16386
2025-07-10T16:31:36.010000 53.04690000000001 38.6875 16386
2025-07-10T16:31:37.010000 53.031828000000004 38.71 16386
2025-07-10T16:31:38.010000 53.031200000000005 38.8125 16386
2025-07-10T16:31:39.011000 53.031200000000005 38.8125 16386
2025-07-10T16:31:40.010000 53.031200000000005 38.8525 16386
2025-07-10T16:31:41.010000 53.016224 38.875 16386
2025-07-10T16:31:42.010000 53.045648 38.8825 16386
2025-07-10T16:31:43.010000 53.04690000000001 38.9375 16386
2025-07-10T16:31:44.010000 53.032142 38.9375 16386
2025-07-10T16:31:45.010000 53.04627200000001 39.01 16384
2025-07-10T16:31:46.010000 53.031828000000004 39.0625 16384
2025-07-10T16:31:47.010000 53.046586000000005 39.065 16384
2025-07-10T16:31:48.010000 53.03151400000001 39.125 16384
2025-07-10T16:31:49.011000 53.031200000000005 39.125 16384
2025-07-10T16:31:50.010000 53.031200000000005 39.19 16384
2025-07-10T16:31:51.010000 53.046586000000005 39.25 16384
2025-07-10T16:31:52.010000 53.04690000000001 39.25 16384
2025-07-10T16:31:53.010000 53.04690000000001 39.3725 16384
2025-07-10T16:31:54.010000 53.03151400000001 39.375 16384
2025-07-10T16:31:55.010000 53.046586000000005 39.40375 16384
2025-07-10T16:31:56.010000 53.04690000000001 39.4375 16384
2025-07-10T16:31:57.010000 53.032456 39.4375 16384
2025-07-10T16:31:58.010000 53.045643999999996 39.5525 16384
2025-07-10T16:31:59.010000 53.04690000000001 39.5625 16384
2025-07-10T16:32:00.010000 53.032456 39.5875 16384
2025-07-10T16:32:01.010000 53.045643999999996 39.625 16384
2025-07-10T16:32:02.010000 53.061252 39.625 16384
2025-07-10T16:32:03.010000 53.048148 39.68 16384
2025-07-10T16:32:04.010000 53.032142 39.6875 16384
2025-07-10T16:32:05.010000 53.031200000000005 39.71 16384
2025-07-10T16:32:06.010000 53.031200000000005 39.75 16384
2025-07-10T16:32:07.010000 53.031200000000005 39.75 16384
2025-07-10T16:32:08.010000 53.031200000000005 39.855 16384
2025-07-10T16:32:09.010000 53.016535999999995 39.875 16384
2025-07-10T16:32:10.010000 53.01559999999999 39.895 16384
2025-07-10T16:32:11.010000 53.03026400000001 39.9375 16384
2025-07-10T16:32:12.010000 53.045958 39.9375 16384
2025-07-10T16:32:13.010000 53.032142 40.035 16384
2025-07-10T16:32:14.011000 53.031200000000005 40.0625 16384
2025-07-10T16:32:15.010000 53.016224 40.07875 16384
2025-07-10T16:32:16.010000 53.030576 40.125 16384
2025-07-10T16:32:17.010000 53.031200000000005 40.125 16384
2025-07-10T16:32:18.010000 53.031200000000005 40.17 16384
2025-07-10T16:32:19.010000 53.031200000000005 40.1875 16384
2025-07-10T16:32:20.010000 53.031200000000005 40.2 16384
2025-07-10T16:32:21.010000 53.061248 40.25 16384
2025-07-10T16:32:22.010000 53.032452000000006 40.25 16384
2025-07-10T16:32:23.010000 53.04627200000001 40.3325 16384
2025-07-10T16:32:24.010000 53.04690000000001 40.375 16384
2025-07-10T16:32:25.010000 53.03151400000001 40.38375 16384
2025-07-10T16:32:26.010000 53.046586000000005 40.4375 16384
2025-07-10T16:32:27.010000 53.04690000000001 40.4375 16384
2025-07-10T16:32:28.010000 53.04690000000001 40.47625 16384
2025-07-10T16:32:29.010000 53.04690000000001 40.5 16384
2025-07-10T16:32:30.010000 53.04690000000001 40.505 16384
2025-07-10T16:32:31.010000 53.03151400000001 40.5625 16384
2025-07-10T16:32:32.010000 53.031200000000005 40.5625 16384
2025-07-10T16:32:33.010000 53.061873999999996 40.59625 16384
2025-07-10T16:32:34.010000 53.047212 40.625 16384
2025-07-10T16:32:35.010000 53.04690000000001 40.625 16384
2025-07-10T16:32:36.011000 53.04690000000001 40.75 16384
2025-07-10T16:32:37.011000 53.04690000000001 40.75 16384
2025-07-10T16:32:38.010000 53.04690000000001 40.75 16384
2025-07-10T16:32:39.010000 53.061252 40.75 16384
2025-07-10T16:32:40.010000 53.033704 40.75 16384
2025-07-10T16:32:41.010000 53.045643999999996 40.8675 16384
2025-07-10T16:32:42.010000 53.04690000000001 40.875 16384
2025-07-10T16:32:43.010000 53.061564 40.875 16384
2025-07-10T16:32:44.010000 53.047836000000004 40.875 16384
2025-07-10T16:32:45.010000 53.061564 40.875 16384
2025-07-10T16:32:46.010000 53.0625 40.93 16384
2025-07-10T16:32:47.010000 53.0625 40.9375 16384
2025-07-10T16:32:48.010000 53.0625 40.96 16384
2025-07-10T16:32:49.010000 53.0625 41.0 16384
2025-07-10T16:32:50.010000 53.0625 41.0 16384
2025-07-10T16:32:51.010000 53.047836000000004 41.05 16385
2025-07-10T16:32:52.010000 53.061564 41.0625 16385
2025-07-10T16:32:53.010000 53.047523999999996 41.08 16385
2025-07-10T16:32:54.010000 53.04690000000001 41.125 16385
2025-07-10T16:32:55.010000 53.076852 41.125 16385
2025-07-10T16:32:56.010000 53.063123999999995 41.17 16385
2025-07-10T16:32:57.010000 53.0625 41.1875 16385
2025-07-10T16:32:58.010000 53.0625 41.2 16385
2025-07-10T16:32:59.010000 53.077476000000004 41.25 16385
2025-07-10T16:33:00.010000 53.048148 41.25 16385
2025-07-10T16:33:01.010000 53.061876000000005 41.29125 16385
2025-07-10T16:33:02.010000 53.077476000000004 41.3125 16385
2025-07-10T16:33:03.011000 53.07809999999999 41.3125 16385
2025-07-10T16:33:04.010000 53.07809999999999 41.3125 16385
2025-07-10T16:33:05.010000 53.062811999999994 41.3125 16385
2025-07-10T16:33:06.010000 53.0625 41.35 16385
2025-07-10T16:33:07.010000 53.0625 41.375 16385
2025-07-10T16:33:08.010000 53.0625 41.37625 16385
2025-07-10T16:33:09.010000 53.0625 41.4375 16385
2025-07-10T16:33:10.010000 53.0625 41.4375 16385
2025-07-10T16:33:11.010000 53.0625 41.4375 16385
2025-07-10T16:33:12.011000 53.047212 41.4375 16385
2025-07-10T16:33:13.010000 53.04690000000001 41.4375 16385
2025-07-10T16:33:14.010000 53.032456 41.49875 16385
2025-07-10T16:33:15.010000 53.045643999999996 41.5 16385
2025-07-10T16:33:16.010000 53.061252 41.5 16385
2025-07-10T16:33:17.010000 53.048148 41.5 16385
2025-07-10T16:33:18.011000 53.04690000000001 41.5 16385
2025-07-10T16:33:19.010000 53.04690000000001 41.55625 16385
2025-07-10T16:33:20.010000 53.04690000000001 41.5625 16385
2025-07-10T16:33:21.010000 53.04690000000001 41.5625 16385
2025-07-10T16:33:22.010000 53.04690000000001 41.5625 16385
2025-07-10T16:33:23.017000 53.032142 41.5625 16385
2025-07-10T16:33:24.010000 53.045958 41.61625 16385
2025-07-10T16:33:25.010000 53.01747799999999 41.625 16385
2025-07-10T16:33:26.010000 53.03026400000001 41.625 16385
2025-07-10T16:33:27.010000 53.045958 41.625 16385
2025-07-10T16:33:28.010000 53.04690000000001 41.625 16385
2025-07-10T16:33:29.010000 53.032142 41.625 16385
2025-07-10T16:33:30.010000 53.060622 41.625 16385
2025-07-10T16:33:31.010000 53.0625 41.625 16385
2025-07-10T16:33:32.010000 53.0625 41.625 16385
2025-07-10T16:33:33.010000 53.0625 41.625 16385
2025-07-10T16:33:34.010000 53.032452000000006 41.6725 16385
2025-07-10T16:33:35.010000 53.061248 41.6875 16385
2025-07-10T16:33:36.010000 53.047523999999996 41.6875 16385
2025-07-10T16:33:37.010000 53.061876000000005 41.6875 16385
2025-07-10T16:33:38.010000 53.0625 41.6875 16385
2025-07-10T16:33:39.011000 53.077476000000004 41.73 16385
2025-07-10T16:33:40.010000 53.048148 41.75 16385
2025-07-10T16:33:41.010000 53.062188000000006 41.73875 16385
2025-07-10T16:33:42.010000 53.047212 41.6875 16385
2025-07-10T16:33:43.010000 53.04690000000001 41.6875 16385
2025-07-10T16:33:44.010000 53.04690000000001 41.7275 16385
2025-07-10T16:33:45.010000 53.04690000000001 41.75 1
2025-07-10T16:33:46.011000 53.062188000000006 41.75 1
2025-07-10T16:33:47.010000 53.0625 41.75 16385
2025-07-10T16:33:48.010000 53.031826 41.75 16385
2025-07-10T16:33:49.010000 53.046586000000005 41.75 16385
2025-07-10T16:33:50.011000 53.062188000000006 41.75 16385
2025-07-10T16:33:51.010000 53.0625 41.75 16385
2025-07-10T16:33:52.010000 53.048148 41.75 1
2025-07-10T16:33:53.010000 53.061252 41.75 1
2025-07-10T16:33:54.010000 53.076852 41.7825 1
2025-07-10T16:33:55.010000 53.049395999999994 41.8125 1
2025-07-10T16:33:56.010000 53.04690000000001 41.8125 1
2025-07-10T16:33:57.010000 53.061564 41.75125 1
2025-07-10T16:33:58.010000 53.0625 41.75 1
2025-07-10T16:33:59.010000 53.033078 41.75 1
2025-07-10T16:34:00.010000 53.031200000000005 41.75 1
2025-07-10T16:34:01.010000 53.016535999999995 41.75 1
2025-07-10T16:34:02.010000 53.01559999999999 41.75 1
2025-07-10T16:34:03.010000 53.01559999999999 41.75 1
2025-07-10T16:34:04.010000 53.004602 41.75 1
2025-07-10T16:34:05.010000 53.014897999999995 41.75 1
2025-07-10T16:34:06.010000 53.004602 41.75 1
2025-07-10T16:34:07.010000 52.988924 41.75 1
2025-07-10T16:34:08.010000 53.003276 41.75 1
2025-07-10T16:34:09.010000 53.003899999999994 41.75 1
2025-07-10T16:34:10.010000 53.003899999999994 41.75 1
2025-07-10T16:34:11.010000 53.003899999999994 41.75 1
2025-07-10T16:34:12.010000 53.015131999999994 41.75 1
2025-07-10T16:34:13.010000 53.00436799999999 41.75 1
2025-07-10T16:34:14.012000 53.003899999999994 41.75 1
2025-07-10T16:34:15.010000 52.988924 41.75 1
2025-07-10T16:34:16.010000 53.003276 41.75 1
2025-07-10T16:34:17.010000 52.988611999999996 41.75 1
2025-07-10T16:34:18.010000 53.003276 41.75 1
2025-07-10T16:34:19.010000 53.01536599999999 41.75 1
2025-07-10T16:34:20.010000 53.01559999999999 41.75 1
2025-07-10T16:34:21.010000 53.00413399999999 41.75 1
2025-07-10T16:34:22.010000 53.003899999999994 41.75 1
2025-07-10T16:34:23.010000 53.003899999999994 41.75 1
2025-07-10T16:34:24.010000 52.988611999999996 41.73875 1
2025-07-10T16:34:25.010000 52.9883 41.6875 1
2025-07-10T16:34:26.010000 52.9883 41.6875 1
2025-07-10T16:34:27.010000 52.97301200000002 41.6875 1
2025-07-10T16:34:28.010000 52.987988 41.6875 1
2025-07-10T16:34:29.010000 52.9883 41.6875 1
2025-07-10T16:34:30.010000 52.9883 41.6875 1
2025-07-10T16:34:31.010000 53.002652 41.6875 1
2025-07-10T16:34:32.010000 52.98954799999999 41.6875 1
2025-07-10T16:34:33.010000 53.002652 41.6875 1
2025-07-10T16:34:34.010000 53.014663999999996 41.68375 1
2025-07-10T16:34:35.010000 52.989938 41.625 1
2025-07-10T16:34:36.010000 53.01396199999999 41.625 1
2025-07-10T16:34:37.010000 53.01559999999999 41.625 1
2025-07-10T16:34:38.010000 53.004602 41.625 1
2025-07-10T16:34:39.010000 53.003899999999994 41.625 1
2025-07-10T16:34:40.010000 53.014897999999995 41.625 1
2025-07-10T16:34:41.012000 53.004602 41.625 1
2025-07-10T16:34:42.010000 53.014897999999995 41.625 1
2025-07-10T16:34:43.010000 53.01559999999999 41.625 1
2025-07-10T16:34:44.010000 53.01559999999999 41.625 1
2025-07-10T16:34:45.010000 53.030576 41.625 1
2025-07-10T16:34:46.010000 53.031200000000005 41.625 1
2025-07-10T16:34:47.010000 53.016224 41.5975 1
2025-07-10T16:34:48.010000 53.01559999999999 41.5625 1
2025-07-10T16:34:49.010000 53.030576 41.5625 1
2025-07-10T16:34:50.010000 53.04627200000001 41.5625 1
2025-07-10T16:34:51.010000 53.031828000000004 41.5625 1
2025-07-10T16:34:52.010000 53.031200000000005 41.5625 1
2025-07-10T16:34:53.010000 53.031200000000005 41.5625 1
2025-07-10T16:34:54.010000 53.015911999999986 41.5625 1
2025-07-10T16:34:55.010000 53.030576 41.5625 1
2025-07-10T16:34:56.010000 53.031200000000005 41.5625 1
2025-07-10T16:34:57.010000 53.031200000000005 41.54375 1
2025-07-10T16:34:58.010000 53.046586000000005 41.5 1
2025-07-10T16:34:59.010000 53.03151400000001 41.5 1
2025-07-10T16:35:00.010000 53.046586000000005 41.5 1
2025-07-10T16:35:01.013000 53.03151400000001 41.5 1
2025-07-10T16:35:02.010000 53.031200000000005 41.4875 1
2025-07-10T16:35:03.010000 53.031200000000005 41.4375 1
2025-07-10T16:35:04.010000 53.046586000000005 41.4375 1
2025-07-10T16:35:05.010000 53.04690000000001 41.4375 1
2025-07-10T16:35:06.010000 53.04690000000001 41.4375 1
2025-07-10T16:35:07.011000 53.031200000000005 41.4375 1
2025-07-10T16:35:08.011000 53.01684799999999 41.4375 1
2025-07-10T16:35:09.010000 53.029952 41.4375 1
2025-07-10T16:35:10.010000 53.031200000000005 41.4375 1
2025-07-10T16:35:11.010000 53.016535999999995 41.4375 1
2025-07-10T16:35:12.010000 53.03026400000001 41.43625 1
2025-07-10T16:35:13.010000 53.031200000000005 41.375 1
2025-07-10T16:35:14.010000 53.031200000000005 41.375 1
2025-07-10T16:35:15.010000 53.016535999999995 41.375 1
2025-07-10T16:35:16.010000 53.004602 41.375 1
2025-07-10T16:35:17.010000 53.044320000000006 41.375 1
2025-07-10T16:35:18.010000 53.01747799999999 41.375 1
2025-07-10T16:35:19.010000 53.01559999999999 41.375 1
2025-07-10T16:35:20.010000 53.004602 41.3475 1
2025-07-10T16:35:21.010000 53.015131999999994 41.3125 1
2025-07-10T16:35:22.010000 53.01559999999999 41.3125 1
2025-07-10T16:35:23.010000 53.01559999999999 41.3125 1
2025-07-10T16:35:24.010000 53.00436799999999 41.3125 1
2025-07-10T16:35:25.010000 53.015131999999994 41.3125 1
2025-07-10T16:35:26.010000 53.01559999999999 41.3125 1
2025-07-10T16:35:27.010000 53.030576 41.3125 1
2025-07-10T16:35:28.011000 53.031200000000005 41.25875 1
2025-07-10T16:35:29.010000 53.016224 41.25 1
2025-07-10T16:35:30.010000 53.01559999999999 41.25 1
2025-07-10T16:35:31.010000 53.01559999999999 41.25 1
2025-07-10T16:35:32.010000 53.046274 41.25 1
2025-07-10T16:35:33.010000 53.00476 41.25 1
2025-07-10T16:35:34.010000 53.030654000000006 41.25 1
2025-07-10T16:35:35.010000 53.031200000000005 41.2325 1
2025-07-10T16:35:36.010000 53.015911999999986 41.1875 1
2025-07-10T16:35:37.010000 53.030888 41.1875 1
2025-07-10T16:35:38.010000 53.046586000000005 41.1875 1
2025-07-10T16:35:39.011000 53.03151400000001 41.1875 1
2025-07-10T16:35:40.010000 53.031200000000005 41.1875 1
2025-07-10T16:35:41.010000 53.04690000000001 41.1875 1
2025-07-10T16:35:42.010000 53.04690000000001 41.1875 1
2025-07-10T16:35:43.010000 53.031200000000005 41.145 1
2025-07-10T16:35:44.010000 53.04690000000001 41.125 1
2025-07-10T16:35:45.010000 53.04690000000001 41.125 1
2025-07-10T16:35:46.010000 53.04690000000001 41.125 1
2025-07-10T16:35:47.010000 53.04690000000001 41.125 1
2025-07-10T16:35:48.010000 53.04690000000001 41.125 1
2025-07-10T16:35:49.010000 53.04690000000001 41.125 1
2025-07-10T16:35:50.010000 53.04690000000001 41.125 1
2025-07-10T16:35:51.010000 53.04690000000001 41.125 1
2025-07-10T16:35:52.010000 53.04690000000001 41.125 1
2025-07-10T16:35:53.010000 53.04690000000001 41.09 1
2025-07-10T16:35:54.010000 53.061564 41.0625 1
2025-07-10T16:35:55.010000 53.047836000000004 41.0625 1
2025-07-10T16:35:56.010000 53.061564 41.0625 1
2025-07-10T16:35:57.010000 53.047836000000004 41.0625 1
2025-07-10T16:35:58.010000 53.04690000000001 41.0625 1
2025-07-10T16:35:59.010000 53.04690000000001 41.0625 1
2025-07-10T16:36:00.012000 53.076852 41.0625 1
2025-07-10T16:36:01.010000 53.063123999999995 41.00125 1
2025-07-10T16:36:02.010000 53.0625 41.0 0
2025-07-10T16:36:03.010000 53.077476000000004 41.0 0
2025-07-10T16:36:04.010000 53.07809999999999 41.0 0
2025-07-10T16:36:05.010000 53.063123999999995 41.0 0
2025-07-10T16:36:06.010000 53.077476000000004 41.0 0
2025-07-10T16:36:07.010000 53.07809999999999 41.0 0
2025-07-10T16:36:08.010000 53.062811999999994 40.97625 0
2025-07-10T16:36:09.010000 53.0625 40.9375 0
2025-07-10T16:36:10.010000 53.0625 40.9375 0
2025-07-10T16:36:11.010000 53.077788 40.9375 0
2025-07-10T16:36:12.010000 53.062811999999994 40.9375 0
2025-07-10T16:36:13.010000 53.077788 40.9375 0
2025-07-10T16:36:14.010000 53.09348599999999 40.9375 0
2025-07-10T16:36:15.010000 53.063126000000004 40.9375 0
2025-07-10T16:36:16.010000 53.0625 40.89 0
2025-07-10T16:36:17.010000 53.04690000000001 40.875 0
2025-07-10T16:36:18.010000 53.077476000000004 40.875 0
2025-07-10T16:36:19.010000 53.0625 40.875 0
2025-07-10T16:36:20.010000 53.07809999999999 40.875 0
2025-07-10T16:36:21.010000 53.0625 40.875 0
2025-07-10T16:36:22.010000 53.07809999999999 40.875 0
2025-07-10T16:36:23.011000 53.0625 40.875 0
2025-07-10T16:36:24.010000 53.077163999999996 40.875 0
2025-07-10T16:36:25.010000 53.07809999999999 40.875 0
2025-07-10T16:36:26.010000 53.092858 40.83375 0
2025-07-10T16:36:27.010000 53.064378 40.8125 0
2025-07-10T16:36:28.010000 53.077163999999996 40.8125 0
2025-07-10T16:36:29.010000 53.063436 40.8125 0
2025-07-10T16:36:30.010000 53.077163999999996 40.8125 0
2025-07-10T16:36:31.010000 53.063436 40.8125 0
2025-07-10T16:36:32.011000 53.0625 40.8125 0
2025-07-10T16:36:33.010000 53.077163999999996 40.80875 0
2025-07-10T16:36:34.010000 53.063123999999995 40.75 0
2025-07-10T16:36:35.010000 53.077476000000004 40.75 0
2025-07-10T16:36:36.010000 53.07809999999999 40.75 0
2025-07-10T16:36:37.010000 53.07809999999999 40.75 0
2025-07-10T16:36:38.011000 53.07809999999999 40.75 0
2025-07-10T16:36:39.010000 53.07809999999999 40.75 0
2025-07-10T16:36:40.010000 53.07809999999999 40.75 0
2025-07-10T16:36:41.010000 53.063123999999995 40.75 0
2025-07-10T16:36:42.010000 53.077476000000004 40.75 0
2025-07-10T16:36:43.010000 53.09348599999999 40.75 0
2025-07-10T16:36:44.010000 53.109088000000014 40.69125 0
2025-07-10T16:36:45.010000 53.09473599999999 40.6875 0
2025-07-10T16:36:46.010000 53.078413999999995 40.6875 0
2025-07-10T16:36:47.010000 53.09348599999999 40.6875 0
2025-07-10T16:36:48.010000 53.093799999999995 40.6875 0
2025-07-10T16:36:49.010000 53.063126000000004 40.6875 0
2025-07-10T16:36:50.010000 53.047212 40.6875 0
2025-07-10T16:36:51.010000 53.04690000000001 40.665 0
2025-07-10T16:36:52.010000 53.077476000000004 40.625 0
2025-07-10T16:36:53.010000 53.062811999999994 40.625 0
2025-07-10T16:36:54.010000 53.0625 40.625 0
2025-07-10T16:36:55.011000 53.07809999999999 40.625 0
2025-07-10T16:36:56.013000 53.07809999999999 40.625 0
2025-07-10T16:36:57.010000 53.0625 40.625 0
2025-07-10T16:36:58.010000 53.0625 40.625 0
2025-07-10T16:36:59.011000 53.07809999999999 40.625 0
2025-07-10T16:37:00.010000 53.07809999999999 40.625 0
2025-07-10T16:37:01.010000 53.0625 40.6075 0
2025-07-10T16:37:02.010000 53.07809999999999 40.5625 0
2025-07-10T16:37:03.010000 53.063436 40.5625 0
2025-07-10T16:37:04.010000 53.077163999999996 40.5625 0
2025-07-10T16:37:05.010000 53.07809999999999 40.5625 0
2025-07-10T16:37:06.010000 53.07809999999999 40.5625 0
2025-07-10T16:37:07.010000 53.063436 40.5625 0
2025-07-10T16:37:08.010000 53.0625 40.5625 0
2025-07-10T16:37:09.010000 53.0625 40.51875 0
2025-07-10T16:37:10.010000 53.077476000000004 40.5 0
2025-07-10T16:37:11.010000 53.063436 40.5 0
2025-07-10T16:37:12.010000 53.077476000000004 40.5 0
2025-07-10T16:37:13.010000 53.07809999999999 40.5 0
2025-07-10T16:37:14.010000 53.063123999999995 40.5 0
2025-07-10T16:37:15.010000 53.077476000000004 40.5 0
2025-07-10T16:37:16.010000 53.063123999999995 40.5 0
2025-07-10T16:37:17.010000 53.0625 40.5 0
2025-07-10T16:37:18.010000 53.077476000000004 40.5 0
2025-07-10T16:37:19.010000 53.07809999999999 40.46375 0
2025-07-10T16:37:20.010000 53.09348599999999 40.4375 0
2025-07-10T16:37:21.010000 53.078413999999995 40.4375 0
2025-07-10T16:37:22.010000 53.09348599999999 40.4375 0
2025-07-10T16:37:23.011000 53.093799999999995 40.4375 0
2025-07-10T16:37:24.010000 53.109088000000014 40.40375 0
2025-07-10T16:37:25.010000 53.094112 40.375 0
2025-07-10T16:37:26.010000 53.109088000000014 40.375 0
2025-07-10T16:37:27.010000 53.10940000000001 40.375 0
2025-07-10T16:37:28.010000 53.10940000000001 40.375 0
2025-07-10T16:37:29.010000 53.094112 40.375 0
2025-07-10T16:37:30.010000 53.12055400000001 40.375 0
2025-07-10T16:37:31.010000 53.094345999999994 40.375 0
2025-07-10T16:37:32.011000 53.093799999999995 40.375 0
2025-07-10T16:37:33.010000 53.10940000000001 40.375 0
2025-07-10T16:37:34.010000 53.10940000000001 40.375 0
2025-07-10T16:37:35.010000 53.10940000000001 40.375 0
2025-07-10T16:37:36.010000 53.093799999999995 40.375 0
2025-07-10T16:37:37.010000 53.121100000000006 40.32375 0
2025-07-10T16:37:38.010000 53.10940000000001 40.3125 0
2025-07-10T16:37:39.010000 53.10940000000001 40.3125 0
2025-07-10T16:37:40.010000 53.10940000000001 40.3125 0
2025-07-10T16:37:41.010000 53.10940000000001 40.3125 0
2025-07-10T16:37:42.010000 53.120398 40.3125 0
2025-07-10T16:37:43.010000 53.095437999999994 40.3125 0
2025-07-10T16:37:44.010000 53.108464000000005 40.29875 0
2025-07-10T16:37:45.010000 53.120398 40.25 0
2025-07-10T16:37:46.010000 53.110102000000005 40.25 0
2025-07-10T16:37:47.011000 53.10940000000001 40.25 0
2025-07-10T16:37:48.010000 53.10940000000001 40.25 0
2025-07-10T16:37:49.010000 53.10940000000001 40.25 0
2025-07-10T16:37:50.010000 53.12063200000001 40.25 0
2025-07-10T16:37:51.010000 53.121100000000006 40.25 0
2025-07-10T16:37:52.010000 53.121100000000006 40.25 0
2025-07-10T16:37:53.010000 53.136076 40.25 0
2025-07-10T16:37:54.010000 53.1367 40.245 0
2025-07-10T16:37:55.010000 53.121724 40.1875 0
2025-07-10T16:37:56.010000 53.136076 40.1875 0
2025-07-10T16:37:57.010000 53.1367 40.1875 0
2025-07-10T16:37:58.010000 53.15198799999998 40.1875 0
2025-07-10T16:37:59.010000 53.121724 40.1875 0
2025-07-10T16:38:00.010000 53.121100000000006 40.1875 0
2025-07-10T16:38:01.010000 53.15105199999999 40.1875 0
2025-07-10T16:38:02.010000 53.137012 40.1575 0
2025-07-10T16:38:03.010000 53.15198799999998 40.125 0
2025-07-10T16:38:04.010000 53.15229999999999 40.125 0
2025-07-10T16:38:05.010000 53.15229999999999 40.125 0
2025-07-10T16:38:06.010000 53.167685999999996 40.125 0
2025-07-10T16:38:07.010000 53.12203800000001 40.125 0
2025-07-10T16:38:08.010000 53.15229999999999 40.125 0
2025-07-10T16:38:09.010000 53.1367 40.125 0
2025-07-10T16:38:10.010000 53.15229999999999 40.125 0
2025-07-10T16:38:11.010000 53.15229999999999 40.125 0
2025-07-10T16:38:12.010000 53.15229999999999 40.125 0
2025-07-10T16:38:13.010000 53.16799999999999 40.125 0
2025-07-10T16:38:14.010000 53.15229999999999 40.125 0
2025-07-10T16:38:15.010000 53.16799999999999 40.125 0
2025-07-10T16:38:16.010000 53.15229999999999 40.125 0
2025-07-10T16:38:17.010000 53.16799999999999 40.105 0
2025-07-10T16:38:18.010000 53.16799999999999 40.0625 0
2025-07-10T16:38:19.010000 53.15324199999999 40.0625 0
2025-07-10T16:38:20.010000 53.18172200000001 40.0625 0
2025-07-10T16:38:21.010000 53.154177999999995 40.0625 0
2025-07-10T16:38:22.010000 53.167058 40.0625 0
2025-07-10T16:38:23.010000 53.15324199999999 40.0625 0
2025-07-10T16:38:24.010000 53.15229999999999 40.0625 0
2025-07-10T16:38:25.010000 53.137636 40.01875 0
2025-07-10T16:38:26.010000 53.1367 40.0 0
2025-07-10T16:38:27.010000 53.1367 40.0 0
2025-07-10T16:38:28.010000 53.166748 40.0 0
2025-07-10T16:38:29.010000 53.137952000000006 40.0 0
2025-07-10T16:38:30.010000 53.15167599999999 40.0 0
2025-07-10T16:38:31.010000 53.16737199999999 40.0 0
2025-07-10T16:38:32.010000 53.152927999999996 40.0 0
2025-07-10T16:38:33.010000 53.15229999999999 40.0 0
2025-07-10T16:38:34.010000 53.137324 40.0 0
2025-07-10T16:38:35.010000 53.15167599999999 40.0 0
2025-07-10T16:38:36.010000 53.16737199999999 40.0 0
2025-07-10T16:38:37.010000 53.16799999999999 39.995 0
2025-07-10T16:38:38.011000 53.152613999999986 39.9375 0
2025-07-10T16:38:39.010000 53.182974 39.9375 0
2025-07-10T16:38:40.010000 53.16831200000001 39.9375 0
2025-07-10T16:38:41.010000 53.16799999999999 39.9375 0
2025-07-10T16:38:42.010000 53.16799999999999 39.9375 0
2025-07-10T16:38:43.010000 53.152613999999986 39.9375 0
2025-07-10T16:38:44.010000 53.182974 39.9375 0
2025-07-10T16:38:45.010000 53.16831200000001 39.9075 0
2025-07-10T16:38:46.010000 53.16799999999999 39.875 0
2025-07-10T16:38:47.010000 53.16799999999999 39.875 0
2025-07-10T16:38:48.010000 53.15229999999999 39.875 0
2025-07-10T16:38:49.010000 53.1367 39.875 0
2025-07-10T16:38:50.010000 53.16799999999999 39.875 0
2025-07-10T16:38:51.010000 53.15229999999999 39.875 0
2025-07-10T16:38:52.010000 53.15229999999999 39.875 0
2025-07-10T16:38:53.010000 53.1367 39.875 0
2025-07-10T16:38:54.010000 53.15229999999999 39.875 0
2025-07-10T16:38:55.010000 53.16799999999999 39.875 0
2025-07-10T16:38:56.010000 53.15229999999999 39.875 0
2025-07-10T16:38:57.010000 53.15229999999999 39.875 0
2025-07-10T16:38:58.010000 53.167058 39.82375 0
2025-07-10T16:38:59.010000 53.16799999999999 39.8125 0
2025-07-10T16:39:00.010000 53.15324199999999 39.8125 0
2025-07-10T16:39:01.010000 53.167058 39.8125 0
2025-07-10T16:39:02.010000 53.138577999999995 39.8125 0
2025-07-10T16:39:03.010000 53.166121999999994 39.8125 0
2025-07-10T16:39:04.010000 53.152927999999996 39.8125 0
2025-07-10T16:39:05.010000 53.137324 39.8125 0
2025-07-10T16:39:06.010000 53.121724 39.8125 0
2025-07-10T16:39:07.010000 53.15105199999999 39.8125 0
2025-07-10T16:39:08.010000 53.15229999999999 39.76875 0
2025-07-10T16:39:09.010000 53.137324 39.75 0
2025-07-10T16:39:10.010000 53.1367 39.75 0
2025-07-10T16:39:11.010000 53.15167599999999 39.75 0
2025-07-10T16:39:12.010000 53.122348 39.75 0
2025-07-10T16:39:13.010000 53.15105199999999 39.75 0
2025-07-10T16:39:14.010000 53.167685999999996 39.75 0
2025-07-10T16:39:15.010000 53.16799999999999 39.75 0
2025-07-10T16:39:16.010000 53.152613999999986 39.75 0
2025-07-10T16:39:17.010000 53.167685999999996 39.75 0
2025-07-10T16:39:18.010000 53.16799999999999 39.75 0
2025-07-10T16:39:19.010000 53.16799999999999 39.75 0
2025-07-10T16:39:20.010000 53.16799999999999 39.745 0
2025-07-10T16:39:21.010000 53.18328800000001 39.6875 0
2025-07-10T16:39:22.010000 53.183600000000006 39.6875 0
2025-07-10T16:39:23.010000 53.16831200000001 39.6875 0
2025-07-10T16:39:24.010000 53.16799999999999 39.6875 0
2025-07-10T16:39:25.010000 53.16799999999999 39.6875 0
2025-07-10T16:39:26.010000 53.16799999999999 39.625 0
2025-07-10T16:39:27.010000 53.15229999999999 39.625 0
2025-07-10T16:39:28.010000 53.16799999999999 39.655 0
2025-07-10T16:39:29.010000 53.15229999999999 39.6875 0
2025-07-10T16:39:30.010000 53.16799999999999 39.6875 0
2025-07-10T16:39:31.010000 53.16799999999999 39.6275 0
2025-07-10T16:39:32.010000 53.16799999999999 39.625 0
2025-07-10T16:39:33.010000 53.183600000000006 39.625 0
2025-07-10T16:39:34.010000 53.183600000000006 39.625 0
2025-07-10T16:39:35.010000 53.168935999999995 39.625 0
2025-07-10T16:39:36.010000 53.182664 39.625 0
2025-07-10T16:39:37.011000 53.183600000000006 39.625 0
2025-07-10T16:39:38.010000 53.198264 39.625 0
2025-07-10T16:39:39.010000 53.18453600000001 39.625 0
2025-07-10T16:39:40.010000 53.198264 39.625 0
2025-07-10T16:39:41.010000 53.213863999999994 39.5725 0
2025-07-10T16:39:42.010000 53.184848 39.5625 0
2025-07-10T16:39:43.014000 53.168624 39.5625 0
2025-07-10T16:39:44.010000 53.182976 39.5625 0
2025-07-10T16:39:45.010000 53.198576 39.5625 0
2025-07-10T16:39:46.010000 53.1992 39.5625 0
2025-07-10T16:39:47.010000 53.1992 39.5625 0
2025-07-10T16:39:48.010000 53.184224 39.54625 0
2025-07-10T16:39:49.010000 53.198576 39.5 0
2025-07-10T16:39:50.010000 53.21417599999999 39.5 0
2025-07-10T16:39:51.010000 53.199824 39.5 0
2025-07-10T16:39:52.010000 53.183912 39.5 0
2025-07-10T16:39:53.010000 53.21417599999999 39.5 0
2025-07-10T16:39:54.010000 53.199512 39.5 0
2025-07-10T16:39:55.010000 53.21448799999998 39.5 0
2025-07-10T16:39:56.010000 53.21479999999999 39.5 0
2025-07-10T16:39:57.010000 53.230185999999996 39.5 0
2025-07-10T16:39:58.010000 53.199826 39.5 0
2025-07-10T16:39:59.010000 53.21448799999998 39.5 0
2025-07-10T16:40:00.010000 53.230185999999996 39.5 0
2025-07-10T16:40:01.010000 53.23049999999999 39.46125 0
2025-07-10T16:40:02.010000 53.21479999999999 39.4375 0
2025-07-10T16:40:03.010000 53.21479999999999 39.4375 0
2025-07-10T16:40:04.010000 53.23049999999999 39.4375 0
2025-07-10T16:40:05.010000 53.21479999999999 39.4375 0
2025-07-10T16:40:06.010000 53.23049999999999 39.4375 0
2025-07-10T16:40:07.010000 53.21479999999999 39.4375 0
2025-07-10T16:40:08.010000 53.23049999999999 39.4375 0
2025-07-10T16:40:09.011000 53.24220000000001 39.4375 0
2025-07-10T16:40:10.010000 53.23049999999999 39.4375 0
2025-07-10T16:40:11.010000 53.23049999999999 39.4375 0
2025-07-10T16:40:12.011000 53.23049999999999 39.4375 0
2025-07-10T16:40:13.010000 53.23049999999999 39.4375 0
2025-07-10T16:40:14.010000 53.21574199999999 39.3775 0
2025-07-10T16:40:15.010000 53.21479999999999 39.375 0
2025-07-10T16:40:16.010000 53.229558 39.375 0
2025-07-10T16:40:17.010000 53.23049999999999 39.375 0
2025-07-10T16:40:18.010000 53.23049999999999 39.375 0
2025-07-10T16:40:19.010000 53.23049999999999 39.375 0
2025-07-10T16:40:20.010000 53.215427999999996 39.375 0
2025-07-10T16:40:21.010000 53.22987199999999 39.375 0
2025-07-10T16:40:22.010000 53.21574199999999 39.375 0
2025-07-10T16:40:23.010000 53.22987199999999 39.375 0
2025-07-10T16:40:24.010000 53.215427999999996 39.32125 0
2025-07-10T16:40:25.010000 53.21479999999999 39.3125 0
2025-07-10T16:40:26.011000 53.21479999999999 39.3125 0
2025-07-10T16:40:27.011000 53.21479999999999 39.3125 0
2025-07-10T16:40:28.010000 53.21479999999999 39.3125 0
2025-07-10T16:40:29.010000 53.22987199999999 39.3125 0
2025-07-10T16:40:30.010000 53.23049999999999 39.3125 0
2025-07-10T16:40:31.010000 53.215113999999986 39.295 0
2025-07-10T16:40:32.010000 53.21479999999999 39.25 0
2025-07-10T16:40:33.010000 53.230185999999996 39.25 0
2025-07-10T16:40:34.010000 53.23049999999999 39.25 0
2025-07-10T16:40:35.010000 53.23049999999999 39.25 0
2025-07-10T16:40:36.010000 53.23049999999999 39.25 0
2025-07-10T16:40:37.010000 53.23049999999999 39.25 0
2025-07-10T16:40:38.011000 53.23049999999999 39.25 0
2025-07-10T16:40:39.010000 53.23049999999999 39.25 0
2025-07-10T16:40:40.010000 53.24220000000001 39.25 0
2025-07-10T16:40:41.010000 53.23049999999999 39.25 0
2025-07-10T16:40:42.010000 53.23049999999999 39.25 0
2025-07-10T16:40:43.010000 53.24220000000001 39.25 0
2025-07-10T16:40:44.010000 53.24220000000001 39.25 0
2025-07-10T16:40:45.010000 53.21479999999999 39.25 0
2025-07-10T16:40:46.010000 53.24220000000001 39.24375 0
2025-07-10T16:40:47.010000 53.25779999999999 39.1875 0
2025-07-10T16:40:48.010000 53.25779999999999 39.1875 0
2025-07-10T16:40:49.012000 53.24220000000001 39.1875 0
2025-07-10T16:40:50.010000 53.257487999999995 39.1875 0
2025-07-10T16:40:51.010000 53.24220000000001 39.1875 0
2025-07-10T16:40:52.010000 53.24220000000001 39.1875 0
2025-07-10T16:40:53.010000 53.231201999999996 39.1875 0
2025-07-10T16:40:54.010000 53.23049999999999 39.1875 0
2025-07-10T16:40:55.010000 53.24149800000001 39.1875 0
2025-07-10T16:40:56.010000 53.24220000000001 39.1875 0
2025-07-10T16:40:57.010000 53.23096799999999 39.125 0
2025-07-10T16:40:58.010000 53.24173200000001 39.125 0
2025-07-10T16:40:59.010000 53.24220000000001 39.125 0
2025-07-10T16:41:00.010000 53.23096799999999 39.125 0
2025-07-10T16:41:01.010000 53.24173200000001 39.125 0
2025-07-10T16:41:02.010000 53.23096799999999 39.125 0
2025-07-10T16:41:03.011000 53.256707999999996 39.125 0
2025-07-10T16:41:04.010000 53.231592 39.125 0
2025-07-10T16:41:05.010000 53.24196600000001 39.125 0
2025-07-10T16:41:06.011000 53.257487999999995 39.125 0
2025-07-10T16:41:07.010000 53.242512000000005 39.125 0
2025-07-10T16:41:08.010000 53.257487999999995 39.125 0
2025-07-10T16:41:09.010000 53.242512000000005 39.125 0
2025-07-10T16:41:10.010000 53.257487999999995 39.125 0
2025-07-10T16:41:11.010000 53.242512000000005 39.125 0
2025-07-10T16:41:12.011000 53.24220000000001 39.0725 0
2025-07-10T16:41:13.010000 53.257487999999995 39.0625 0
2025-07-10T16:41:14.010000 53.242512000000005 39.0625 0
2025-07-10T16:41:15.010000 53.257487999999995 39.0625 0
2025-07-10T16:41:16.010000 53.25779999999999 39.0625 0
2025-07-10T16:41:17.010000 53.25779999999999 39.0625 0
2025-07-10T16:41:18.010000 53.24220000000001 39.0625 0
2025-07-10T16:41:19.010000 53.2734 39.0625 0
2025-07-10T16:41:20.010000 53.2734 39.0625 0
2025-07-10T16:41:21.010000 53.25779999999999 39.0625 0
2025-07-10T16:41:22.010000 53.25779999999999 39.0625 0
2025-07-10T16:41:23.010000 53.2734 39.0625 0
2025-07-10T16:41:24.010000 53.24220000000001 39.04875 0
2025-07-10T16:41:25.010000 53.25779999999999 39.0 0
2025-07-10T16:41:26.010000 53.273088 39.0 0
2025-07-10T16:41:27.010000 53.25811199999999 39.0 0
2025-07-10T16:41:28.010000 53.273088 39.0 0
2025-07-10T16:41:29.010000 53.25779999999999 39.0 0
2025-07-10T16:41:30.010000 53.25779999999999 39.0 0
2025-07-10T16:41:31.010000 53.272464 39.0 0
2025-07-10T16:41:32.010000 53.2734 39.0 0
2025-07-10T16:41:33.010000 53.288472 39.0 0
2025-07-10T16:41:34.010000 53.2891 39.0 0
2025-07-10T16:41:35.010000 53.274028 39.0 0
2025-07-10T16:41:36.010000 53.2734 39.0 0
2025-07-10T16:41:37.010000 53.2734 38.9625 2
2025-07-10T16:41:38.010000 53.258424 38.9375 2
2025-07-10T16:41:39.010000 53.25779999999999 38.9375 2
2025-07-10T16:41:40.010000 53.287848000000004 38.9375 2
2025-07-10T16:41:41.010000 53.2891 38.9375 2
2025-07-10T16:41:42.010000 53.2891 38.9375 2
2025-07-10T16:41:43.010000 53.2891 38.9375 2
2025-07-10T16:41:44.010000 53.2891 38.9375 2
2025-07-10T16:41:45.010000 53.30438800000001 38.875 2
2025-07-10T16:41:46.010000 53.27402599999999 38.875 2
2025-07-10T16:41:47.010000 53.288786 38.875 2
2025-07-10T16:41:48.010000 53.2891 38.875 2
2025-07-10T16:41:49.010000 53.2891 38.875 2
2025-07-10T16:41:50.015000 53.30438800000001 38.875 2
2025-07-10T16:41:51.010000 53.289412 38.875 2
2025-07-10T16:41:52.010000 53.30470000000001 38.875 2
2025-07-10T16:41:53.010000 53.2734 38.875 2
2025-07-10T16:41:54.012000 53.288786 38.875 2
2025-07-10T16:41:55.011000 53.2891 38.875 2
2025-07-10T16:41:56.010000 53.2891 38.875 2
2025-07-10T16:41:57.010000 53.2891 38.875 2
2025-07-10T16:41:58.010000 53.2734 38.875 2
2025-07-10T16:41:59.010000 53.30470000000001 38.875 2
2025-07-10T16:42:00.010000 53.2891 38.875 2
2025-07-10T16:42:01.010000 53.30470000000001 38.875 2
2025-07-10T16:42:02.010000 53.2891 38.85625 2
2025-07-10T16:42:03.010000 53.2891 38.8125 2
2025-07-10T16:42:04.010000 53.288786 38.8125 2
2025-07-10T16:42:05.010000 53.273714 38.8125 2
2025-07-10T16:42:06.010000 53.288786 38.8125 2
2025-07-10T16:42:07.010000 53.2734 38.8125 2
2025-07-10T16:42:08.010000 53.2734 38.8125 2
2025-07-10T16:42:09.010000 53.2734 38.8125 2
2025-07-10T16:42:10.010000 53.288472 38.8125 2
2025-07-10T16:42:11.010000 53.25905199999999 38.8125 2
2025-07-10T16:42:12.011000 53.27277599999999 38.8 2
2025-07-10T16:42:13.010000 53.2734 38.75 2
2025-07-10T16:42:14.010000 53.2734 38.75 2
2025-07-10T16:42:15.010000 53.258424 38.75 2
2025-07-10T16:42:16.010000 53.27277599999999 38.75 2
2025-07-10T16:42:17.010000 53.258424 38.75 2
2025-07-10T16:42:18.010000 53.25779999999999 38.75 2
2025-07-10T16:42:19.010000 53.27277599999999 38.75 2
2025-07-10T16:42:20.010000 53.2734 38.75 2
2025-07-10T16:42:21.010000 53.288786 38.75 2
2025-07-10T16:42:22.010000 53.273714 38.75 2
2025-07-10T16:42:23.010000 53.25811199999999 38.75 2
2025-07-10T16:42:24.010000 53.273088 38.75 2
2025-07-10T16:42:25.010000 53.288786 38.71625 2
2025-07-10T16:42:26.010000 53.2891 38.6875 2
2025-07-10T16:42:27.010000 53.2891 38.6875 2
2025-07-10T16:42:28.010000 53.2891 38.6875 2
2025-07-10T16:42:29.010000 53.2891 38.6875 2
2025-07-10T16:42:30.010000 53.2891 38.6875 2
2025-07-10T16:42:31.010000 53.2891 38.6875 2
2025-07-10T16:42:32.010000 53.2891 38.6875 2
2025-07-10T16:42:33.010000 53.2734 38.6875 2
2025-07-10T16:42:34.012000 53.30470000000001 38.6875 2
2025-07-10T16:42:35.010000 53.2891 38.6875 2
2025-07-10T16:42:36.010000 53.2891 38.6875 2
2025-07-10T16:42:37.010000 53.30470000000001 38.6875 2
2025-07-10T16:42:38.010000 53.319987999999995 38.6325 2
2025-07-10T16:42:39.010000 53.30438800000001 38.625 2
2025-07-10T16:42:40.010000 53.289412 38.625 2
2025-07-10T16:42:41.010000 53.30470000000001 38.625 2
2025-07-10T16:42:42.010000 53.305012000000005 38.625 2
2025-07-10T16:42:43.010000 53.319987999999995 38.625 2
2025-07-10T16:42:44.010000 53.305012000000005 38.625 2
2025-07-10T16:42:45.010000 53.32029999999999 38.625 2
2025-07-10T16:42:46.010000 53.30563600000001 38.625 2
2025-07-10T16:42:47.010000 53.30470000000001 38.625 2
2025-07-10T16:42:48.010000 53.30470000000001 38.5775 2
2025-07-10T16:42:49.010000 53.319676 38.5625 2
2025-07-10T16:42:50.010000 53.32029999999999 38.5625 2
2025-07-10T16:42:51.010000 53.32029999999999 38.5625 2
2025-07-10T16:42:52.010000 53.305324 38.5625 2
2025-07-10T16:42:53.010000 53.28972400000001 38.5625 2
2025-07-10T16:42:54.010000 53.304076 38.5625 2
2025-07-10T16:42:55.010000 53.30470000000001 38.5625 2
2025-07-10T16:42:56.010000 53.319987999999995 38.5625 2
2025-07-10T16:42:57.010000 53.33527599999999 38.5625 2
2025-07-10T16:42:58.010000 53.30532400000001 38.5625 2
2025-07-10T16:42:59.010000 53.319987999999995 38.5625 2
2025-07-10T16:43:00.010000 53.305012000000005 38.5625 2
2025-07-10T16:43:01.010000 53.319987999999995 38.5625 2
2025-07-10T16:43:02.010000 53.32029999999999 38.5625 2
2025-07-10T16:43:03.010000 53.32029999999999 38.5275 2
2025-07-10T16:43:04.010000 53.335588 38.5 2
2025-07-10T16:43:05.010000 53.32061199999999 38.5 2
2025-07-10T16:43:06.010000 53.32029999999999 38.5 2
2025-07-10T16:43:07.010000 53.32029999999999 38.5 2
2025-07-10T16:43:08.010000 53.3359 38.5 2
2025-07-10T16:43:09.010000 53.3359 38.5 2
2025-07-10T16:43:10.010000 53.3359 38.5 2
2025-07-10T16:43:11.010000 53.3359 38.5 2
2025-07-10T16:43:12.010000 53.3359 38.5 2
2025-07-10T16:43:13.010000 53.34770000000001 38.5 2
2025-07-10T16:43:14.010000 53.32029999999999 38.5 2
2025-07-10T16:43:15.010000 53.336136 38.5 2
2025-07-10T16:43:16.010000 53.347152000000015 38.445 2
2025-07-10T16:43:17.011000 53.32029999999999 38.4375 2
2025-07-10T16:43:18.010000 53.32029999999999 38.46 2
2025-07-10T16:43:19.010000 53.32061199999999 38.5 2
2025-07-10T16:43:20.010000 53.335588 38.5 2
2025-07-10T16:43:21.010000 53.32029999999999 38.4475 2
2025-07-10T16:43:22.010000 53.32029999999999 38.4375 2
2025-07-10T16:43:23.010000 53.32029999999999 38.4375 2
2025-07-10T16:43:24.010000 53.346604000000006 38.4375 2
2025-07-10T16:43:25.010000 53.34770000000001 38.4375 2
2025-07-10T16:43:26.010000 53.34770000000001 38.4375 2
2025-07-10T16:43:27.010000 53.32139599999999 38.4375 2
2025-07-10T16:43:28.010000 53.33527599999999 38.4375 2
2025-07-10T16:43:29.010000 53.3359 38.4375 2
2025-07-10T16:43:30.010000 53.3359 38.4375 2
2025-07-10T16:43:31.010000 53.347464000000016 38.39125 2
2025-07-10T16:43:32.010000 53.336135999999996 38.375 2
2025-07-10T16:43:33.010000 53.347464000000016 38.375 2
2025-07-10T16:43:34.010000 53.336135999999996 38.375 2
2025-07-10T16:43:35.010000 53.347464000000016 38.375 2
2025-07-10T16:43:36.010000 53.336135999999996 38.375 2
2025-07-10T16:43:37.010000 53.3359 38.375 2
2025-07-10T16:43:38.010000 53.3359 38.375 2
2025-07-10T16:43:39.010000 53.3359 38.375 2
2025-07-10T16:43:40.011000 53.3359 38.375 2
2025-07-10T16:43:41.010000 53.3359 38.33625 2
2025-07-10T16:43:42.010000 53.3633 38.3125 2
2025-07-10T16:43:43.010000 53.3359 38.3175 2
2025-07-10T16:43:44.010000 53.34770000000001 38.375 2
2025-07-10T16:43:45.010000 53.34770000000001 38.375 2
2025-07-10T16:43:46.010000 53.34770000000001 38.34125 2
2025-07-10T16:43:47.010000 53.34770000000001 38.3125 2
2025-07-10T16:43:48.010000 53.3633 38.3125 2
2025-07-10T16:43:49.010000 53.378899999999994 38.3125 2
2025-07-10T16:43:50.010000 53.3633 38.3125 2
2025-07-10T16:43:51.010000 53.3633 38.3125 2
2025-07-10T16:43:52.010000 53.3633 38.3125 2
2025-07-10T16:43:53.010000 53.378588 38.3125 2
2025-07-10T16:43:54.010000 53.3633 38.25125 2
2025-07-10T16:43:55.010000 53.362752 38.25 2
2025-07-10T16:43:56.010000 53.336448 38.25 2
2025-07-10T16:43:57.010000 53.362988 38.25 2
2025-07-10T16:43:58.010000 53.34770000000001 38.25 2
2025-07-10T16:43:59.010000 53.34770000000001 38.25 2
2025-07-10T16:44:00.010000 53.34832400000001 38.25 2
2025-07-10T16:44:01.010000 53.378899999999994 38.25 2
2025-07-10T16:44:02.010000 53.34894800000001 38.25 2
2025-07-10T16:44:03.010000 53.362676 38.25 2
2025-07-10T16:44:04.010000 53.34832400000001 38.25 2
2025-07-10T16:44:05.010000 53.34770000000001 38.25 2
2025-07-10T16:44:06.010000 53.34770000000001 38.25 2
2025-07-10T16:44:07.010000 53.34770000000001 38.25 2
2025-07-10T16:44:08.010000 53.362676 38.25 2
2025-07-10T16:44:09.010000 53.336448 38.25 2
2025-07-10T16:44:10.010000 53.37804 38.25 2
2025-07-10T16:44:11.010000 53.34832400000001 38.23125 2
2025-07-10T16:44:12.010000 53.362988 38.1875 2
2025-07-10T16:44:13.010000 53.3633 38.1875 2
2025-07-10T16:44:14.010000 53.3633 38.1875 2
2025-07-10T16:44:15.010000 53.3633 38.1875 2
2025-07-10T16:44:16.010000 53.3633 38.1875 2
2025-07-10T16:44:17.010000 53.3633 38.1875 2
2025-07-10T16:44:18.010000 53.3633 38.1875 2
2025-07-10T16:44:19.010000 53.34770000000001 38.1875 2
2025-07-10T16:44:20.010000 53.3633 38.1875 2
2025-07-10T16:44:21.010000 53.3359 38.1875 2
2025-07-10T16:44:22.011000 53.34770000000001 38.1875 2
2025-07-10T16:44:23.010000 53.34770000000001 38.1875 2
2025-07-10T16:44:24.010000 53.3359 38.14875 2
2025-07-10T16:44:25.010000 53.34770000000001 38.125 2
2025-07-10T16:44:26.010000 53.32029999999999 38.125 2
2025-07-10T16:44:27.010000 53.32029999999999 38.125 2
2025-07-10T16:44:28.010000 53.32029999999999 38.125 2
2025-07-10T16:44:29.010000 53.32029999999999 38.125 2
2025-07-10T16:44:30.011000 53.32029999999999 38.125 2
2025-07-10T16:44:31.010000 53.32029999999999 38.125 2
2025-07-10T16:44:32.010000 53.319987999999995 38.125 2
2025-07-10T16:44:33.010000 53.305012000000005 38.125 2
2025-07-10T16:44:34.010000 53.319676 38.125 2
2025-07-10T16:44:35.010000 53.289412 38.125 2
2025-07-10T16:44:36.010000 53.30470000000001 38.125 2
2025-07-10T16:44:37.010000 53.30438800000001 38.125 2
2025-07-10T16:44:38.010000 53.289412 38.125 2
2025-07-10T16:44:39.010000 53.30470000000001 38.125 2
2025-07-10T16:44:40.010000 53.319676 38.125 2
2025-07-10T16:44:41.010000 53.32029999999999 38.125 2
2025-07-10T16:44:42.010000 53.32029999999999 38.06875 2
2025-07-10T16:44:43.010000 53.305324 38.0625 2
2025-07-10T16:44:44.010000 53.334652 38.0625 2
2025-07-10T16:44:45.010000 53.320924 38.0625 2
2025-07-10T16:44:46.010000 53.32029999999999 38.0625 2
2025-07-10T16:44:47.010000 53.32029999999999 38.0625 2
2025-07-10T16:44:48.010000 53.305012000000005 38.0625 2
2025-07-10T16:44:49.010000 53.319987999999995 38.0625 2
2025-07-10T16:44:50.010000 53.305012000000005 38.0625 2
2025-07-10T16:44:51.010000 53.33527599999999 38.0625 2
2025-07-10T16:44:52.010000 53.347464000000016 38.0625 2
2025-07-10T16:44:53.010000 53.336135999999996 38.0625 2
2025-07-10T16:44:54.010000 53.32061199999999 38.0625 2
2025-07-10T16:44:55.010000 53.335588 38.0625 2
2025-07-10T16:44:56.010000 53.32061199999999 38.0625 2
2025-07-10T16:44:57.010000 53.32029999999999 38.015 2
2025-07-10T16:44:58.010000 53.3359 38.0 2
2025-07-10T16:44:59.010000 53.32029999999999 38.0 2
2025-07-10T16:45:00.010000 53.3359 38.0 2
2025-07-10T16:45:01.010000 53.32029999999999 38.0 2
2025-07-10T16:45:02.010000 53.32029999999999 38.0 2
2025-07-10T16:45:03.010000 53.3359 38.0 2
2025-07-10T16:45:04.010000 53.32029999999999 38.0 2
2025-07-10T16:45:05.010000 53.3359 38.0 2
2025-07-10T16:45:06.010000 53.3359 38.0 2
2025-07-10T16:45:07.010000 53.336136 38.0 2
2025-07-10T16:45:08.010000 53.34770000000001 38.0 2
2025-07-10T16:45:09.010000 53.34770000000001 37.995 2
2025-07-10T16:45:10.010000 53.34770000000001 37.9375 2
2025-07-10T16:45:11.010000 53.34801200000002 37.9375 2
2025-07-10T16:45:12.010000 53.362988 37.9725 2
2025-07-10T16:45:13.010000 53.34801200000002 38.0 2
2025-07-10T16:45:14.010000 53.3633 37.99875 2
2025-07-10T16:45:15.010000 53.3633 37.9375 2
2025-07-10T16:45:16.010000 53.362988 37.9375 2
2025-07-10T16:45:17.010000 53.34770000000001 37.9375 2
2025-07-10T16:45:18.010000 53.34770000000001 37.9375 2
2025-07-10T16:45:19.010000 53.34770000000001 37.9375 2
2025-07-10T16:45:20.011000 53.362676 37.9375 2
2025-07-10T16:45:21.010000 53.393252000000004 37.9375 2
2025-07-10T16:45:22.015000 53.39450000000001 37.9375 2
2025-07-10T16:45:23.010000 53.36454799999999 37.9375 2
2025-07-10T16:45:24.010000 53.378276 37.9375 2
2025-07-10T16:45:25.010000 53.363611999999996 37.88125 2
2025-07-10T16:45:26.010000 53.3633 37.875 2
2025-07-10T16:45:27.010000 53.34801200000002 37.89875 2
2025-07-10T16:45:28.010000 53.362988 37.9375 2
2025-07-10T16:45:29.010000 53.3633 37.9375 2
2025-07-10T16:45:30.010000 53.3633 37.88375 2
2025-07-10T16:45:31.010000 53.3633 37.875 2
2025-07-10T16:45:32.010000 53.3633 37.875 2
2025-07-10T16:45:33.010000 53.378588 37.875 2
2025-07-10T16:45:34.012000 53.363611999999996 37.875 2
2025-07-10T16:45:35.010000 53.378588 37.875 2
2025-07-10T16:45:36.010000 53.378899999999994 37.875 2
2025-07-10T16:45:37.010000 53.3633 37.875 2
2025-07-10T16:45:38.010000 53.378899999999994 37.875 2
2025-07-10T16:45:39.010000 53.3633 37.875 2
2025-07-10T16:45:40.012000 53.378899999999994 37.8275 2
2025-07-10T16:45:41.010000 53.378899999999994 37.8125 2
2025-07-10T16:45:42.010000 53.3633 37.8125 2
2025-07-10T16:45:43.010000 53.378899999999994 37.8125 2
2025-07-10T16:45:44.010000 53.378899999999994 37.8125 2
2025-07-10T16:45:45.010000 53.37921199999999 37.8125 2
2025-07-10T16:45:46.010000 53.39418799999999 37.8125 2
2025-07-10T16:45:47.010000 53.37921199999999 37.8125 2
2025-07-10T16:45:48.010000 53.394814000000004 37.8125 2
2025-07-10T16:45:49.010000 53.40957400000001 37.8125 2
2025-07-10T16:45:50.010000 53.37921199999999 37.8125 2
2025-07-10T16:45:51.010000 53.394814000000004 37.8125 2
2025-07-10T16:45:52.010000 53.41020000000001 37.8125 2
2025-07-10T16:45:53.010000 53.409886000000014 37.8125 2
2025-07-10T16:45:54.010000 53.395126 37.8125 2
2025-07-10T16:45:55.010000 53.425174 37.8125 2
2025-07-10T16:45:56.010000 53.39450000000001 37.8125 2
2025-07-10T16:45:57.010000 53.39450000000001 37.81125 2
2025-07-10T16:45:58.010000 53.39450000000001 37.75 2
2025-07-10T16:45:59.011000 53.379524 37.75 2
2025-07-10T16:46:00.010000 53.378899999999994 37.75 2
2025-07-10T16:46:01.010000 53.378899999999994 37.75 2
2025-07-10T16:46:02.010000 53.378899999999994 37.75 2
2025-07-10T16:46:03.010000 53.378899999999994 37.75 2
2025-07-10T16:46:04.010000 53.378899999999994 37.75 2
2025-07-10T16:46:05.010000 53.39418799999999 37.75 2
2025-07-10T16:46:06.012000 53.37921199999999 37.75 2
2025-07-10T16:46:07.010000 53.378899999999994 37.75 2
2025-07-10T16:46:08.010000 53.378899999999994 37.75 2
2025-07-10T16:46:09.010000 53.363611999999996 37.75 2
2025-07-10T16:46:10.010000 53.3633 37.75 2
2025-07-10T16:46:11.010000 53.378588 37.75 2
2025-07-10T16:46:12.010000 53.34832400000001 37.75 2
2025-07-10T16:46:13.010000 53.362988 37.75 2
2025-07-10T16:46:14.010000 53.34770000000001 37.75 2
2025-07-10T16:46:15.010000 53.3633 37.72875 2
2025-07-10T16:46:16.010000 53.3633 37.6875 2
2025-07-10T16:46:17.010000 53.34770000000001 37.6875 2
2025-07-10T16:46:18.010000 53.34770000000001 37.6875 2
2025-07-10T16:46:19.011000 53.3633 37.6875 2
2025-07-10T16:46:20.010000 53.3633 37.6875 2
2025-07-10T16:46:21.010000 53.378899999999994 37.6875 2
2025-07-10T16:46:22.010000 53.34770000000001 37.6875 2
2025-07-10T16:46:23.010000 53.363611999999996 37.6875 2
2025-07-10T16:46:24.010000 53.378899999999994 37.6875 2
2025-07-10T16:46:25.010000 53.37921199999999 37.6875 2
2025-07-10T16:46:26.010000 53.39418799999999 37.6875 2
2025-07-10T16:46:27.010000 53.37921199999999 37.6875 2
2025-07-10T16:46:28.010000 53.393876 37.645 2
2025-07-10T16:46:29.010000 53.363611999999996 37.625 2
2025-07-10T16:46:30.010000 53.378899999999994 37.625 2
2025-07-10T16:46:31.010000 53.378899999999994 37.625 2
2025-07-10T16:46:32.010000 53.378899999999994 37.625 2
2025-07-10T16:46:33.010000 53.378899999999994 37.625 2
2025-07-10T16:46:34.010000 53.378899999999994 37.625 2
2025-07-10T16:46:35.010000 53.393876 37.625 2
2025-07-10T16:46:36.010000 53.379524 37.625 2
2025-07-10T16:46:37.010000 53.378899999999994 37.625 2
2025-07-10T16:46:38.010000 53.40894800000001 37.625 2
2025-07-10T16:46:39.010000 53.39512800000001 37.625 2
2025-07-10T16:46:40.010000 53.424547999999994 37.625 2
2025-07-10T16:46:41.010000 53.41051200000002 37.625 2
2025-07-10T16:46:42.010000 53.379526 37.625 2
2025-07-10T16:46:43.010000 53.378899999999994 37.625 2
2025-07-10T16:46:44.010000 53.39418799999999 37.625 2
2025-07-10T16:46:45.010000 53.409886000000014 37.625 2
2025-07-10T16:46:46.010000 53.41020000000001 37.56375 2
2025-07-10T16:46:47.011000 53.41020000000001 37.5625 2
2025-07-10T16:46:48.010000 53.394814000000004 37.5625 2
2025-07-10T16:46:49.010000 53.409886000000014 37.5625 2
2025-07-10T16:46:50.010000 53.41020000000001 37.5625 2
2025-07-10T16:46:51.010000 53.41020000000001 37.5625 2
2025-07-10T16:46:52.010000 53.41020000000001 37.5625 2
2025-07-10T16:46:53.010000 53.39450000000001 37.5625 2
2025-07-10T16:46:54.010000 53.41020000000001 37.5625 2
2025-07-10T16:46:55.010000 53.39450000000001 37.5625 2
2025-07-10T16:46:56.010000 53.41020000000001 37.5625 2
2025-07-10T16:46:57.010000 53.39450000000001 37.5625 2
2025-07-10T16:46:58.010000 53.39450000000001 37.5625 2
2025-07-10T16:46:59.010000 53.39450000000001 37.5625 2
2025-07-10T16:47:00.010000 53.409886000000014 37.5625 2
2025-07-10T16:47:01.010000 53.39450000000001 37.5625 2
2025-07-10T16:47:02.010000 53.394814000000004 37.5625 2
2025-07-10T16:47:03.010000 53.41020000000001 37.54625 2
2025-07-10T16:47:04.010000 53.409886000000014 37.5 2
2025-07-10T16:47:05.010000 53.39450000000001 37.5 2
2025-07-10T16:47:06.010000 53.39450000000001 37.5 2
2025-07-10T16:47:07.010000 53.394814000000004 37.5 2
2025-07-10T16:47:08.010000 53.41020000000001 37.5 2
2025-07-10T16:47:09.010000 53.41051200000002 37.5 2
2025-07-10T16:47:10.010000 53.425488 37.5 2
2025-07-10T16:47:11.010000 53.41020000000001 37.5 2
2025-07-10T16:47:12.011000 53.41020000000001 37.5 2
2025-07-10T16:47:13.010000 53.41020000000001 37.5 2
2025-07-10T16:47:14.010000 53.425176 37.5 2
2025-07-10T16:47:15.011000 53.440776 37.5 2
2025-07-10T16:47:16.010000 53.426424 37.5 2
2025-07-10T16:47:17.012000 53.4258 37.5 2
2025-07-10T16:47:18.010000 53.441088 37.5 2
2025-07-10T16:47:19.010000 53.426424 37.5 2
2025-07-10T16:47:20.010000 53.4258 37.5 2
2025-07-10T16:47:21.010000 53.4258 37.46625 2
2025-07-10T16:47:22.010000 53.4258 37.4375 2
2025-07-10T16:47:23.010000 53.41051200000002 37.4375 2
2025-07-10T16:47:24.010000 53.41020000000001 37.4375 2
2025-07-10T16:47:25.010000 53.452242000000005 37.4375 2
2025-07-10T16:47:26.010000 53.426345999999995 37.4375 2
2025-07-10T16:47:27.010000 53.4258 37.4375 2
2025-07-10T16:47:28.010000 53.441399999999994 37.4375 2
2025-07-10T16:47:29.010000 53.441399999999994 37.4375 2
2025-07-10T16:47:30.010000 53.4258 37.4375 2
2025-07-10T16:47:31.010000 53.441399999999994 37.4375 2
2025-07-10T16:47:32.010000 53.441399999999994 37.4375 2
2025-07-10T16:47:33.010000 53.45309999999999 37.4375 2
2025-07-10T16:47:34.010000 53.4258 37.4375 2
2025-07-10T16:47:35.010000 53.45309999999999 37.4375 2
2025-07-10T16:47:36.010000 53.441399999999994 37.4375 2
2025-07-10T16:47:37.010000 53.426345999999995 37.4375 2
2025-07-10T16:47:38.010000 53.45309999999999 37.4375 2
2025-07-10T16:47:39.010000 53.45286599999999 37.3875 2
2025-07-10T16:47:40.011000 53.44163399999999 37.375 2
2025-07-10T16:47:41.010000 53.45309999999999 37.375 2
2025-07-10T16:47:42.010000 53.453413999999995 37.375 2
2025-07-10T16:47:43.010000 53.46848599999999 37.375 2
2025-07-10T16:47:44.010000 53.45309999999999 37.375 2
2025-07-10T16:47:45.010000 53.45286599999999 37.375 2
2025-07-10T16:47:46.010000 53.441399999999994 37.375 2
2025-07-10T16:47:47.012000 53.44186799999999 37.375 2
2025-07-10T16:47:48.010000 53.45286599999999 37.375 2
2025-07-10T16:47:49.010000 53.441399999999994 37.375 2
2025-07-10T16:47:50.010000 53.441399999999994 37.375 2
2025-07-10T16:47:51.010000 53.452631999999994 37.36375 2
2025-07-10T16:47:52.010000 53.45309999999999 37.3125 2
2025-07-10T16:47:53.010000 53.45309999999999 37.3125 2
2025-07-10T16:47:54.010000 53.45309999999999 37.3525 2
2025-07-10T16:47:55.010000 53.44163399999999 37.375 2
2025-07-10T16:47:56.010000 53.441399999999994 37.37 2
2025-07-10T16:47:57.010000 53.45286599999999 37.3125 2
2025-07-10T16:47:58.010000 53.46848599999999 37.3125 2
2025-07-10T16:47:59.010000 53.42666 37.3125 2
2025-07-10T16:48:00.010000 53.441088 37.3125 2
2025-07-10T16:48:01.010000 53.441399999999994 37.3125 2
2025-07-10T16:48:02.010000 53.441399999999994 37.3125 2
2025-07-10T16:48:03.010000 53.441399999999994 37.3125 2
2025-07-10T16:48:04.010000 53.45309999999999 37.3125 2
2025-07-10T16:48:05.010000 53.45309999999999 37.3125 2
2025-07-10T16:48:06.010000 53.45309999999999 37.3125 2
2025-07-10T16:48:07.010000 53.4258 37.3125 2
2025-07-10T16:48:08.010000 53.45309999999999 37.3125 2
2025-07-10T16:48:09.010000 53.45309999999999 37.3125 2
2025-07-10T16:48:10.010000 53.45309999999999 37.3125 2
2025-07-10T16:48:11.010000 53.45309999999999 37.3125 2
2025-07-10T16:48:12.010000 53.45309999999999 37.3125 2
2025-07-10T16:48:13.010000 53.468799999999995 37.3125 2
2025-07-10T16:48:14.010000 53.46825199999999 37.28875 2
2025-07-10T16:48:15.010000 53.44163399999999 37.25 2
2025-07-10T16:48:16.010000 53.453413999999995 37.25 2
2025-07-10T16:48:17.010000 53.469112 37.30375 2
2025-07-10T16:48:18.010000 53.483774000000004 37.3125 2
2025-07-10T16:48:19.010000 53.453413999999995 37.29125 2
2025-07-10T16:48:20.010000 53.468799999999995 37.25 2
2025-07-10T16:48:21.010000 53.468799999999995 37.25 2
2025-07-10T16:48:22.010000 53.469112 37.25 2
2025-07-10T16:48:23.010000 53.483776 37.25 2
2025-07-10T16:48:24.010000 53.469424 37.25 2
2025-07-10T16:48:25.010000 53.483776 37.25 2
2025-07-10T16:48:26.010000 53.469424 37.25 2
2025-07-10T16:48:27.010000 53.483776 37.25 2
2025-07-10T16:48:28.010000 53.468799999999995 37.25 2
2025-07-10T16:48:29.010000 53.498752 37.25 2
2025-07-10T16:48:30.010000 53.484712 37.25 2
2025-07-10T16:48:31.010000 53.48440000000001 37.25 2
2025-07-10T16:48:32.010000 53.469112 37.2075 2
2025-07-10T16:48:33.010000 53.484088000000014 37.1875 2
2025-07-10T16:48:34.010000 53.469112 37.1875 2
2025-07-10T16:48:35.011000 53.499376000000005 37.1875 2
2025-07-10T16:48:36.010000 53.5 37.1875 2
2025-07-10T16:48:37.010000 53.484712 37.1875 2
2025-07-10T16:48:38.010000 53.499688000000006 37.1875 2
2025-07-10T16:48:39.010000 53.5 37.1875 2
2025-07-10T16:48:40.010000 53.5 37.1875 2
2025-07-10T16:48:41.010000 53.5 37.1875 2
2025-07-10T16:48:42.010000 53.5 37.1875 2
2025-07-10T16:48:43.010000 53.5 37.1875 2
2025-07-10T16:48:44.010000 53.5 37.1875 2
2025-07-10T16:48:45.010000 53.5 37.1875 2
2025-07-10T16:48:46.010000 53.5 37.1875 2
2025-07-10T16:48:47.010000 53.5 37.155 2
2025-07-10T16:48:48.010000 53.51559999999999 37.125 2
2025-07-10T16:48:49.010000 53.5 37.125 2
2025-07-10T16:48:50.010000 53.484712 37.125 2
2025-07-10T16:48:51.010000 53.5 37.125 2
2025-07-10T16:48:52.011000 53.5 37.125 2
2025-07-10T16:48:53.010000 53.5 37.125 2
2025-07-10T16:48:54.010000 53.5 37.125 2
2025-07-10T16:48:55.010000 53.499376000000005 37.125 2
2025-07-10T16:48:56.010000 53.469112 37.125 2
2025-07-10T16:48:57.010000 53.484088000000014 37.125 2
2025-07-10T16:48:58.010000 53.468799999999995 37.125 2
2025-07-10T16:48:59.010000 53.468171999999996 37.125 2
2025-07-10T16:49:00.010000 53.452631999999994 37.125 2
2025-07-10T16:49:01.010000 53.440152 37.125 2
2025-07-10T16:49:02.010000 53.41082400000001 37.125 2
2025-07-10T16:49:03.010000 53.4258 37.125 2
2025-07-10T16:49:04.010000 53.425176 37.125 2
2025-07-10T16:49:05.010000 53.41020000000001 37.125 2
2025-07-10T16:49:06.010000 53.41082400000001 37.125 2
2025-07-10T16:49:07.010000 53.4258 37.1075 2
2025-07-10T16:49:08.010000 53.4258 37.0625 2
2025-07-10T16:49:09.010000 53.41051200000002 37.0625 2
2025-07-10T16:49:10.010000 53.440776 37.0625 2
2025-07-10T16:49:11.010000 53.41082400000001 37.0625 2
2025-07-10T16:49:12.010000 53.440776 37.0625 2
2025-07-10T16:49:13.010000 53.441399999999994 37.0625 2
2025-07-10T16:49:14.010000 53.41082400000001 37.0625 2
2025-07-10T16:49:15.010000 53.440776 37.0625 2
2025-07-10T16:49:16.010000 53.441399999999994 37.0625 2
2025-07-10T16:49:17.010000 53.4258 37.0625 2
2025-07-10T16:49:18.010000 53.4258 37.0625 2
2025-07-10T16:49:19.010000 53.45309999999999 37.0625 2
2025-07-10T16:49:20.010000 53.441399999999994 37.0625 2
2025-07-10T16:49:21.010000 53.441399999999994 37.0625 2
2025-07-10T16:49:22.010000 53.441399999999994 37.0625 2
2025-07-10T16:49:23.010000 53.441399999999994 37.0625 2
2025-07-10T16:49:24.010000 53.45309999999999 37.0625 2
2025-07-10T16:49:25.010000 53.4258 37.0625 2
2025-07-10T16:49:26.010000 53.44163399999999 37.0625 2
2025-07-10T16:49:27.010000 53.45309999999999 37.06 2
2025-07-10T16:49:28.010000 53.45286599999999 37.0 2
2025-07-10T16:49:29.010000 53.441088 37.0 2
2025-07-10T16:49:30.010000 53.426111999999996 37.0 2
2025-07-10T16:49:31.010000 53.441399999999994 37.0 2
2025-07-10T16:49:32.010000 53.441088 37.0 2
2025-07-10T16:49:33.010000 53.426345999999995 37.0 2
2025-07-10T16:49:34.010000 53.45309999999999 37.0 2
2025-07-10T16:49:35.010000 53.45286599999999 37.0 2
2025-07-10T16:49:36.011000 53.441399999999994 37.0 2
2025-07-10T16:49:37.010000 53.441399999999994 37.0 2
2025-07-10T16:49:38.010000 53.441399999999994 37.0 2
2025-07-10T16:49:39.010000 53.440776 37.0 2
2025-07-10T16:49:40.010000 53.4258 37.0 2
2025-07-10T16:49:41.010000 53.426424 37.0 2
2025-07-10T16:49:42.010000 53.441399999999994 37.0 2
2025-07-10T16:49:43.010000 53.441399999999994 37.0 2
2025-07-10T16:49:44.010000 53.44186799999999 37.0 2
2025-07-10T16:49:45.010000 53.45309999999999 37.0 2
2025-07-10T16:49:46.011000 53.426345999999995 37.0 2
2025-07-10T16:49:47.010000 53.441088 37.0 2
2025-07-10T16:49:48.010000 53.441399999999994 37.0 2
2025-07-10T16:49:49.010000 53.426111999999996 37.0 2
2025-07-10T16:49:50.010000 53.41051200000002 37.0 2
2025-07-10T16:49:51.010000 53.425488 37.0 2
2025-07-10T16:49:52.010000 53.441088 37.0 2
2025-07-10T16:49:53.010000 53.4258 37.0 2
2025-07-10T16:49:54.010000 53.4258 37.0 2
2025-07-10T16:49:55.010000 53.41020000000001 37.0 2
2025-07-10T16:49:56.010000 53.4258 37.0 2
2025-07-10T16:49:57.010000 53.41020000000001 37.0 2
2025-07-10T16:49:58.010000 53.41020000000001 37.0 2
2025-07-10T16:49:59.010000 53.4258 37.0 2
2025-07-10T16:50:00.010000 53.4258 37.0 2
2025-07-10T16:50:01.010000 53.41020000000001 37.0 2
2025-07-10T16:50:02.010000 53.441399999999994 37.0 2
2025-07-10T16:50:03.011000 53.441088 37.0 2
2025-07-10T16:50:04.010000 53.426111999999996 37.0 2
2025-07-10T16:50:05.010000 53.441399999999994 36.99125 2
2025-07-10T16:50:06.010000 53.441399999999994 36.9375 2
2025-07-10T16:50:07.010000 53.441088 36.9375 2
2025-07-10T16:50:08.010000 53.426111999999996 36.9375 2
2025-07-10T16:50:09.010000 53.441088 36.9375 2
2025-07-10T16:50:10.010000 53.426111999999996 36.94125 2
2025-07-10T16:50:11.010000 53.441088 37.0 16386
2025-07-10T16:50:12.010000 53.4258 37.0 16386
2025-07-10T16:50:13.010000 53.4258 37.0 16386
2025-07-10T16:50:14.010000 53.4258 37.0 16386
2025-07-10T16:50:15.010000 53.4258 37.0 16386
2025-07-10T16:50:16.010000 53.4258 37.0 2
2025-07-10T16:50:17.010000 53.425176 37.0 2
2025-07-10T16:50:18.010000 53.41144800000001 37.0 2
2025-07-10T16:50:19.010000 53.441399999999994 37.0 2
2025-07-10T16:50:20.010000 53.440776 37.0 2
2025-07-10T16:50:21.010000 53.426891999999995 37.0 2
2025-07-10T16:50:22.010000 53.452631999999994 37.0 2
2025-07-10T16:50:23.010000 53.441399999999994 37.0 2
2025-07-10T16:50:24.010000 53.426111999999996 37.0 2
2025-07-10T16:50:25.010000 53.452554 37.0 2
2025-07-10T16:50:26.010000 53.45309999999999 37.0 2
2025-07-10T16:50:27.010000 53.46848599999999 37.0 2
2025-07-10T16:50:28.010000 53.468799999999995 37.0 2
2025-07-10T16:50:29.011000 53.453413999999995 37.0 16386
2025-07-10T16:50:30.010000 53.441399999999994 37.0 16386
2025-07-10T16:50:31.010000 53.45309999999999 37.0 2
2025-07-10T16:50:32.010000 53.468799999999995 37.0 2
2025-07-10T16:50:33.010000 53.468799999999995 37.01875 2
2025-07-10T16:50:34.010000 53.468799999999995 37.0625 16386
2025-07-10T16:50:35.010000 53.48440000000001 37.0625 16386
2025-07-10T16:50:36.010000 53.48440000000001 37.01375 16386
2025-07-10T16:50:37.010000 53.48440000000001 37.0 16386
2025-07-10T16:50:38.010000 53.468799999999995 37.01625 16386
2025-07-10T16:50:39.011000 53.5 37.0625 2
2025-07-10T16:50:40.012000 53.469112 37.0625 2
2025-07-10T16:50:41.010000 53.48440000000001 37.0625 16386
2025-07-10T16:50:42.011000 53.484712 37.0625 16386
2025-07-10T16:50:43.010000 53.5 37.0625 16386
2025-07-10T16:50:44.011000 53.5 37.0625 16386
2025-07-10T16:50:45.010000 53.499688000000006 37.0625 16386
2025-07-10T16:50:46.010000 53.484712 37.1025 16386
2025-07-10T16:50:47.010000 53.499688000000006 37.125 16386
2025-07-10T16:50:48.010000 53.48440000000001 37.125 16386
2025-07-10T16:50:49.010000 53.484712 37.125 16386
2025-07-10T16:50:50.010000 53.5 37.125 16386
2025-07-10T16:50:51.010000 53.500623999999995 37.125 16386
2025-07-10T16:50:52.010000 53.514976 37.125 16386
2025-07-10T16:50:53.010000 53.5 37.125 16386
2025-07-10T16:50:54.010000 53.500623999999995 37.125 16386
2025-07-10T16:50:55.010000 53.51559999999999 37.125 16386
2025-07-10T16:50:56.010000 53.51559999999999 37.1575 16386
2025-07-10T16:50:57.010000 53.51559999999999 37.1875 16386
2025-07-10T16:50:58.010000 53.514976 37.1875 16386
2025-07-10T16:50:59.010000 53.501248 37.1875 16386
2025-07-10T16:51:00.010000 53.529952 37.1875 16386
2025-07-10T16:51:01.010000 53.5 37.1875 16386
2025-07-10T16:51:02.010000 53.515288 37.1875 16386
2025-07-10T16:51:03.010000 53.51559999999999 37.1875 16386
2025-07-10T16:51:04.010000 53.51559999999999 37.245 16386
2025-07-10T16:51:05.010000 53.530888 37.25 16386
2025-07-10T16:51:06.010000 53.531200000000005 37.25 16386
2025-07-10T16:51:07.010000 53.515911999999986 37.25 16386
2025-07-10T16:51:08.010000 53.531200000000005 37.25 16386
2025-07-10T16:51:09.010000 53.51559999999999 37.25 16386
2025-07-10T16:51:10.010000 53.531200000000005 37.25 16386
2025-07-10T16:51:11.010000 53.531200000000005 37.27125 16386
2025-07-10T16:51:12.010000 53.54690000000001 37.3125 16386
2025-07-10T16:51:13.010000 53.51559999999999 37.3125 16386
2025-07-10T16:51:14.010000 53.531200000000005 37.3125 16386
2025-07-10T16:51:15.010000 53.531200000000005 37.3125 16386
2025-07-10T16:51:16.010000 53.54690000000001 37.33 16386
2025-07-10T16:51:17.010000 53.54690000000001 37.375 16386
2025-07-10T16:51:18.010000 53.546586000000005 37.375 16386
2025-07-10T16:51:19.010000 53.53151400000001 37.375 16386
2025-07-10T16:51:20.010000 53.546586000000005 37.375 16386
2025-07-10T16:51:21.010000 53.531200000000005 37.38875 16386
2025-07-10T16:51:22.011000 53.531200000000005 37.4375 16386
2025-07-10T16:51:23.010000 53.531200000000005 37.4375 16386
2025-07-10T16:51:24.010000 53.531826 37.4375 16386
2025-07-10T16:51:25.010000 53.562188000000006 37.4375 16386
2025-07-10T16:51:26.010000 53.54690000000001 37.44625 16386
2025-07-10T16:51:27.012000 53.547212 37.5 16386
2025-07-10T16:51:28.010000 53.561873999999996 37.5 16386
2025-07-10T16:51:29.010000 53.531828000000004 37.5 16386
2025-07-10T16:51:30.010000 53.547524 37.5 16386
2025-07-10T16:51:31.010000 53.5625 37.505 16386
2025-07-10T16:51:32.010000 53.562968 37.5625 16386
2025-07-10T16:51:33.010000 53.573732 37.5625 16386
2025-07-10T16:51:34.011000 53.5625 37.5625 16386
2025-07-10T16:51:35.010000 53.5625 37.5625 16386
2025-07-10T16:51:36.010000 53.5625 37.56375 16386
2025-07-10T16:51:37.010000 53.5625 37.625 16386
2025-07-10T16:51:38.010000 53.5625 37.625 16386
2025-07-10T16:51:39.012000 53.5625 37.65625 16386
2025-07-10T16:51:40.010000 53.58925399999998 37.6875 16386
2025-07-10T16:51:41.010000 53.56304599999999 37.6875 16386
2025-07-10T16:51:42.010000 53.5625 37.6875 16386
2025-07-10T16:51:43.010000 53.5625 37.6875 16386
2025-07-10T16:51:44.010000 53.5625 37.715 16386
2025-07-10T16:51:45.010000 53.573966 37.75 16386
2025-07-10T16:51:46.010000 53.562734 37.75 16386
2025-07-10T16:51:47.010000 53.5742 37.80625 16386
2025-07-10T16:51:48.010000 53.58979999999999 37.8125 16386
2025-07-10T16:51:49.010000 53.5625 37.8125 16386
2025-07-10T16:51:50.010000 53.5625 37.8125 16386
2025-07-10T16:51:51.010000 53.5625 37.8125 16386
2025-07-10T16:51:52.010000 53.5742 37.86625 16386
2025-07-10T16:51:53.010000 53.5742 37.875 16386
2025-07-10T16:51:54.010000 53.5742 37.89625 16386
2025-07-10T16:51:55.010000 53.5625 37.9375 16386
2025-07-10T16:51:56.010000 53.573966 37.9375 16386
2025-07-10T16:51:57.010000 53.56304599999999 37.9375 16386
2025-07-10T16:51:58.010000 53.58979999999999 37.9375 16386
2025-07-10T16:51:59.010000 53.58979999999999 37.955 16386
2025-07-10T16:52:00.010000 53.58948799999998 38.0 16386
2025-07-10T16:52:01.010000 53.5742 38.0 16386
2025-07-10T16:52:02.010000 53.5742 38.045 16386
2025-07-10T16:52:03.010000 53.5742 38.0625 16386
2025-07-10T16:52:04.011000 53.574512 38.07375 16386
2025-07-10T16:52:05.010000 53.58979999999999 38.125 16386
2025-07-10T16:52:06.010000 53.58979999999999 38.125 16386
2025-07-10T16:52:07.010000 53.58917599999999 38.165 16386
2025-07-10T16:52:08.010000 53.575452000000006 38.1875 16386
2025-07-10T16:52:09.010000 53.604248 38.195 16386
2025-07-10T16:52:10.010000 53.574824 38.25 16386
2025-07-10T16:52:11.010000 53.58979999999999 38.25 16386
2025-07-10T16:52:12.010000 53.590427999999996 38.25 16386
2025-07-10T16:52:13.010000 53.60549999999999 38.25 16386
2025-07-10T16:52:14.010000 53.60549999999999 38.25375 16386
2025-07-10T16:52:15.010000 53.60487199999999 38.3125 16386
2025-07-10T16:52:16.010000 53.58979999999999 38.3125 16386
2025-07-10T16:52:17.010000 53.58979999999999 38.34625 16386
2025-07-10T16:52:18.010000 53.605185999999996 38.375 16386
2025-07-10T16:52:19.010000 53.60549999999999 38.375 16386
2025-07-10T16:52:20.010000 53.590113999999986 38.375 16386
2025-07-10T16:52:21.013000 53.58979999999999 38.375 16386
2025-07-10T16:52:22.010000 53.58979999999999 38.405 16386
2025-07-10T16:52:23.010000 53.58979999999999 38.4375 16386
2025-07-10T16:52:24.010000 53.605185999999996 38.4375 16386
2025-07-10T16:52:25.010000 53.60549999999999 38.49625 16386
2025-07-10T16:52:26.010000 53.60549999999999 38.5 16386
2025-07-10T16:52:27.010000 53.60549999999999 38.5275 16386
2025-07-10T16:52:28.010000 53.60549999999999 38.5625 16386
2025-07-10T16:52:29.010000 53.60549999999999 38.5625 16386
2025-07-10T16:52:30.010000 53.60549999999999 38.61875 16386
2025-07-10T16:52:31.010000 53.621100000000006 38.625 16386
2025-07-10T16:52:32.010000 53.60549999999999 38.64875 16386
2025-07-10T16:52:33.010000 53.60549999999999 38.6875 16386
2025-07-10T16:52:34.010000 53.60549999999999 38.6875 16386
2025-07-10T16:52:35.010000 53.60581200000001 38.73875 16386
2025-07-10T16:52:36.010000 53.621412 38.75 16386
2025-07-10T16:52:37.010000 53.636076 38.77 16386
2025-07-10T16:52:38.010000 53.60581200000001 38.8125 16386
2025-07-10T16:52:39.010000 53.62078800000001 38.8125 16386
2025-07-10T16:52:40.010000 53.605185999999996 38.86125 16386
2025-07-10T16:52:41.010000 53.590113999999986 38.875 16386
2025-07-10T16:52:42.010000 53.60581200000001 38.89 16386
2025-07-10T16:52:43.010000 53.621412 38.9375 16386
2025-07-10T16:52:44.010000 53.6367 38.9375 16386
2025-07-10T16:52:45.011000 53.636076 38.9375 16386
2025-07-10T16:52:46.010000 53.621100000000006 38.9375 16386
2025-07-10T16:52:47.010000 53.621100000000006 38.94875 16386
2025-07-10T16:52:48.010000 53.621724 39.0 16384
2025-07-10T16:52:49.010000 53.6367 39.0 16384
2025-07-10T16:52:50.010000 53.636076 39.04 16384
2025-07-10T16:52:51.010000 53.621100000000006 39.0625 16384
2025-07-10T16:52:52.010000 53.621724 39.06875 16384
2025-07-10T16:52:53.010000 53.636076 39.125 16384
2025-07-10T16:52:54.010000 53.621100000000006 39.125 16384
2025-07-10T16:52:55.010000 53.621100000000006 39.16125 16384
2025-07-10T16:52:56.010000 53.636388000000004 39.1875 16384
2025-07-10T16:52:57.010000 53.6367 39.19125 16384
2025-07-10T16:52:58.010000 53.65198799999998 39.25 16384
2025-07-10T16:52:59.010000 53.637012 39.25 16384
2025-07-10T16:53:00.010000 53.621412 39.2825 16384
2025-07-10T16:53:01.011000 53.636388000000004 39.3125 16384
2025-07-10T16:53:02.010000 53.6367 39.3125 16384
2025-07-10T16:53:03.010000 53.6367 39.3125 16384
2025-07-10T16:53:04.010000 53.65229999999999 39.3125 16384
2025-07-10T16:53:05.010000 53.6367 39.34125 16384
2025-07-10T16:53:06.010000 53.6367 39.375 16384
2025-07-10T16:53:07.010000 53.6367 39.375 16384
2025-07-10T16:53:08.010000 53.65229999999999 39.49 16384
2025-07-10T16:53:09.010000 53.65229999999999 39.5 16384
2025-07-10T16:53:10.010000 53.6367 39.5 16384
2025-07-10T16:53:11.010000 53.65229999999999 39.5 16384
2025-07-10T16:53:12.010000 53.667685999999996 39.5 16384
2025-07-10T16:53:13.010000 53.65229999999999 39.555 16384
2025-07-10T16:53:14.010000 53.65229999999999 39.5625 16384
2025-07-10T16:53:15.010000 53.65229999999999 39.58375 16384
2025-07-10T16:53:16.010000 53.652613999999986 39.625 16384
2025-07-10T16:53:17.010000 53.66799999999999 39.625 16384
2025-07-10T16:53:18.010000 53.667685999999996 39.675 16384
2025-07-10T16:53:19.010000 53.65229999999999 39.6875 16384
2025-07-10T16:53:20.010000 53.652613999999986 39.6875 16384
2025-07-10T16:53:21.010000 53.66799999999999 39.6875 16384
2025-07-10T16:53:22.010000 53.66737199999999 39.6875 16384
2025-07-10T16:53:23.010000 53.65229999999999 39.735 16384
2025-07-10T16:53:24.010000 53.65229999999999 39.75 16384
2025-07-10T16:53:25.010000 53.65229999999999 39.765 16384
2025-07-10T16:53:26.010000 53.652927999999996 39.8125 16384
2025-07-10T16:53:27.010000 53.66799999999999 39.8125 16384
2025-07-10T16:53:28.010000 53.66737199999999 39.8575 16384
2025-07-10T16:53:29.011000 53.65229999999999 39.875 16384
2025-07-10T16:53:30.010000 53.65229999999999 39.875 16384
2025-07-10T16:53:31.010000 53.653395999999994 39.875 16384
2025-07-10T16:53:32.010000 53.67923200000001 39.875 16384
2025-07-10T16:53:33.010000 53.668701999999996 39.9175 16384
2025-07-10T16:53:34.010000 53.67970000000001 39.9375 16384
2025-07-10T16:53:35.012000 53.66823399999999 39.94625 16384
2025-07-10T16:53:36.010000 53.66799999999999 40.0 16384
2025-07-10T16:53:37.011000 53.66799999999999 40.0 16384
2025-07-10T16:53:38.010000 53.67946600000001 40.03875 16384
2025-07-10T16:53:39.011000 53.66799999999999 40.0625 16384
2025-07-10T16:53:40.010000 53.67970000000001 40.0625 16384
2025-07-10T16:53:41.010000 53.66799999999999 40.0625 16384
2025-07-10T16:53:42.010000 53.67970000000001 40.0625 16384
2025-07-10T16:53:43.010000 53.67970000000001 40.09875 16384
2025-07-10T16:53:44.010000 53.67970000000001 40.125 16384
2025-07-10T16:53:45.010000 53.67970000000001 40.1275 16384
2025-07-10T16:53:46.010000 53.67970000000001 40.1875 16384
2025-07-10T16:53:47.010000 53.66799999999999 40.1875 16384
2025-07-10T16:53:48.010000 53.66799999999999 40.1875 16384
2025-07-10T16:53:49.010000 53.66799999999999 40.1875 16384
2025-07-10T16:53:50.010000 53.66799999999999 40.1875 16384
2025-07-10T16:53:51.010000 53.65198799999998 40.24875 16384
2025-07-10T16:53:52.010000 53.637012 40.25 16384
2025-07-10T16:53:53.010000 53.65229999999999 40.28 16384
2025-07-10T16:53:54.010000 53.65229999999999 40.3125 16384
2025-07-10T16:53:55.010000 53.65229999999999 40.3125 16384
2025-07-10T16:53:56.010000 53.65229999999999 40.3125 16384
2025-07-10T16:53:57.010000 53.65198799999998 40.3125 16384
2025-07-10T16:53:58.010000 53.637324 40.33875 16384
2025-07-10T16:53:59.010000 53.65167599999999 40.375 16384
2025-07-10T16:54:00.010000 53.6367 40.375 16384
2025-07-10T16:54:01.010000 53.6367 40.375 16384
2025-07-10T16:54:02.010000 53.6367 40.375 16384
2025-07-10T16:54:03.010000 53.6367 40.39625 16384
2025-07-10T16:54:04.010000 53.6367 40.4375 16384
2025-07-10T16:54:05.010000 53.6367 40.4375 16384
2025-07-10T16:54:06.010000 53.636076 40.4375 16384
2025-07-10T16:54:07.010000 53.621724 40.4375 16384
2025-07-10T16:54:08.012000 53.637636 40.455 16384
2025-07-10T16:54:09.010000 53.651363999999994 40.5 16384
2025-07-10T16:54:10.010000 53.637324 40.5 16384
2025-07-10T16:54:11.010000 53.65042799999999 40.5 16384
2025-07-10T16:54:12.010000 53.621100000000006 40.5 16384
2025-07-10T16:54:13.010000 53.621100000000006 40.515 16384
2025-07-10T16:54:14.010000 53.60581200000001 40.5625 16384
2025-07-10T16:54:15.011000 53.60549999999999 40.5625 16384
2025-07-10T16:54:16.010000 53.58979999999999 40.5625 16384
2025-07-10T16:54:17.010000 53.60549999999999 40.5625 16384
2025-07-10T16:54:18.010000 53.60549999999999 40.5725 16384
2025-07-10T16:54:19.010000 53.60549999999999 40.625 16384
2025-07-10T16:54:20.010000 53.621100000000006 40.625 16384
2025-07-10T16:54:21.010000 53.621100000000006 40.625 16384
2025-07-10T16:54:22.011000 53.60549999999999 40.625 16384
2025-07-10T16:54:23.010000 53.621100000000006 40.63125 16384
2025-07-10T16:54:24.011000 53.62078800000001 40.6875 16384
2025-07-10T16:54:25.010000 53.60581200000001 40.6875 16384
2025-07-10T16:54:26.010000 53.621100000000006 40.6875 16384
2025-07-10T16:54:27.010000 53.62078800000001 40.6875 16384
2025-07-10T16:54:28.010000 53.60549999999999 40.6875 16384
2025-07-10T16:54:29.010000 53.60549999999999 40.6875 16384
2025-07-10T16:54:30.010000 53.60581200000001 40.6875 16384
2025-07-10T16:54:31.010000 53.621100000000006 40.71875 16384
2025-07-10T16:54:32.010000 53.621100000000006 40.75 16384
2025-07-10T16:54:33.010000 53.62078800000001 40.75 16384
2025-07-10T16:54:34.010000 53.60581200000001 40.75 16384
2025-07-10T16:54:35.010000 53.621100000000006 40.75 16384
2025-07-10T16:54:36.010000 53.621100000000006 40.75 16384
2025-07-10T16:54:37.010000 53.621724 40.75 16384
2025-07-10T16:54:38.010000 53.636076 40.75 16384
2025-07-10T16:54:39.010000 53.621100000000006 40.75 16384
2025-07-10T16:54:40.010000 53.621724 40.75 16384
2025-07-10T16:54:41.010000 53.636076 40.775 16384
2025-07-10T16:54:42.010000 53.621100000000006 40.8125 16384
2025-07-10T16:54:43.010000 53.621100000000006 40.8125 16384
2025-07-10T16:54:44.010000 53.621100000000006 40.8125 16384
2025-07-10T16:54:45.010000 53.621724 40.8125 16384
2025-07-10T16:54:46.010000 53.637636 40.8125 16384
2025-07-10T16:54:47.010000 53.651363999999994 40.8125 0
2025-07-10T16:54:48.010000 53.637636 40.8125 0
2025-07-10T16:54:49.010000 53.651363999999994 40.8125 0
2025-07-10T16:54:50.010000 53.6367 40.8125 0
2025-07-10T16:54:51.010000 53.6367 40.8125 0
2025-07-10T16:54:52.011000 53.6367 40.8125 16384
2025-07-10T16:54:53.010000 53.621100000000006 40.8125 16384
2025-07-10T16:54:54.010000 53.6367 40.8125 16384
2025-07-10T16:54:55.011000 53.65229999999999 40.8125 16384
2025-07-10T16:54:56.010000 53.65229999999999 40.8275 16384
2025-07-10T16:54:57.010000 53.65229999999999 40.875 16384
2025-07-10T16:54:58.011000 53.65229999999999 40.875 16384
2025-07-10T16:54:59.010000 53.6367 40.875 16384
2025-07-10T16:55:00.010000 53.65229999999999 40.875 16384
2025-07-10T16:55:01.010000 53.67946600000001 40.875 16384
2025-07-10T16:55:02.010000 53.66799999999999 40.875 0
2025-07-10T16:55:03.010000 53.66799999999999 40.875 0
2025-07-10T16:55:04.010000 53.66799999999999 40.875 0
2025-07-10T16:55:05.010000 53.66799999999999 40.875 0
2025-07-10T16:55:06.010000 53.667685999999996 40.875 0
2025-07-10T16:55:07.010000 53.65198799999998 40.875 0
2025-07-10T16:55:08.011000 53.637012 40.875 0
2025-07-10T16:55:09.010000 53.65198799999998 40.875 0
2025-07-10T16:55:10.010000 53.636388000000004 40.875 0
2025-07-10T16:55:11.010000 53.621724 40.875 0
2025-07-10T16:55:12.010000 53.636076 40.875 0
2025-07-10T16:55:13.010000 53.621100000000006 40.875 0
2025-07-10T16:55:14.010000 53.621724 40.875 0
2025-07-10T16:55:15.010000 53.6367 40.875 0
2025-07-10T16:55:16.010000 53.636076 40.875 0
2025-07-10T16:55:17.011000 53.622976 40.875 0
2025-07-10T16:55:18.010000 53.666748 40.875 0
2025-07-10T16:55:19.010000 53.6367 40.875 16384
2025-07-10T16:55:20.010000 53.6367 40.875 16384
2025-07-10T16:55:21.010000 53.637636 40.875 16384
2025-07-10T16:55:22.010000 53.65229999999999 40.875 0
2025-07-10T16:55:23.010000 53.65324199999999 40.875 0
2025-07-10T16:55:24.010000 53.667058 40.90125 0
2025-07-10T16:55:25.010000 53.65229999999999 40.9375 0
2025-07-10T16:55:26.010000 53.65324199999999 40.9375 0
2025-07-10T16:55:27.010000 53.66799999999999 40.88125 0
2025-07-10T16:55:28.011000 53.66799999999999 40.875 0
2025-07-10T16:55:29.010000 53.66799999999999 40.875 0
2025-07-10T16:55:30.010000 53.66799999999999 40.875 0
2025-07-10T16:55:31.010000 53.65229999999999 40.875 0
2025-07-10T16:55:32.010000 53.66799999999999 40.875 0
2025-07-10T16:55:33.010000 53.66799999999999 40.875 0
2025-07-10T16:55:34.010000 53.66799999999999 40.875 0
2025-07-10T16:55:35.010000 53.66799999999999 40.875 0
2025-07-10T16:55:36.010000 53.66799999999999 40.875 0
2025-07-10T16:55:37.010000 53.65229999999999 40.875 0
2025-07-10T16:55:38.010000 53.652613999999986 40.875 0
2025-07-10T16:55:39.010000 53.66799999999999 40.875 0
2025-07-10T16:55:40.011000 53.667685999999996 40.875 0
2025-07-10T16:55:41.010000 53.652613999999986 40.875 0
2025-07-10T16:55:42.010000 53.667685999999996 40.875 0
2025-07-10T16:55:43.010000 53.652613999999986 40.875 0
2025-07-10T16:55:44.010000 53.66799999999999 40.875 0
2025-07-10T16:55:45.010000 53.667685999999996 40.875 0
2025-07-10T16:55:46.010000 53.652847999999985 40.875 0
2025-07-10T16:55:47.010000 53.67946600000001 40.875 0
2025-07-10T16:55:48.010000 53.66799999999999 40.875 0
2025-07-10T16:55:49.010000 53.66846799999999 40.8675 0
2025-07-10T16:55:50.010000 53.67923200000001 40.8125 0
2025-07-10T16:55:51.010000 53.66737199999999 40.8125 0
2025-07-10T16:55:52.010000 53.653395999999994 40.8125 0
2025-07-10T16:55:53.010000 53.67970000000001 40.8125 0
2025-07-10T16:55:54.010000 53.67923200000001 40.8125 0
2025-07-10T16:55:55.010000 53.669092 40.8125 0
2025-07-10T16:55:56.015000 53.694207999999996 40.8125 0
2025-07-10T16:55:57.010000 53.668701999999996 40.8125 0
2025-07-10T16:55:58.010000 53.67970000000001 40.8125 0
2025-07-10T16:55:59.010000 53.67970000000001 40.8125 0
2025-07-10T16:56:00.010000 53.67970000000001 40.8125 0
2025-07-10T16:56:01.010000 53.67970000000001 40.8125 0
2025-07-10T16:56:02.010000 53.681572 40.8125 0
2025-07-10T16:56:03.011000 53.7109 40.8125 0
2025-07-10T16:56:04.010000 53.709964 40.8125 0
2025-07-10T16:56:05.010000 53.69529999999999 40.8125 0
2025-07-10T16:56:06.010000 53.69529999999999 40.8125 0
2025-07-10T16:56:07.010000 53.69529999999999 40.8125 0
2025-07-10T16:56:08.010000 53.69529999999999 40.8125 0
2025-07-10T16:56:09.010000 53.67970000000001 40.8125 0
2025-07-10T16:56:10.010000 53.69529999999999 40.7575 0
2025-07-10T16:56:11.010000 53.67970000000001 40.75 0
2025-07-10T16:56:12.010000 53.69529999999999 40.75 0
2025-07-10T16:56:13.010000 53.7109 40.75 0
2025-07-10T16:56:14.010000 53.7109 40.75 0
2025-07-10T16:56:15.010000 53.7109 40.75 0
2025-07-10T16:56:16.010000 53.7109 40.75 0
2025-07-10T16:56:17.010000 53.7109 40.75 0
2025-07-10T16:56:18.011000 53.711214 40.75 0
2025-07-10T16:56:19.010000 53.726286 40.75 0
2025-07-10T16:56:20.010000 53.711214 40.70125 0
2025-07-10T16:56:21.010000 53.726286 40.6875 0
2025-07-10T16:56:22.010000 53.711214 40.6875 0
2025-07-10T16:56:23.010000 53.7266 40.6875 0
2025-07-10T16:56:24.010000 53.7266 40.6875 0
2025-07-10T16:56:25.010000 53.7266 40.6875 0
2025-07-10T16:56:26.010000 53.7266 40.6875 0
2025-07-10T16:56:27.010000 53.727847999999994 40.6875 0
2025-07-10T16:56:28.010000 53.757176 40.6875 0
2025-07-10T16:56:29.010000 53.74220000000001 40.6875 0
2025-07-10T16:56:30.010000 53.741576 40.64625 0
2025-07-10T16:56:31.010000 53.7266 40.625 0
2025-07-10T16:56:32.010000 53.7266 40.625 0
2025-07-10T16:56:33.010000 53.725972 40.625 0
2025-07-10T16:56:34.010000 53.709964 40.625 0
2025-07-10T16:56:35.010000 53.69529999999999 40.625 0
2025-07-10T16:56:36.010000 53.69436399999999 40.625 0
2025-07-10T16:56:37.010000 53.67899800000001 40.625 0
2025-07-10T16:56:38.010000 53.668701999999996 40.625 0
2025-07-10T16:56:39.010000 53.67899800000001 40.625 0
2025-07-10T16:56:40.010000 53.668701999999996 40.625 0
2025-07-10T16:56:41.011000 53.67970000000001 40.625 0
2025-07-10T16:56:42.010000 53.67899800000001 40.625 0
2025-07-10T16:56:43.010000 53.668701999999996 40.625 0
2025-07-10T16:56:44.010000 53.67970000000001 40.625 0
2025-07-10T16:56:45.010000 53.66799999999999 40.59375 0
2025-07-10T16:56:46.010000 53.67970000000001 40.5625 0
2025-07-10T16:56:47.010000 53.67970000000001 40.5625 0
2025-07-10T16:56:48.010000 53.67970000000001 40.5625 0
2025-07-10T16:56:49.010000 53.67970000000001 40.5625 0
2025-07-10T16:56:50.010000 53.69529999999999 40.5625 0
2025-07-10T16:56:51.010000 53.67970000000001 40.5625 0
2025-07-10T16:56:52.010000 53.67970000000001 40.5625 0
2025-07-10T16:56:53.010000 53.67970000000001 40.50625 0
2025-07-10T16:56:54.010000 53.680012000000005 40.5 0
2025-07-10T16:56:55.010000 53.69529999999999 40.5 0
2025-07-10T16:56:56.010000 53.69529999999999 40.5 0
2025-07-10T16:56:57.010000 53.69529999999999 40.5 0
2025-07-10T16:56:58.010000 53.69561199999999 40.5 0
2025-07-10T16:56:59.010000 53.7109 40.5 0
2025-07-10T16:57:00.010000 53.711214 40.5 0
2025-07-10T16:57:01.010000 53.72597400000001 40.5 0
2025-07-10T16:57:02.010000 53.69561199999999 40.5 0
2025-07-10T16:57:03.010000 53.711528 40.5 0
2025-07-10T16:57:04.010000 53.725972 40.5 0
2025-07-10T16:57:05.010000 53.7109 40.48375 0
2025-07-10T16:57:06.010000 53.7109 40.4375 0
2025-07-10T16:57:07.010000 53.7109 40.4375 0
2025-07-10T16:57:08.010000 53.711528 40.4375 0
2025-07-10T16:57:09.010000 53.7266 40.4375 0
2025-07-10T16:57:10.010000 53.7266 40.4375 0
2025-07-10T16:57:11.010000 53.72722400000001 40.4375 0
2025-07-10T16:57:12.010000 53.74126400000001 40.4375 0
2025-07-10T16:57:13.010000 53.727536 40.3975 0
2025-07-10T16:57:14.010000 53.74126400000001 40.375 0
2025-07-10T16:57:15.010000 53.725658 40.375 0
2025-07-10T16:57:16.010000 53.709964 40.375 0
2025-07-10T16:57:17.010000 53.69623599999999 40.375 0
2025-07-10T16:57:18.010000 53.7109 40.375 0
2025-07-10T16:57:19.010000 53.712778 40.375 0
2025-07-10T16:57:20.010000 53.740322000000006 40.375 0
2025-07-10T16:57:21.010000 53.7109 40.375 0
2025-07-10T16:57:22.010000 53.711842 40.375 0
2025-07-10T16:57:23.010000 53.7266 40.375 0
2025-07-10T16:57:24.010000 53.74220000000001 40.375 0
2025-07-10T16:57:25.010000 53.7109 40.37375 0
2025-07-10T16:57:26.010000 53.69529999999999 40.3125 0
2025-07-10T16:57:27.011000 53.7109 40.3125 0
2025-07-10T16:57:28.010000 53.7266 40.3125 0
2025-07-10T16:57:29.010000 53.726286 40.3125 0
2025-07-10T16:57:30.010000 53.711214 40.3125 0
2025-07-10T16:57:31.010000 53.726286 40.3125 0
2025-07-10T16:57:32.010000 53.7109 40.3125 0
2025-07-10T16:57:33.010000 53.7109 40.3125 0
2025-07-10T16:57:34.010000 53.7109 40.3125 0
2025-07-10T16:57:35.010000 53.711214 40.3125 0
2025-07-10T16:57:36.010000 53.72597400000001 40.3125 0
2025-07-10T16:57:37.010000 53.69561199999999 40.3125 0
2025-07-10T16:57:38.010000 53.7109 40.28875 0
2025-07-10T16:57:39.010000 53.7109 40.25 0
2025-07-10T16:57:40.010000 53.711528 40.25 0
2025-07-10T16:57:41.010000 53.7266 40.25 0
2025-07-10T16:57:42.010000 53.725972 40.25 0
2025-07-10T16:57:43.010000 53.711528 40.25 0
2025-07-10T16:57:44.011000 53.725972 40.25 0
2025-07-10T16:57:45.010000 53.711528 40.25 0
2025-07-10T16:57:46.012000 53.725972 40.25 0
2025-07-10T16:57:47.010000 53.711528 40.25 0
2025-07-10T16:57:48.010000 53.7266 40.25 0
2025-07-10T16:57:49.010000 53.7266 40.25 0
2025-07-10T16:57:50.010000 53.7266 40.25 0
2025-07-10T16:57:51.010000 53.7266 40.20375 0
2025-07-10T16:57:52.010000 53.7266 40.1875 0
2025-07-10T16:57:53.010000 53.727536 40.1875 0
2025-07-10T16:57:54.010000 53.74220000000001 40.1875 0
2025-07-10T16:57:55.010000 53.74220000000001 40.1875 0
2025-07-10T16:57:56.010000 53.74220000000001 40.1875 0
2025-07-10T16:57:57.010000 53.74220000000001 40.1875 0
2025-07-10T16:57:58.010000 53.74220000000001 40.17875 0
2025-07-10T16:57:59.010000 53.74313600000001 40.125 0
2025-07-10T16:58:00.010000 53.75686399999999 40.125 0
2025-07-10T16:58:01.010000 53.74220000000001 40.125 0
2025-07-10T16:58:02.010000 53.75779999999999 40.125 0
2025-07-10T16:58:03.010000 53.74220000000001 40.125 0
2025-07-10T16:58:04.010000 53.75779999999999 40.125 0
2025-07-10T16:58:05.010000 53.75779999999999 40.125 0
2025-07-10T16:58:06.010000 53.7734 40.125 0
2025-07-10T16:58:07.010000 53.72722400000001 40.125 0
2025-07-10T16:58:08.010000 53.75811199999999 40.125 0
2025-07-10T16:58:09.010000 53.7734 40.125 0
2025-07-10T16:58:10.010000 53.7734 40.125 0
2025-07-10T16:58:11.010000 53.773088 40.0925 0
2025-07-10T16:58:12.010000 53.75811199999999 40.0625 0
2025-07-10T16:58:13.010000 53.773088 40.0625 0
2025-07-10T16:58:14.011000 53.75811199999999 40.0625 0
2025-07-10T16:58:15.010000 53.7734 40.0625 0
2025-07-10T16:58:16.013000 53.7734 40.0625 0
2025-07-10T16:58:17.010000 53.77277599999999 40.0625 0
2025-07-10T16:58:18.010000 53.74220000000001 40.0625 0
2025-07-10T16:58:19.010000 53.742824 40.0625 0
2025-07-10T16:58:20.010000 53.75779999999999 40.0625 0
2025-07-10T16:58:21.010000 53.758424 40.0625 0
2025-07-10T16:58:22.010000 53.77277599999999 40.0625 0
2025-07-10T16:58:23.010000 53.75779999999999 40.0625 0
2025-07-10T16:58:24.010000 53.758424 40.00625 0
2025-07-10T16:58:25.010000 53.77277599999999 40.0 0
2025-07-10T16:58:26.010000 53.758424 40.0 0
2025-07-10T16:58:27.010000 53.774496 40.0 0
2025-07-10T16:58:28.010000 53.79822 40.0 0
2025-07-10T16:58:29.010000 53.75873599999999 40.0 0
2025-07-10T16:58:30.010000 53.7734 40.0 0
2025-07-10T16:58:31.010000 53.774342 40.0 0
2025-07-10T16:58:32.010000 53.788158 40.0 0
2025-07-10T16:58:33.010000 53.774342 40.0 0
2025-07-10T16:58:34.010000 53.787222 39.95 0
2025-07-10T16:58:35.010000 53.75873599999999 39.9375 0
2025-07-10T16:58:36.010000 53.772464 39.9375 0
2025-07-10T16:58:37.010000 53.75873599999999 39.9375 0
2025-07-10T16:58:38.010000 53.7734 39.9375 0
2025-07-10T16:58:39.010000 53.7734 39.9375 0
2025-07-10T16:58:40.010000 53.75779999999999 39.9375 0
2025-07-10T16:58:41.010000 53.7734 39.9375 0
2025-07-10T16:58:42.010000 53.7891 39.9375 0
2025-07-10T16:58:43.010000 53.75779999999999 39.9375 0
2025-07-10T16:58:44.010000 53.74220000000001 39.8925 0
2025-07-10T16:58:45.010000 53.757487999999995 39.875 0
2025-07-10T16:58:46.010000 53.742512000000005 39.875 0
2025-07-10T16:58:47.010000 53.75811199999999 39.875 0
2025-07-10T16:58:48.010000 53.773088 39.875 0
2025-07-10T16:58:49.010000 53.757487999999995 39.875 0
2025-07-10T16:58:50.010000 53.742512000000005 39.875 0
2025-07-10T16:58:51.010000 53.75811199999999 39.875 0
2025-07-10T16:58:52.010000 53.773088 39.875 0
2025-07-10T16:58:53.010000 53.75779999999999 39.875 0
2025-07-10T16:58:54.010000 53.75779999999999 39.875 0
2025-07-10T16:58:55.010000 53.75779999999999 39.875 0
2025-07-10T16:58:56.010000 53.758424 39.8725 0
2025-07-10T16:58:57.010000 53.772152000000006 39.8125 0
2025-07-10T16:58:58.010000 53.74220000000001 39.8125 0
2025-07-10T16:58:59.010000 53.74344800000001 39.8125 0
2025-07-10T16:59:00.010000 53.772152000000006 39.8125 0
2025-07-10T16:59:01.010000 53.74344800000001 39.8125 0
2025-07-10T16:59:02.010000 53.772152000000006 39.8125 0
2025-07-10T16:59:03.010000 53.74220000000001 39.8125 0
2025-07-10T16:59:04.010000 53.74220000000001 39.8125 0
2025-07-10T16:59:05.010000 53.74220000000001 39.8125 0
2025-07-10T16:59:06.010000 53.74220000000001 39.8125 0
2025-07-10T16:59:07.010000 53.74126400000001 39.8125 0
2025-07-10T16:59:08.010000 53.727536 39.8125 0
2025-07-10T16:59:09.010000 53.74220000000001 39.8125 0
2025-07-10T16:59:10.010000 53.74220000000001 39.8125 0
2025-07-10T16:59:11.010000 53.74313600000001 39.8125 0
2025-07-10T16:59:12.010000 53.75686399999999 39.7575 0
2025-07-10T16:59:13.011000 53.744072 39.75 0
2025-07-10T16:59:14.010000 53.77059199999999 39.75 0
2025-07-10T16:59:15.010000 53.727536 39.75 0
2025-07-10T16:59:16.010000 53.74313600000001 39.75 0
2025-07-10T16:59:17.010000 53.75779999999999 39.75 0
2025-07-10T16:59:18.010000 53.75779999999999 39.75 0
2025-07-10T16:59:19.010000 53.75779999999999 39.75 0
2025-07-10T16:59:20.010000 53.74220000000001 39.75 0
2025-07-10T16:59:21.010000 53.74220000000001 39.75 0
2025-07-10T16:59:22.010000 53.7266 39.75 0
2025-07-10T16:59:23.010000 53.773088 39.75 0
2025-07-10T16:59:24.010000 53.757487999999995 39.75 0
2025-07-10T16:59:25.010000 53.742512000000005 39.75 0
2025-07-10T16:59:26.010000 53.75779999999999 39.75 0
2025-07-10T16:59:27.010000 53.757487999999995 39.7075 0
2025-07-10T16:59:28.010000 53.742512000000005 39.6875 0
2025-07-10T16:59:29.010000 53.75779999999999 39.6875 0
2025-07-10T16:59:30.010000 53.75779999999999 39.6875 0
2025-07-10T16:59:31.010000 53.757487999999995 39.6875 0
2025-07-10T16:59:32.010000 53.74220000000001 39.6875 0
2025-07-10T16:59:33.010000 53.74220000000001 39.6875 0
2025-07-10T16:59:34.010000 53.74220000000001 39.6875 0
2025-07-10T16:59:35.010000 53.74344800000001 39.6875 0
2025-07-10T16:59:36.010000 53.77277599999999 39.6875 0
2025-07-10T16:59:37.010000 53.757176 39.6875 0
2025-07-10T16:59:38.010000 53.742824 39.6875 0
2025-07-10T16:59:39.010000 53.757176 39.685 0
2025-07-10T16:59:40.010000 53.742824 39.625 0
2025-07-10T16:59:41.010000 53.758424 39.625 0
2025-07-10T16:59:42.010000 53.7734 39.625 0
2025-07-10T16:59:43.010000 53.7734 39.625 0
2025-07-10T16:59:44.013000 53.7734 39.625 0
2025-07-10T16:59:45.011000 53.772464 39.625 0
2025-07-10T16:59:46.010000 53.75779999999999 39.625 0
2025-07-10T16:59:47.010000 53.75779999999999 39.625 0
2025-07-10T16:59:48.010000 53.75873599999999 39.625 0
2025-07-10T16:59:49.010000 53.7734 39.625 0
2025-07-10T16:59:50.010000 53.7734 39.56875 0
2025-07-10T16:59:51.010000 53.7734 39.5625 0
2025-07-10T16:59:52.010000 53.7734 39.5625 0
2025-07-10T16:59:53.010000 53.7734 39.5625 0
2025-07-10T16:59:54.010000 53.7734 39.5625 0
2025-07-10T16:59:55.010000 53.7734 39.5625 0
2025-07-10T16:59:56.010000 53.75779999999999 39.5625 0
2025-07-10T16:59:57.010000 53.7734 39.5625 0
2025-07-10T16:59:58.010000 53.75779999999999 39.5625 0
2025-07-10T16:59:59.010000 53.758426 39.5625 0
2025-07-10T17:00:00.010000 53.788786 39.51125 0
2025-07-10T17:00:01.010000 53.7734 39.5 0
2025-07-10T17:00:02.010000 53.7734 39.5 0
2025-07-10T17:00:03.010000 53.773714 39.5 0
2025-07-10T17:00:04.010000 53.7891 39.5 0
2025-07-10T17:00:05.010000 53.7891 39.5 0
2025-07-10T17:00:06.010000 53.7891 39.5 0
2025-07-10T17:00:07.010000 53.7891 39.5 0
2025-07-10T17:00:08.010000 53.788472 39.5 0
2025-07-10T17:00:09.010000 53.7734 39.5 0
2025-07-10T17:00:10.010000 53.773088 39.5 0
2025-07-10T17:00:11.010000 53.758424 39.5 0
2025-07-10T17:00:12.010000 53.77277599999999 39.5 0
2025-07-10T17:00:13.010000 53.758424 39.5 0
2025-07-10T17:00:14.010000 53.7734 39.5 0
2025-07-10T17:00:15.010000 53.7734 39.5 0
2025-07-10T17:00:16.010000 53.774028 39.5 0
2025-07-10T17:00:17.013000 53.7891 39.49125 0
2025-07-10T17:00:18.010000 53.788472 39.4375 0
2025-07-10T17:00:19.012000 53.7734 39.4375 0
2025-07-10T17:00:20.010000 53.775044 39.4375 0
2025-07-10T17:00:21.010000 53.799156 39.4375 0
2025-07-10T17:00:22.010000 53.7734 39.4375 0
2025-07-10T17:00:23.010000 53.7734 39.4375 0
2025-07-10T17:00:24.010000 53.774342 39.4375 0
2025-07-10T17:00:25.010000 53.7891 39.4375 0
2025-07-10T17:00:26.010000 53.7891 39.4375 0
2025-07-10T17:00:27.010000 53.789802 39.4375 0
2025-07-10T17:00:28.010000 53.8008 39.4375 0
2025-07-10T17:00:29.010000 53.799864 39.4375 0
2025-07-10T17:00:30.010000 53.790036 39.4375 0
2025-07-10T17:00:31.010000 53.8008 39.4375 0
2025-07-10T17:00:32.010000 53.8008 39.4375 0
2025-07-10T17:00:33.010000 53.8008 39.37875 0
2025-07-10T17:00:34.010000 53.8008 39.375 0
2025-07-10T17:00:35.010000 53.816399999999994 39.375 0
2025-07-10T17:00:36.010000 53.816399999999994 39.375 0
2025-07-10T17:00:37.010000 53.816399999999994 39.375 0
2025-07-10T17:00:38.010000 53.81671199999999 39.375 0
2025-07-10T17:00:39.010000 53.831376 39.375 0
2025-07-10T17:00:40.010000 53.801111999999996 39.375 0
2025-07-10T17:00:41.010000 53.816088 39.375 0
2025-07-10T17:00:42.010000 53.801424 39.375 0
2025-07-10T17:00:43.010000 53.83200000000001 39.375 0
2025-07-10T17:00:44.010000 53.83200000000001 39.375 0
2025-07-10T17:00:45.010000 53.83168799999999 39.35625 0
2025-07-10T17:00:46.010000 53.816399999999994 39.3125 0
2025-07-10T17:00:47.010000 53.816399999999994 39.3125 0
2025-07-10T17:00:48.011000 53.817024 39.3125 0
2025-07-10T17:00:49.010000 53.83262800000001 39.3125 0
2025-07-10T17:00:50.010000 53.84644800000001 39.3125 0
2025-07-10T17:00:51.010000 53.817024 39.3125 0
2025-07-10T17:00:52.010000 53.83200000000001 39.3125 0
2025-07-10T17:00:53.010000 53.83262800000001 39.3125 0
2025-07-10T17:00:54.010000 53.84832400000001 39.3125 0
2025-07-10T17:00:55.010000 53.862047999999994 39.3125 0
2025-07-10T17:00:56.010000 53.83200000000001 39.3125 0
2025-07-10T17:00:57.010000 53.83481400000001 39.3125 0
2025-07-10T17:00:58.010000 53.876085999999994 39.2725 0
2025-07-10T17:00:59.010000 53.833878000000006 39.25 0
2025-07-10T17:01:00.010000 53.861422000000005 39.25 0
2025-07-10T17:01:01.010000 53.832942 39.25 0
2025-07-10T17:01:02.010000 53.848636000000006 39.25 0
2025-07-10T17:01:03.010000 53.8633 39.25 0
2025-07-10T17:01:04.010000 53.8633 39.25 0
2025-07-10T17:01:05.010000 53.862364 39.25 0
2025-07-10T17:01:06.010000 53.84770000000001 39.25 0
2025-07-10T17:01:07.010000 53.84770000000001 39.25 0
2025-07-10T17:01:08.010000 53.84894800000001 39.25 0
2025-07-10T17:01:09.010000 53.86454799999999 39.25 0
2025-07-10T17:01:10.010000 53.878899999999994 39.25 0
2025-07-10T17:01:11.010000 53.878899999999994 39.25 0
2025-07-10T17:01:12.010000 53.863611999999996 39.25 0
2025-07-10T17:01:13.010000 53.878899999999994 39.25 0
2025-07-10T17:01:14.010000 53.878588 39.25 0
2025-07-10T17:01:15.010000 53.863611999999996 39.25 0
2025-07-10T17:01:16.010000 53.878588 39.19125 0
2025-07-10T17:01:17.010000 53.8633 39.1875 0
2025-07-10T17:01:18.010000 53.8633 39.1875 0
2025-07-10T17:01:19.010000 53.863611999999996 39.1875 0
2025-07-10T17:01:20.010000 53.878899999999994 39.1875 0
2025-07-10T17:01:21.011000 53.87921199999999 39.1875 0
2025-07-10T17:01:22.010000 53.894968000000006 39.1875 0
2025-07-10T17:01:23.010000 53.906200000000005 39.1875 0
2025-07-10T17:01:24.010000 53.905108 39.1875 0
2025-07-10T17:01:25.010000 53.879992 39.1875 0
2025-07-10T17:01:26.010000 53.90573200000001 39.13625 0
2025-07-10T17:01:27.010000 53.894968000000006 39.125 0
2025-07-10T17:01:28.011000 53.90573200000001 39.125 0
2025-07-10T17:01:29.010000 53.893876 39.125 0
2025-07-10T17:01:30.011000 53.878899999999994 39.125 0
2025-07-10T17:01:31.010000 53.878899999999994 39.125 0
2025-07-10T17:01:32.010000 53.878899999999994 39.125 0
2025-07-10T17:01:33.010000 53.879836 39.125 0
2025-07-10T17:01:34.011000 53.89450000000001 39.125 0
2025-07-10T17:01:35.010000 53.89450000000001 39.125 0
2025-07-10T17:01:36.010000 53.893564000000005 39.125 0
2025-07-10T17:01:37.010000 53.880537999999994 39.125 0
2025-07-10T17:01:38.010000 53.906200000000005 39.125 0
2025-07-10T17:01:39.010000 53.90549800000001 39.125 0
2025-07-10T17:01:40.010000 53.89450000000001 39.125 0
2025-07-10T17:01:41.010000 53.893564000000005 39.125 0
2025-07-10T17:01:42.010000 53.879836 39.125 0
2025-07-10T17:01:43.010000 53.89450000000001 39.11875 0
2025-07-10T17:01:44.010000 53.89543600000001 39.0625 0
2025-07-10T17:01:45.010000 53.90526400000001 39.0625 0
2025-07-10T17:01:46.010000 53.89450000000001 39.0625 0
2025-07-10T17:01:47.010000 53.893252000000004 39.0625 0
2025-07-10T17:01:48.010000 53.878899999999994 39.0625 0
2025-07-10T17:01:49.010000 53.877652 39.0625 0
2025-07-10T17:01:50.010000 53.863924 39.0625 0
2025-07-10T17:01:51.010000 53.89450000000001 39.0625 0
2025-07-10T17:01:52.010000 53.89418799999999 39.0625 0
2025-07-10T17:01:53.010000 53.87921199999999 39.0625 0
2025-07-10T17:01:54.010000 53.89418799999999 39.0625 0
2025-07-10T17:01:55.010000 53.87921199999999 39.0625 0
2025-07-10T17:01:56.010000 53.89418799999999 39.0625 0
2025-07-10T17:01:57.010000 53.87921199999999 39.0625 0
2025-07-10T17:01:58.010000 53.89450000000001 39.0625 0
2025-07-10T17:01:59.010000 53.89450000000001 39.0625 0
2025-07-10T17:02:00.010000 53.894968000000006 39.0625 0
2025-07-10T17:02:01.010000 53.90573200000001 39.03375 0
2025-07-10T17:02:02.010000 53.89450000000001 39.0 0
2025-07-10T17:02:03.010000 53.89450000000001 39.0 0
2025-07-10T17:02:04.010000 53.89450000000001 39.0 0
2025-07-10T17:02:05.010000 53.89450000000001 39.0 0
2025-07-10T17:02:06.010000 53.894968000000006 39.0 0
2025-07-10T17:02:07.010000 53.90573200000001 39.0 0
2025-07-10T17:02:08.010000 53.893876 39.0 0
2025-07-10T17:02:09.010000 53.88147999999999 39.0 0
2025-07-10T17:02:10.010000 53.92190000000001 39.0 0
2025-07-10T17:02:11.010000 53.92190000000001 39.0 0
2025-07-10T17:02:12.011000 53.920958 39.0 0
2025-07-10T17:02:13.011000 53.90549800000001 39.0 0
2025-07-10T17:02:14.011000 53.89520200000001 38.94875 2
2025-07-10T17:02:15.010000 53.908078 38.9375 2
2025-07-10T17:02:16.010000 53.933984 38.9375 2
2025-07-10T17:02:17.010000 53.879836 38.9375 2
2025-07-10T17:02:18.010000 53.89520200000001 38.9375 2
2025-07-10T17:02:19.010000 53.907456 38.9375 2
2025-07-10T17:02:20.010000 53.919708 38.9375 2
2025-07-10T17:02:21.010000 53.893252000000004 38.9375 2
2025-07-10T17:02:22.010000 53.880148 38.9375 2
2025-07-10T17:02:23.010000 53.89450000000001 38.9375 2
2025-07-10T17:02:24.010000 53.89450000000001 38.9375 2
2025-07-10T17:02:25.010000 53.89450000000001 38.9375 2
2025-07-10T17:02:26.010000 53.89450000000001 38.9375 2
2025-07-10T17:02:27.010000 53.892004 38.9375 2
2025-07-10T17:02:28.010000 53.8633 38.9375 2
2025-07-10T17:02:29.010000 53.863611999999996 38.9375 2
2025-07-10T17:02:30.010000 53.87921199999999 38.9375 2
2025-07-10T17:02:31.010000 53.89418799999999 38.9325 2
2025-07-10T17:02:32.010000 53.878899999999994 38.875 2
2025-07-10T17:02:33.010000 53.87921199999999 38.875 2
2025-07-10T17:02:34.010000 53.893876 38.875 2
2025-07-10T17:02:35.010000 53.86454799999999 38.875 2
2025-07-10T17:02:36.010000 53.89450000000001 38.875 2
2025-07-10T17:02:37.010000 53.893252000000004 38.875 2
2025-07-10T17:02:38.010000 53.8633 38.875 2
2025-07-10T17:02:39.010000 53.863924 38.875 2
2025-07-10T17:02:40.010000 53.878899999999994 38.875 2
2025-07-10T17:02:41.010000 53.878899999999994 38.875 2
2025-07-10T17:02:42.010000 53.878899999999994 38.875 2
2025-07-10T17:02:43.010000 53.878899999999994 38.875 2
2025-07-10T17:02:44.010000 53.878899999999994 38.8475 2
2025-07-10T17:02:45.010000 53.878899999999994 38.8125 2
2025-07-10T17:02:46.010000 53.879836 38.8125 2
2025-07-10T17:02:47.011000 53.893564000000005 38.8125 2
2025-07-10T17:02:48.010000 53.878899999999994 38.8125 2
2025-07-10T17:02:49.010000 53.879836 38.8125 2
2025-07-10T17:02:50.010000 53.89450000000001 38.8125 2
2025-07-10T17:02:51.010000 53.89520200000001 38.8125 2
2025-07-10T17:02:52.010000 53.90549800000001 38.8125 2
2025-07-10T17:02:53.010000 53.893564000000005 38.8125 2
2025-07-10T17:02:54.010000 53.880537999999994 38.8125 2
2025-07-10T17:02:55.010000 53.906200000000005 38.8125 2
2025-07-10T17:02:56.010000 53.904016 38.8125 2
2025-07-10T17:02:57.011000 53.878899999999994 38.8125 2
2025-07-10T17:02:58.010000 53.878899999999994 38.8125 2
2025-07-10T17:02:59.010000 53.878899999999994 38.7975 2
2025-07-10T17:03:00.010000 53.880148 38.75 2
2025-07-10T17:03:01.010000 53.893252000000004 38.75 2
2025-07-10T17:03:02.010000 53.880148 38.75 2
2025-07-10T17:03:03.010000 53.89450000000001 38.75 2
2025-07-10T17:03:04.010000 53.893252000000004 38.75 2
2025-07-10T17:03:05.010000 53.878899999999994 38.75 2
2025-07-10T17:03:06.010000 53.87921199999999 38.75 2
2025-07-10T17:03:07.010000 53.89450000000001 38.75 2
2025-07-10T17:03:08.010000 53.89473400000001 38.75 2
2025-07-10T17:03:09.010000 53.905654 38.75 2
2025-07-10T17:03:10.010000 53.87944599999999 38.75 2
2025-07-10T17:03:11.010000 53.906200000000005 38.75 2
2025-07-10T17:03:12.013000 53.906200000000005 38.75 2
2025-07-10T17:03:13.010000 53.906828000000004 38.75 2
2025-07-10T17:03:14.010000 53.92127200000001 38.75 2
2025-07-10T17:03:15.010000 53.906200000000005 38.75 2
2025-07-10T17:03:16.010000 53.906828000000004 38.75 2
2025-07-10T17:03:17.010000 53.92190000000001 38.71875 2
2025-07-10T17:03:18.010000 53.92190000000001 38.6875 2
2025-07-10T17:03:19.011000 53.92190000000001 38.6875 2
2025-07-10T17:03:20.010000 53.92190000000001 38.6875 2
2025-07-10T17:03:21.010000 53.922524 38.6875 2
2025-07-10T17:03:22.011000 53.936876000000005 38.6875 2
2025-07-10T17:03:23.010000 53.92377200000001 38.6875 2
2025-07-10T17:03:24.010000 53.95122799999999 38.6875 2
2025-07-10T17:03:25.010000 53.922836000000004 38.6875 2
2025-07-10T17:03:26.010000 53.936564 38.6875 2
2025-07-10T17:03:27.010000 53.922836000000004 38.6875 2
2025-07-10T17:03:28.010000 53.9375 38.6875 2
2025-07-10T17:03:29.010000 53.9375 38.6875 2
2025-07-10T17:03:30.010000 53.936564 38.6875 2
2025-07-10T17:03:31.010000 53.92190000000001 38.6875 2
2025-07-10T17:03:32.010000 53.922836000000004 38.6875 2
2025-07-10T17:03:33.010000 53.9375 38.6875 2
2025-07-10T17:03:34.010000 53.936252 38.6875 2
2025-07-10T17:03:35.010000 53.923148 38.63625 2
2025-07-10T17:03:36.010000 53.938748 38.625 2
2025-07-10T17:03:37.010000 53.951852 38.625 2
2025-07-10T17:03:38.010000 53.938748 38.625 2
2025-07-10T17:03:39.010000 53.95309999999999 38.625 2
2025-07-10T17:03:40.010000 53.951852 38.625 2
2025-07-10T17:03:41.010000 53.936252 38.625 2
2025-07-10T17:03:42.010000 53.923148 38.625 2
2025-07-10T17:03:43.010000 53.9375 38.625 2
2025-07-10T17:03:44.010000 53.937188000000006 38.625 2
2025-07-10T17:03:45.010000 53.92190000000001 38.625 2
2025-07-10T17:03:46.010000 53.922524 38.625 2
2025-07-10T17:03:47.010000 53.952788 38.625 2
2025-07-10T17:03:48.010000 53.9375 38.625 2
2025-07-10T17:03:49.010000 53.9375 38.625 2
2025-07-10T17:03:50.010000 53.937811999999994 38.585 2
2025-07-10T17:03:51.010000 53.95372799999999 38.5625 2
2025-07-10T17:03:52.010000 53.968171999999996 38.5625 2
2025-07-10T17:03:53.010000 53.952476 38.5625 2
2025-07-10T17:03:54.010000 53.938123999999995 38.5625 2
2025-07-10T17:03:55.010000 53.95372799999999 38.5625 2
2025-07-10T17:03:56.010000 53.968171999999996 38.5625 2
2025-07-10T17:03:57.010000 53.95309999999999 38.5625 2
2025-07-10T17:03:58.010000 53.95309999999999 38.5625 2
2025-07-10T17:03:59.011000 53.95372799999999 38.5625 2
2025-07-10T17:04:00.010000 53.968799999999995 38.5625 2
2025-07-10T17:04:01.010000 53.967858 38.5625 2
2025-07-10T17:04:02.010000 53.95497799999999 38.5625 2
2025-07-10T17:04:03.010000 53.98252200000001 38.5625 2
2025-07-10T17:04:04.010000 53.954042 38.5625 2
2025-07-10T17:04:05.010000 53.968799999999995 38.5625 2
2025-07-10T17:04:06.010000 53.968799999999995 38.5625 2
2025-07-10T17:04:07.010000 53.968799999999995 38.5625 2
2025-07-10T17:04:08.010000 53.968799999999995 38.50625 2
2025-07-10T17:04:09.010000 53.96973599999999 38.5 2
2025-07-10T17:04:10.010000 53.98440000000001 38.5 2
2025-07-10T17:04:11.010000 53.98440000000001 38.5 2
2025-07-10T17:04:12.010000 53.98440000000001 38.5 2
2025-07-10T17:04:13.010000 53.98440000000001 38.5 2
2025-07-10T17:04:14.010000 53.985648 38.5 2
2025-07-10T17:04:15.010000 54.0 38.5 2
2025-07-10T17:04:16.010000 53.997504 38.5 2
2025-07-10T17:04:17.010000 53.970048 38.5 2
2025-07-10T17:04:18.015000 53.985648 38.5 2
2025-07-10T17:04:19.010000 53.998752 38.5 2
2025-07-10T17:04:20.010000 53.98440000000001 38.5 2
2025-07-10T17:04:21.011000 53.985648 38.5 2
2025-07-10T17:04:22.010000 54.0 38.5 2
2025-07-10T17:04:23.010000 54.0 38.45375 2
2025-07-10T17:04:24.010000 54.0 38.4375 2
2025-07-10T17:04:25.010000 54.0 38.45125 2
2025-07-10T17:04:26.010000 54.000234 38.5 2
2025-07-10T17:04:27.010000 54.0117 38.5 2
2025-07-10T17:04:28.010000 54.011466 38.4575 2
2025-07-10T17:04:29.010000 54.000468 38.4375 2
2025-07-10T17:04:30.010000 54.011232 38.4375 2
2025-07-10T17:04:31.010000 54.0 38.4375 2
2025-07-10T17:04:32.010000 54.000468 38.4375 2
2025-07-10T17:04:33.010000 54.012324 38.4375 2
2025-07-10T17:04:34.010000 54.02620799999999 38.4375 2
2025-07-10T17:04:35.010000 54.000468 38.4375 2
2025-07-10T17:04:36.010000 54.011232 38.4375 2
2025-07-10T17:04:37.010000 54.000468 38.4375 2
2025-07-10T17:04:38.010000 54.012324 38.4025 2
2025-07-10T17:04:39.010000 54.026363999999994 38.375 2
2025-07-10T17:04:40.010000 54.012636 38.375 2
2025-07-10T17:04:41.010000 54.02729999999999 38.375 2
2025-07-10T17:04:42.010000 54.026363999999994 38.375 2
2025-07-10T17:04:43.010000 54.0117 38.40625 2
2025-07-10T17:04:44.010000 54.012636 38.4375 2
2025-07-10T17:04:45.010000 54.02729999999999 38.4375 2
2025-07-10T17:04:46.012000 54.026363999999994 38.3775 2
2025-07-10T17:04:47.011000 54.012636 38.375 2
2025-07-10T17:04:48.010000 54.02729999999999 38.375 2
2025-07-10T17:04:49.010000 54.02729999999999 38.375 2
2025-07-10T17:04:50.010000 54.02729999999999 38.375 2
2025-07-10T17:04:51.010000 54.02855599999999 38.375 2
2025-07-10T17:04:52.010000 54.04299999999999 38.375 2
2025-07-10T17:04:53.010000 54.041744 38.375 2
2025-07-10T17:04:54.010000 54.02729999999999 38.375 2
2025-07-10T17:04:55.010000 54.02729999999999 38.375 2
2025-07-10T17:04:56.010000 54.02855599999999 38.375 2
2025-07-10T17:04:57.010000 54.041744 38.375 2
2025-07-10T17:04:58.010000 54.02729999999999 38.375 2
2025-07-10T17:04:59.010000 54.02729999999999 38.375 2
2025-07-10T17:05:00.010000 54.027613999999986 38.375 2
2025-07-10T17:05:01.010000 54.04331200000001 38.32375 2
2025-07-10T17:05:02.010000 54.05828800000001 38.3125 2
2025-07-10T17:05:03.010000 54.04299999999999 38.3125 2
2025-07-10T17:05:04.010000 54.04331200000001 38.3125 2
2025-07-10T17:05:05.010000 54.058600000000006 38.3125 2
2025-07-10T17:05:06.010000 54.05828800000001 38.3125 2
2025-07-10T17:05:07.010000 54.04299999999999 38.3125 2
2025-07-10T17:05:08.010000 54.043624 38.3125 2
2025-07-10T17:05:09.010000 54.059224 38.3125 2
2025-07-10T17:05:10.010000 54.07295200000001 38.3125 2
2025-07-10T17:05:11.010000 54.043624 38.3125 2
2025-07-10T17:05:12.010000 54.059848 38.3125 2
2025-07-10T17:05:13.010000 54.08917599999999 38.3125 2
2025-07-10T17:05:14.010000 54.073576 38.3125 2
2025-07-10T17:05:15.010000 54.058600000000006 38.3125 2
2025-07-10T17:05:16.010000 54.059224 38.27375 2
2025-07-10T17:05:17.010000 54.0742 38.25 2
2025-07-10T17:05:18.010000 54.0742 38.25 2
2025-07-10T17:05:19.010000 54.0742 38.25 2
2025-07-10T17:05:20.010000 54.0742 38.25 2
2025-07-10T17:05:21.010000 54.075136 38.25 2
2025-07-10T17:05:22.010000 54.088863999999994 38.25 2
2025-07-10T17:05:23.010000 54.073264 38.25 2
2025-07-10T17:05:24.010000 54.057664 38.25 2
2025-07-10T17:05:25.010000 54.044872 38.25 2
2025-07-10T17:05:26.010000 54.073264 38.25 2
2025-07-10T17:05:27.010000 54.058600000000006 38.25 2
2025-07-10T17:05:28.011000 54.059848 38.25 2
2025-07-10T17:05:29.010000 54.0742 38.25 2
2025-07-10T17:05:30.010000 54.0742 38.25 2
2025-07-10T17:05:31.010000 54.075447999999994 38.25 2
2025-07-10T17:05:32.010000 54.08979999999999 38.25 2
2025-07-10T17:05:33.010000 54.087303999999996 38.25 2
2025-07-10T17:05:34.010000 54.058600000000006 38.25 2
2025-07-10T17:05:35.010000 54.058600000000006 38.25 2
2025-07-10T17:05:36.010000 54.059848 38.22875 2
2025-07-10T17:05:37.010000 54.0742 38.1875 2
2025-07-10T17:05:38.010000 54.075447999999994 38.1875 2
2025-07-10T17:05:39.010000 54.08979999999999 38.1875 2
2025-07-10T17:05:40.010000 54.08948799999998 38.1875 2
2025-07-10T17:05:41.010000 54.074512 38.1875 2
2025-07-10T17:05:42.010000 54.08948799999998 38.1875 2
2025-07-10T17:05:43.010000 54.074512 38.1875 2
2025-07-10T17:05:44.010000 54.090113999999986 38.1875 2
2025-07-10T17:05:45.010000 54.10487199999999 38.1875 2
2025-07-10T17:05:46.010000 54.08979999999999 38.1875 2
2025-07-10T17:05:47.010000 54.090427999999996 38.1875 2
2025-07-10T17:05:48.010000 54.10487199999999 38.1875 2
2025-07-10T17:05:49.010000 54.08979999999999 38.1875 2
2025-07-10T17:05:50.010000 54.090427999999996 38.1875 2
2025-07-10T17:05:51.011000 54.10487199999999 38.1875 2
2025-07-10T17:05:52.010000 54.08979999999999 38.1875 2
2025-07-10T17:05:53.010000 54.090427999999996 38.1875 2
2025-07-10T17:05:54.010000 54.10549999999999 38.1875 2
2025-07-10T17:05:55.010000 54.10487199999999 38.1875 2
2025-07-10T17:05:56.010000 54.09074199999999 38.1875 2
2025-07-10T17:05:57.010000 54.10549999999999 38.1875 2
2025-07-10T17:05:58.010000 54.106435999999995 38.1875 2
2025-07-10T17:05:59.010000 54.121100000000006 38.15 2
2025-07-10T17:06:00.010000 54.120164 38.125 2
2025-07-10T17:06:01.011000 54.106435999999995 38.125 2
2025-07-10T17:06:02.010000 54.121100000000006 38.125 2
2025-07-10T17:06:03.010000 54.120164 38.125 2
2025-07-10T17:06:04.010000 54.10549999999999 38.125 2
2025-07-10T17:06:05.010000 54.106435999999995 38.125 2
2025-07-10T17:06:06.010000 54.121100000000006 38.125 2
2025-07-10T17:06:07.010000 54.121100000000006 38.125 2
2025-07-10T17:06:08.010000 54.119852 38.125 2
2025-07-10T17:06:09.010000 54.106747999999996 38.125 2
2025-07-10T17:06:10.010000 54.122036 38.125 2
2025-07-10T17:06:11.010000 54.13279999999999 38.125 2
2025-07-10T17:06:12.015000 54.13186399999999 38.125 2
2025-07-10T17:06:13.010000 54.122036 38.125 2
2025-07-10T17:06:14.010000 54.13279999999999 38.125 2
2025-07-10T17:06:15.010000 54.13186399999999 38.125 2
2025-07-10T17:06:16.010000 54.12227 38.125 2
2025-07-10T17:06:17.010000 54.13279999999999 38.06875 2
2025-07-10T17:06:18.010000 54.13311199999999 38.0625 2
2025-07-10T17:06:19.010000 54.148088 38.0625 2
2025-07-10T17:06:20.010000 54.13256599999999 38.0625 2
2025-07-10T17:06:21.010000 54.121568 38.0625 2
2025-07-10T17:06:22.010000 54.13279999999999 38.0625 2
2025-07-10T17:06:23.010000 54.133424 38.0625 2
2025-07-10T17:06:24.010000 54.14777599999999 38.0625 2
2025-07-10T17:06:25.010000 54.13279999999999 38.0625 2
2025-07-10T17:06:26.010000 54.13279999999999 38.0625 2
2025-07-10T17:06:27.013000 54.13279999999999 38.0625 2
2025-07-10T17:06:28.010000 54.13279999999999 38.0625 2
2025-07-10T17:06:29.010000 54.133424 38.0625 2
2025-07-10T17:06:30.010000 54.1484 38.0625 2
2025-07-10T17:06:31.010000 54.1484 38.0625 2
2025-07-10T17:06:32.010000 54.14777599999999 38.0625 2
2025-07-10T17:06:33.010000 54.13373599999999 38.0625 2
2025-07-10T17:06:34.010000 54.1484 38.0625 2
2025-07-10T17:06:35.010000 54.1484 38.0625 2
2025-07-10T17:06:36.010000 54.149342 38.0625 2
2025-07-10T17:06:37.010000 54.163158 38.0625 2
2025-07-10T17:06:38.010000 54.1484 38.0625 2
2025-07-10T17:06:39.010000 54.1484 38.05625 2
2025-07-10T17:06:40.010000 54.1484 38.0 2
2025-07-10T17:06:41.010000 54.1484 38.0 2
2025-07-10T17:06:42.010000 54.14965599999999 38.0 2
2025-07-10T17:06:43.010000 54.1641 38.0 2
2025-07-10T17:06:44.010000 54.161596 38.0 2
2025-07-10T17:06:45.010000 54.13404799999999 38.0 2
2025-07-10T17:06:46.010000 54.14965599999999 38.0 2
2025-07-10T17:06:47.010000 54.1641 38.0 2
2025-07-10T17:06:48.010000 54.161596 38.0 2
2025-07-10T17:06:49.010000 54.135304 38.0 2
2025-07-10T17:06:50.010000 54.16284400000001 37.93875 2
2025-07-10T17:06:51.010000 54.1484 37.9375 2
2025-07-10T17:06:52.010000 54.1484 37.965 2
2025-07-10T17:06:53.010000 54.14965599999999 38.0 2
2025-07-10T17:06:54.010000 54.16253 38.0 2
2025-07-10T17:06:55.010000 54.148714 38.0 2
2025-07-10T17:06:56.010000 54.1641 38.0 2
2025-07-10T17:06:57.010000 54.164412 37.97625 2
2025-07-10T17:06:58.010000 54.179076 37.9375 2
2025-07-10T17:06:59.010000 54.1641 37.9375 2
2025-07-10T17:07:00.010000 54.1641 37.9375 2
2025-07-10T17:07:01.010000 54.1641 37.9375 2
2025-07-10T17:07:02.010000 54.1641 37.9375 2
2025-07-10T17:07:03.010000 54.16472400000001 37.9375 2
2025-07-10T17:07:04.011000 54.179076 37.9375 2
2025-07-10T17:07:05.012000 54.163472 37.9375 2
2025-07-10T17:07:06.010000 54.149028 37.9375 2
2025-07-10T17:07:07.010000 54.1641 37.9375 2
2025-07-10T17:07:08.011000 54.163158 37.9375 2
2025-07-10T17:07:09.010000 54.150278 37.9375 2
2025-07-10T17:07:10.010000 54.17876400000001 37.9375 2
2025-07-10T17:07:11.010000 54.165036 37.9375 2
2025-07-10T17:07:12.011000 54.17970000000001 37.9375 2
2025-07-10T17:07:13.010000 54.17970000000001 37.9375 2
2025-07-10T17:07:14.010000 54.18063600000001 37.9375 2
2025-07-10T17:07:15.010000 54.19436399999999 37.9375 2
2025-07-10T17:07:16.010000 54.17970000000001 37.9375 2
2025-07-10T17:07:17.010000 54.18094800000001 37.92875 2
2025-07-10T17:07:18.010000 54.19405199999999 37.875 2
2025-07-10T17:07:19.010000 54.18094800000001 37.875 2
2025-07-10T17:07:20.010000 54.19405199999999 37.875 2
2025-07-10T17:07:21.012000 54.17970000000001 37.875 2
2025-07-10T17:07:22.010000 54.177196 37.875 2
2025-07-10T17:07:23.010000 54.1484 37.875 2
2025-07-10T17:07:24.010000 54.150904 37.875 2
2025-07-10T17:07:25.010000 54.17970000000001 37.875 2
2025-07-10T17:07:26.010000 54.18094800000001 37.875 2
2025-07-10T17:07:27.010000 54.19529999999999 37.875 2
2025-07-10T17:07:28.010000 54.19218 37.875 2
2025-07-10T17:07:29.010000 54.165659999999995 37.875 2
2025-07-10T17:07:30.010000 54.18282 37.875 2
2025-07-10T17:07:31.010000 54.20778 37.875 2
2025-07-10T17:07:32.010000 54.17970000000001 37.875 2
2025-07-10T17:07:33.010000 54.180324 37.875 2
2025-07-10T17:07:34.010000 54.194987999999995 37.875 2
2025-07-10T17:07:35.011000 54.180324 37.8475 2
2025-07-10T17:07:36.010000 54.19529999999999 37.8125 2
2025-07-10T17:07:37.010000 54.19529999999999 37.8125 2
2025-07-10T17:07:38.010000 54.19529999999999 37.8125 2
2025-07-10T17:07:39.010000 54.19529999999999 37.8125 2
2025-07-10T17:07:40.014000 54.19529999999999 37.8125 2
2025-07-10T17:07:41.010000 54.195924 37.8125 2
2025-07-10T17:07:42.012000 54.211528 37.8125 2
2025-07-10T17:07:43.010000 54.225348 37.8125 2
2025-07-10T17:07:44.011000 54.19529999999999 37.8125 2
2025-07-10T17:07:45.011000 54.19436399999999 37.8125 2
2025-07-10T17:07:46.010000 54.17970000000001 37.8125 2
2025-07-10T17:07:47.010000 54.18063600000001 37.8125 2
2025-07-10T17:07:48.010000 54.193428 37.8125 2
2025-07-10T17:07:49.011000 54.1641 37.8125 2
2025-07-10T17:07:50.010000 54.1641 37.8125 2
2025-07-10T17:07:51.010000 54.1641 37.8125 2
2025-07-10T17:07:52.010000 54.162222 37.8125 2
2025-07-10T17:07:53.010000 54.13373599999999 37.8125 2
2025-07-10T17:07:54.010000 54.1484 37.8125 2
2025-07-10T17:07:55.010000 54.14965599999999 37.8125 2
2025-07-10T17:07:56.010000 54.161596 37.8125 2
2025-07-10T17:07:57.010000 54.13279999999999 37.8125 2
2025-07-10T17:07:58.010000 54.135304 37.8125 2
2025-07-10T17:07:59.010000 54.1641 37.8125 2
2025-07-10T17:08:00.010000 54.16284400000001 37.8125 2
2025-07-10T17:08:01.011000 54.14965599999999 37.8125 2
2025-07-10T17:08:02.010000 54.1641 37.8125 2
2025-07-10T17:08:03.010000 54.16284400000001 37.7725 2
2025-07-10T17:08:04.010000 54.1484 37.75 2
2025-07-10T17:08:05.010000 54.14997 37.75 2
2025-07-10T17:08:06.010000 54.16284400000001 37.75 2
2025-07-10T17:08:07.010000 54.146840000000005 37.75 2
2025-07-10T17:08:08.010000 54.134359999999994 37.75 2
2025-07-10T17:08:09.010000 54.146840000000005 37.75 2
2025-07-10T17:08:10.010000 54.13279999999999 37.75 2
2025-07-10T17:08:11.010000 54.133424 37.75 2
2025-07-10T17:08:12.010000 54.1484 37.75 2
2025-07-10T17:08:13.010000 54.14777599999999 37.75 2
2025-07-10T17:08:14.010000 54.13405199999999 37.75 2
2025-07-10T17:08:15.010000 54.163472 37.75 2
2025-07-10T17:08:16.010000 54.14777599999999 37.75 2
2025-07-10T17:08:17.010000 54.133424 37.75 2
2025-07-10T17:08:18.010000 54.149028 37.75 2
2025-07-10T17:08:19.010000 54.163472 37.75 2
2025-07-10T17:08:20.014000 54.149028 37.75 2
2025-07-10T17:08:21.010000 54.163158 37.75 2
2025-07-10T17:08:22.010000 54.149342 37.75 2
2025-07-10T17:08:23.010000 54.1641 37.72625 2
2025-07-10T17:08:24.010000 54.165036 37.6875 2
2025-07-10T17:08:25.010000 54.17970000000001 37.6875 2
2025-07-10T17:08:26.010000 54.17970000000001 37.74125 2
2025-07-10T17:08:27.010000 54.17876400000001 37.75 2
2025-07-10T17:08:28.010000 54.1641 37.73 2
2025-07-10T17:08:29.010000 54.165036 37.6875 16386
2025-07-10T17:08:30.010000 54.17876400000001 37.6875 16386
2025-07-10T17:08:31.010000 54.165347999999994 37.6875 2
2025-07-10T17:08:32.011000 54.17845200000001 37.6875 2
2025-07-10T17:08:33.010000 54.1641 37.705 2
2025-07-10T17:08:34.010000 54.1641 37.75 2
2025-07-10T17:08:35.010000 54.165347999999994 37.75 2
2025-07-10T17:08:36.010000 54.177196 37.75 2
2025-07-10T17:08:37.010000 54.150904 37.75 2
2025-07-10T17:08:38.010000 54.17970000000001 37.73625 2
2025-07-10T17:08:39.010000 54.17845200000001 37.6875 2
2025-07-10T17:08:40.010000 54.165347999999994 37.6875 2
2025-07-10T17:08:41.010000 54.18126 37.6875 2
2025-07-10T17:08:42.010000 54.19374 37.6875 2
2025-07-10T17:08:43.010000 54.18126 37.69625 2
2025-07-10T17:08:44.010000 54.19529999999999 37.75 2
2025-07-10T17:08:45.010000 54.19529999999999 37.75 2
2025-07-10T17:08:46.010000 54.19529999999999 37.71125 2
2025-07-10T17:08:47.010000 54.19529999999999 37.6875 2
2025-07-10T17:08:48.010000 54.19374 37.6875 2
2025-07-10T17:08:49.010000 54.18094800000001 37.6875 2
2025-07-10T17:08:50.010000 54.21027599999999 37.6875 2
2025-07-10T17:08:51.012000 54.19529999999999 37.6875 2
2025-07-10T17:08:52.010000 54.194676 37.6875 2
2025-07-10T17:08:53.010000 54.180324 37.6875 2
2025-07-10T17:08:54.010000 54.194676 37.6875 2
2025-07-10T17:08:55.010000 54.180324 37.6875 2
2025-07-10T17:08:56.010000 54.195924 37.6875 16386
2025-07-10T17:08:57.011000 54.2109 37.6875 16386
2025-07-10T17:08:58.010000 54.211842 37.6875 16386
2025-07-10T17:08:59.010000 54.225658 37.6875 16386
2025-07-10T17:09:00.011000 54.209964 37.6875 16386
2025-07-10T17:09:01.010000 54.19623599999999 37.71625 16386
2025-07-10T17:09:02.010000 54.2109 37.75 2
2025-07-10T17:09:03.012000 54.211842 37.75 2
2025-07-10T17:09:04.010000 54.225658 37.75 16386
2025-07-10T17:09:05.010000 54.209027999999996 37.75 16386
2025-07-10T17:09:06.010000 54.17970000000001 37.725 16386
2025-07-10T17:09:07.010000 54.17970000000001 37.6875 2
2025-07-10T17:09:08.010000 54.17970000000001 37.6875 2
2025-07-10T17:09:09.010000 54.17970000000001 37.74125 2
2025-07-10T17:09:10.011000 54.18094800000001 37.75 2
2025-07-10T17:09:11.010000 54.19654799999999 37.75 2
2025-07-10T17:09:12.010000 54.2109 37.75 16386
2025-07-10T17:09:13.010000 54.209652000000006 37.75 16386
2025-07-10T17:09:14.010000 54.19654799999999 37.70125 2
2025-07-10T17:09:15.010000 54.213091999999996 37.6875 2
2025-07-10T17:09:16.010000 54.23486 37.7025 2
2025-07-10T17:09:17.010000 54.197804 37.75 2
2025-07-10T17:09:18.010000 54.224096 37.75 2
2025-07-10T17:09:19.010000 54.19529999999999 37.75 16386
2025-07-10T17:09:20.010000 54.196859999999994 37.75 16386
2025-07-10T17:09:21.010000 54.21247 37.75 16386
2025-07-10T17:09:22.010000 54.22347 37.75 2
2025-07-10T17:09:23.010000 54.19843 37.75 2
2025-07-10T17:09:24.010000 54.2266 37.75 2
2025-07-10T17:09:25.010000 54.2266 37.75 2
2025-07-10T17:09:26.010000 54.22777 37.75 2
2025-07-10T17:09:27.010000 54.237832 37.75 2
2025-07-10T17:09:28.011000 54.225972 37.75 2
2025-07-10T17:09:29.010000 54.2109 37.75 2
2025-07-10T17:09:30.010000 54.211528 37.75 2
2025-07-10T17:09:31.010000 54.227692 37.75 2
2025-07-10T17:09:32.010000 54.253276 37.75 2
2025-07-10T17:09:33.011000 54.237832 37.75 2
2025-07-10T17:09:34.010000 54.228238000000005 37.75 16386
2025-07-10T17:09:35.010000 54.253899999999994 37.75 16386
2025-07-10T17:09:36.010000 54.253899999999994 37.75 16386
2025-07-10T17:09:37.010000 54.253899999999994 37.75 16386
2025-07-10T17:09:38.010000 54.253899999999994 37.75 16386
2025-07-10T17:09:39.010000 54.25296399999999 37.78 16386
2025-07-10T17:09:40.010000 54.239236 37.8125 16386
2025-07-10T17:09:41.010000 54.253899999999994 37.8125 16386
2025-07-10T17:09:42.010000 54.253899999999994 37.8125 16386
2025-07-10T17:09:43.010000 54.25577799999999 37.8125 16386
2025-07-10T17:09:44.010000 54.28394400000001 37.8125 16386
2025-07-10T17:09:45.010000 54.268252000000004 37.8125 2
2025-07-10T17:09:46.010000 54.253899999999994 37.8125 2
2025-07-10T17:09:47.010000 54.255148 37.8125 16386
2025-07-10T17:09:48.011000 54.26950000000001 37.8125 16386
2025-07-10T17:09:49.010000 54.270756 37.8125 16386
2025-07-10T17:09:50.010000 54.28520000000001 37.8125 16386
2025-07-10T17:09:51.010000 54.28520000000001 37.8125 16386
2025-07-10T17:09:52.010000 54.28520000000001 37.86625 16386
2025-07-10T17:09:53.010000 54.28394400000001 37.875 16386
2025-07-10T17:09:54.010000 54.270756 37.875 16386
2025-07-10T17:09:55.010000 54.28520000000001 37.875 16386
2025-07-10T17:09:56.010000 54.28644800000001 37.875 16386
2025-07-10T17:09:57.010000 54.3008 37.875 16386
2025-07-10T17:09:58.010000 54.29924000000001 37.875 16386
2025-07-10T17:09:59.010000 54.286760000000015 37.875 16386
2025-07-10T17:10:00.010000 54.29924000000001 37.875 16386
2025-07-10T17:10:01.011000 54.28363000000001 37.875 16386
2025-07-10T17:10:02.010000 54.27263000000001 37.92125 16386
2025-07-10T17:10:03.011000 54.3008 37.9375 16386
2025-07-10T17:10:04.010000 54.3008 37.9375 16386
2025-07-10T17:10:05.011000 54.3008 37.9375 16386
2025-07-10T17:10:06.010000 54.301424 37.9375 16386
2025-07-10T17:10:07.010000 54.316399999999994 37.9375 16386
2025-07-10T17:10:08.010000 54.317024 37.9375 16386
2025-07-10T17:10:09.011000 54.33200000000001 37.9475 16386
2025-07-10T17:10:10.010000 54.330752000000004 38.0 16386
2025-07-10T17:10:11.010000 54.301424 38.0 16386
2025-07-10T17:10:12.010000 54.31827799999999 38.0 16386
2025-07-10T17:10:13.010000 54.34675800000001 38.0 16386
2025-07-10T17:10:14.010000 54.33200000000001 38.0 16386
2025-07-10T17:10:15.010000 54.331064000000005 38.0 16386
2025-07-10T17:10:16.010000 54.317336 38.0 16386
2025-07-10T17:10:17.012000 54.33200000000001 38.03625 16386
2025-07-10T17:10:18.010000 54.33200000000001 38.0625 16386
2025-07-10T17:10:19.010000 54.33200000000001 38.0625 16386
2025-07-10T17:10:20.010000 54.332942 38.0625 16386
2025-07-10T17:10:21.010000 54.34770000000001 38.0625 16386
2025-07-10T17:10:22.010000 54.34770000000001 38.0625 16386
2025-07-10T17:10:23.010000 54.34770000000001 38.0625 16386
2025-07-10T17:10:24.010000 54.34644400000001 38.0625 16386
2025-07-10T17:10:25.014000 54.334192 38.0625 16386
2025-07-10T17:10:26.010000 54.358464000000005 38.0625 16386
2025-07-10T17:10:27.010000 54.34863600000001 38.0925 16386
2025-07-10T17:10:28.010000 54.358464000000005 38.125 16386
2025-07-10T17:10:29.010000 54.34770000000001 38.125 16386
2025-07-10T17:10:30.010000 54.34863600000001 38.125 16386
2025-07-10T17:10:31.010000 54.358464000000005 38.125 16386
2025-07-10T17:10:32.010000 54.34770000000001 38.125 16386
2025-07-10T17:10:33.010000 54.34770000000001 38.125 16386
2025-07-10T17:10:34.010000 54.34887000000001 38.125 16386
2025-07-10T17:10:35.010000 54.358230000000006 38.18125 16386
2025-07-10T17:10:36.010000 54.34887000000001 38.1875 16386
2025-07-10T17:10:37.010000 54.35940000000001 38.1875 16386
2025-07-10T17:10:38.010000 54.36252 38.1875 16386
2025-07-10T17:10:39.010000 54.386309999999995 38.1875 16386
2025-07-10T17:10:40.010000 54.35043000000002 38.24 16386
2025-07-10T17:10:41.010000 54.37344 38.25 16386
2025-07-10T17:10:42.010000 54.358230000000006 38.25 16386
2025-07-10T17:10:43.010000 54.34770000000001 38.25 16386
2025-07-10T17:10:44.010000 54.34770000000001 38.25 16386
2025-07-10T17:10:45.010000 54.34879200000001 38.29875 16386
2025-07-10T17:10:46.010000 54.373908 38.3125 16386
2025-07-10T17:10:47.010000 54.348168000000015 38.3125 16386
2025-07-10T17:10:48.011000 54.360648 38.3125 16386
2025-07-10T17:10:49.010000 54.389352 38.3125 16386
2025-07-10T17:10:50.011000 54.360336000000004 38.3125 16386
2025-07-10T17:10:51.010000 54.375936 38.3125 16386
2025-07-10T17:10:52.010000 54.38802599999999 38.325 16386
2025-07-10T17:10:53.010000 54.348402000000014 38.375 16386
2025-07-10T17:10:54.010000 54.35940000000001 38.375 16386
2025-07-10T17:10:55.010000 54.360336000000004 38.4175 16386
2025-07-10T17:10:56.010000 54.375936 38.4375 16386
2025-07-10T17:10:57.010000 54.391535999999995 38.4375 16386
2025-07-10T17:10:58.010000 54.40526400000001 38.4375 16386
2025-07-10T17:10:59.010000 54.39059999999999 38.4375 16386
2025-07-10T17:11:00.010000 54.389663999999996 38.4375 16386
2025-07-10T17:11:01.014000 54.376248 38.4375 16386
2025-07-10T17:11:02.010000 54.389352 38.445 16386
2025-07-10T17:11:03.010000 54.375 38.5 16386
2025-07-10T17:11:04.010000 54.375 38.5 16386
2025-07-10T17:11:05.010000 54.376248 38.5 16386
2025-07-10T17:11:06.010000 54.389352 38.5 16386
2025-07-10T17:11:07.010000 54.376248 38.50375 16386
2025-07-10T17:11:08.010000 54.391848 38.5625 16386
2025-07-10T17:11:09.010000 54.404952 38.5625 16386
2025-07-10T17:11:10.010000 54.39059999999999 38.5625 16386
2025-07-10T17:11:11.011000 54.39373 38.5625 16386
2025-07-10T17:11:12.010000 54.42033000000001 38.5625 16386
2025-07-10T17:11:13.010000 54.406200000000005 38.5625 16386
2025-07-10T17:11:14.010000 54.40464 38.5625 16386
2025-07-10T17:11:15.010000 54.39059999999999 38.59125 16386
2025-07-10T17:11:16.010000 54.39373 38.625 16386
2025-07-10T17:11:17.010000 54.417210000000004 38.625 16386
2025-07-10T17:11:18.010000 54.37656 38.6825 16386
2025-07-10T17:11:19.010000 54.39059999999999 38.6875 16386
2025-07-10T17:11:20.010000 54.392160000000004 38.6875 16386
2025-07-10T17:11:21.010000 54.40777 38.6875 16386
2025-07-10T17:11:22.010000 54.42127200000001 38.6875 16386
2025-07-10T17:11:23.010000 54.405576 38.7425 16386
2025-07-10T17:11:24.010000 54.391852 38.75 16386
2025-07-10T17:11:25.010000 54.42127200000001 38.75 16386
2025-07-10T17:11:26.010000 54.406828000000004 38.75 16386
2025-07-10T17:11:27.010000 54.42190000000001 38.75 16386
2025-07-10T17:11:28.010000 54.42190000000001 38.8025 16386
2025-07-10T17:11:29.010000 54.42190000000001 38.8125 16386
2025-07-10T17:11:30.010000 54.42190000000001 38.8125 16386
2025-07-10T17:11:31.010000 54.42190000000001 38.8125 16386
2025-07-10T17:11:32.010000 54.42190000000001 38.8125 16386
2025-07-10T17:11:33.010000 54.422836000000004 38.86 16386
2025-07-10T17:11:34.010000 54.4375 38.875 16386
2025-07-10T17:11:35.010000 54.436564 38.875 16386
2025-07-10T17:11:36.010000 54.42190000000001 38.875 16386
2025-07-10T17:11:37.010000 54.422836000000004 38.875 16386
2025-07-10T17:11:38.012000 54.435622 38.91875 16386
2025-07-10T17:11:39.010000 54.404952 38.9375 16386
2025-07-10T17:11:40.010000 54.391848 38.9375 16386
2025-07-10T17:11:41.010000 54.407456 38.9375 16386
2025-07-10T17:11:42.010000 54.423148 38.9375 16386
2025-07-10T17:11:43.010000 54.4375 38.9775 16386
2025-07-10T17:11:44.010000 54.433747999999994 39.0 16384
2025-07-10T17:11:45.010000 54.393103999999994 39.0 16384
2025-07-10T17:11:46.010000 54.42190000000001 39.0 16384
2025-07-10T17:11:47.010000 54.42190000000001 39.0 16384
2025-07-10T17:11:48.010000 54.420644 39.03625 16384
2025-07-10T17:11:49.010000 54.40933000000001 39.0625 16384
2025-07-10T17:11:50.010000 54.4375 39.065 16384
2025-07-10T17:11:51.010000 54.4375 39.125 16384
2025-07-10T17:11:52.010000 54.43594 39.125 16384
2025-07-10T17:11:53.010000 54.42190000000001 39.125 16384
2025-07-10T17:11:54.010000 54.42033000000001 39.125 16384
2025-07-10T17:11:55.010000 54.41089 39.125 16384
2025-07-10T17:11:56.010000 54.451539999999994 39.1875 16384
2025-07-10T17:11:57.010000 54.43594 39.1875 16384
2025-07-10T17:11:58.010000 54.423460000000006 39.1875 16384
2025-07-10T17:11:59.010000 54.43594 39.1875 16384
2025-07-10T17:12:00.011000 54.42190000000001 39.1875 16384
2025-07-10T17:12:01.010000 54.42190000000001 39.24625 16384
2025-07-10T17:12:02.010000 54.423148 39.25 16384
2025-07-10T17:12:03.010000 54.452476 39.25 16384
2025-07-10T17:12:04.010000 54.436248 39.25 16384
2025-07-10T17:12:05.010000 54.407452000000006 39.25 16384
2025-07-10T17:12:06.010000 54.4375 39.305 16384
2025-07-10T17:12:07.010000 54.4375 39.3125 16384
2025-07-10T17:12:08.010000 54.436564 39.3125 16384
2025-07-10T17:12:09.010000 54.422836000000004 39.3125 16384
2025-07-10T17:12:10.010000 54.436564 39.3125 16384
2025-07-10T17:12:11.010000 54.42377200000001 39.36375 16384
2025-07-10T17:12:12.010000 54.452163999999996 39.375 16384
2025-07-10T17:12:13.010000 54.439138 39.375 16384
2025-07-10T17:12:14.010000 54.46316199999999 39.375 16384
2025-07-10T17:12:15.010000 54.439138 39.375 16384
2025-07-10T17:12:16.010000 54.46479999999999 39.4225 16384
2025-07-10T17:12:17.010000 54.46386399999999 39.4375 16384
2025-07-10T17:12:18.010000 54.45405510204081 39.4375 16384
2025-07-10T17:12:19.010000 54.46479999999999 39.4375 16384
2025-07-10T17:12:20.010000 54.46479999999999 39.4375 16384
2025-07-10T17:12:21.011000 54.46479999999999 39.48125 16384
2025-07-10T17:12:22.010000 54.46479999999999 39.5 16384
2025-07-10T17:12:23.010000 54.46479999999999 39.5 16384
2025-07-10T17:12:24.010000 54.46479999999999 39.5 16384
2025-07-10T17:12:25.010000 54.46386399999999 39.5 16384
2025-07-10T17:12:26.010000 54.454035999999995 39.54125 16384
2025-07-10T17:12:27.010000 54.46362999999999 39.5625 16384
2025-07-10T17:12:28.010000 54.45309999999999 39.56875 16384
2025-07-10T17:12:29.010000 54.44998 39.625 16384
2025-07-10T17:12:30.010000 54.426190000000005 39.625 16384
2025-07-10T17:12:31.010000 54.46362999999999 39.625 16384
2025-07-10T17:12:32.010000 54.45309999999999 39.625 16384
2025-07-10T17:12:33.010000 54.454269999999994 39.62875 16384
2025-07-10T17:12:34.010000 54.46479999999999 39.6875 16384
2025-07-10T17:12:35.010000 54.46479999999999 39.6875 16384
2025-07-10T17:12:36.010000 54.46479999999999 39.6875 16384
2025-07-10T17:12:37.010000 54.46479999999999 39.6875 16384
2025-07-10T17:12:38.010000 54.46479999999999 39.6875 16384
2025-07-10T17:12:39.010000 54.464331999999985 39.6875 16384
2025-07-10T17:12:40.010000 54.453568 39.6875 16384
2025-07-10T17:12:41.010000 54.465427999999996 39.7175 16384
2025-07-10T17:12:42.013000 54.47987199999999 39.75 16384
2025-07-10T17:12:43.010000 54.466677999999995 39.75 16384
2025-07-10T17:12:44.010000 54.495164 39.75 16384
2025-07-10T17:12:45.010000 54.479558 39.75 16384
2025-07-10T17:12:46.010000 54.46574199999999 39.77625 16384
2025-07-10T17:12:47.010000 54.48049999999999 39.8125 16384
2025-07-10T17:12:48.010000 54.48049999999999 39.8125 16384
2025-07-10T17:12:49.014000 54.48049999999999 39.8125 16384
2025-07-10T17:12:50.010000 54.48049999999999 39.8125 16384
2025-07-10T17:12:51.010000 54.48049999999999 39.83625 16384
2025-07-10T17:12:52.010000 54.48049999999999 39.875 16384
2025-07-10T17:12:53.010000 54.479244 39.875 16384
2025-07-10T17:12:54.010000 54.46479999999999 39.875 16384
2025-07-10T17:12:55.010000 54.46605599999999 39.875 16384
2025-07-10T17:12:56.010000 54.48049999999999 39.875 16384
2025-07-10T17:12:57.010000 54.479244 39.875 16384
2025-07-10T17:12:58.010000 54.46605599999999 39.875 16384
2025-07-10T17:12:59.010000 54.48049999999999 39.92375 16384
2025-07-10T17:13:00.010000 54.479244 39.9375 16384
2025-07-10T17:13:01.010000 54.46605599999999 39.9375 16384
2025-07-10T17:13:02.010000 54.481747999999996 39.9375 16384
2025-07-10T17:13:03.010000 54.493596000000004 39.9375 16384
2025-07-10T17:13:04.010000 54.467929999999996 39.9375 16384
2025-07-10T17:13:05.010000 54.49454 39.9375 16384
2025-07-10T17:13:06.011000 54.48049999999999 39.95 16384
2025-07-10T17:13:07.010000 54.48049999999999 40.0 16384
2025-07-10T17:13:08.011000 54.48049999999999 40.0 16384
2025-07-10T17:13:09.010000 54.48049999999999 40.0425 16384
2025-07-10T17:13:10.010000 54.47893 40.0625 16384
2025-07-10T17:13:11.010000 54.46636999999999 40.0625 16384
2025-07-10T17:13:12.010000 54.47893 40.0625 16384
2025-07-10T17:13:13.010000 54.46636999999999 40.0625 16384
2025-07-10T17:13:14.010000 54.48049999999999 40.0625 16384
2025-07-10T17:13:15.010000 54.484244 40.0625 16384
2025-07-10T17:13:16.010000 54.511076 40.06875 16384
2025-07-10T17:13:17.010000 54.496100000000006 40.125 16384
2025-07-10T17:13:18.010000 54.494848000000005 40.125 16384
2025-07-10T17:13:19.011000 54.46574199999999 40.125 16384
2025-07-10T17:13:20.010000 54.48049999999999 40.125 16384
2025-07-10T17:13:21.010000 54.481435999999995 40.125 16384
2025-07-10T17:13:22.010000 54.49422200000001 40.125 16384
2025-07-10T17:13:23.010000 54.466677999999995 40.125 16384
2025-07-10T17:13:24.011000 54.495164 40.125 16384
2025-07-10T17:13:25.010000 54.481435999999995 40.125 16384
2025-07-10T17:13:26.010000 54.495164 40.125 16384
2025-07-10T17:13:27.010000 54.48049999999999 40.18375 16384
2025-07-10T17:13:28.010000 54.481435999999995 40.1875 16384
2025-07-10T17:13:29.010000 54.496100000000006 40.1875 16384
2025-07-10T17:13:30.010000 54.494852 40.1875 16384
2025-07-10T17:13:31.011000 54.481747999999996 40.1875 16384
2025-07-10T17:13:32.010000 54.497348 40.1875 0
2025-07-10T17:13:33.010000 54.512947999999994 40.1875 0
2025-07-10T17:13:34.010000 54.52355599999999 40.1875 16384
2025-07-10T17:13:35.010000 54.481747999999996 40.1875 16384
2025-07-10T17:13:36.010000 54.494852 40.1875 16384
2025-07-10T17:13:37.010000 54.48049999999999 40.1875 16384
2025-07-10T17:13:38.010000 54.48049999999999 40.1875 16384
2025-07-10T17:13:39.010000 54.481747999999996 40.2075 16384
2025-07-10T17:13:40.010000 54.496100000000006 40.25 16384
2025-07-10T17:13:41.010000 54.49297000000001 40.25 16384
2025-07-10T17:13:42.010000 54.46479999999999 40.25 16384
2025-07-10T17:13:43.010000 54.467929999999996 40.25 16384
2025-07-10T17:13:44.010000 54.49297000000001 40.25 16384
2025-07-10T17:13:45.010000 54.46636999999999 40.25 0
2025-07-10T17:13:46.010000 54.482060000000004 40.25 0
2025-07-10T17:13:47.010000 54.496100000000006 40.25 16384
2025-07-10T17:13:48.010000 54.496100000000006 40.25 16384
2025-07-10T17:13:49.010000 54.49766 40.25 16384
2025-07-10T17:13:50.011000 54.509828 40.25 16384
2025-07-10T17:13:51.010000 54.496100000000006 40.25 16384
2025-07-10T17:13:52.010000 54.496100000000006 40.29125 16384
2025-07-10T17:13:53.010000 54.49797200000001 40.3125 16384
2025-07-10T17:13:54.010000 54.5117 40.3125 16384
2025-07-10T17:13:55.011000 54.510764 40.3125 16384
2025-07-10T17:13:56.010000 54.496100000000006 40.3125 16384
2025-07-10T17:13:57.010000 54.496100000000006 40.3125 16384
2025-07-10T17:13:58.010000 54.496100000000006 40.3125 0
2025-07-10T17:13:59.010000 54.496100000000006 40.3125 0
2025-07-10T17:14:00.010000 54.496100000000006 40.3125 0
2025-07-10T17:14:01.010000 54.49703600000001 40.3125 0
2025-07-10T17:14:02.010000 54.509828 40.3125 16384
2025-07-10T17:14:03.010000 54.481435999999995 40.3125 16384
2025-07-10T17:14:04.010000 54.496100000000006 40.3125 16384
2025-07-10T17:14:05.010000 54.497348 40.3125 16384
2025-07-10T17:14:06.010000 54.5117 40.3125 16384
2025-07-10T17:14:07.010000 54.5117 40.34375 16384
2025-07-10T17:14:08.010000 54.5117 40.375 16384
2025-07-10T17:14:09.010000 54.51045200000001 40.375 16384
2025-07-10T17:14:10.010000 54.497348 40.375 16384
2025-07-10T17:14:11.011000 54.5117 40.375 16384
2025-07-10T17:14:12.010000 54.514204 40.375 16384
2025-07-10T17:14:13.010000 54.539248 40.375 0
2025-07-10T17:14:14.010000 54.496100000000006 40.375 0
2025-07-10T17:14:15.010000 54.497348 40.375 0
2025-07-10T17:14:16.010000 54.51045200000001 40.375 0
2025-07-10T17:14:17.010000 54.496100000000006 40.375 0
2025-07-10T17:14:18.010000 54.496100000000006 40.375 0
2025-07-10T17:14:19.010000 54.49454 40.375 0
2025-07-10T17:14:20.010000 54.482060000000004 40.375 0
2025-07-10T17:14:21.010000 54.49454 40.375 0
2025-07-10T17:14:22.010000 54.483619999999995 40.375 0
2025-07-10T17:14:23.010000 54.5117 40.375 0
2025-07-10T17:14:24.010000 54.51014 40.375 0
2025-07-10T17:14:25.010000 54.496100000000006 40.375 0
2025-07-10T17:14:26.010000 54.496100000000006 40.375 0
2025-07-10T17:14:27.011000 54.49797200000001 40.375 0
2025-07-10T17:14:28.010000 54.5117 40.375 0
2025-07-10T17:14:29.013000 54.5117 40.375 0
2025-07-10T17:14:30.011000 54.509828 40.375 0
2025-07-10T17:14:31.010000 54.49797200000001 40.375 0
2025-07-10T17:14:32.010000 54.5117 40.375 0
2025-07-10T17:14:33.011000 54.5117 40.375 0
2025-07-10T17:14:34.010000 54.5117 40.375 0
2025-07-10T17:14:35.010000 54.5117 40.375 0
2025-07-10T17:14:36.010000 54.5117 40.375 0
2025-07-10T17:14:37.010000 54.5117 40.375 0
2025-07-10T17:14:38.010000 54.5117 40.375 0
2025-07-10T17:14:39.010000 54.5117 40.375 0
2025-07-10T17:14:40.010000 54.5117 40.375 0
2025-07-10T17:14:41.010000 54.510764 40.375 0
2025-07-10T17:14:42.010000 54.493596000000004 40.375 0
2025-07-10T17:14:43.010000 54.46605599999999 40.375 0
2025-07-10T17:14:44.010000 54.481747999999996 40.375 0
2025-07-10T17:14:45.010000 54.496100000000006 40.375 0
2025-07-10T17:14:46.010000 54.496100000000006 40.375 0
2025-07-10T17:14:47.010000 54.494852 40.375 0
2025-07-10T17:14:48.010000 54.481747999999996 40.375 0
2025-07-10T17:14:49.010000 54.494852 40.375 0
2025-07-10T17:14:50.010000 54.481747999999996 40.375 0
2025-07-10T17:14:51.010000 54.494852 40.375 0
2025-07-10T17:14:52.010000 54.48049999999999 40.375 0
2025-07-10T17:14:53.010000 54.48049999999999 40.375 0
2025-07-10T17:14:54.010000 54.48049999999999 40.375 0
2025-07-10T17:14:55.010000 54.48049999999999 40.375 0
2025-07-10T17:14:56.010000 54.483619999999995 40.375 0
2025-07-10T17:14:57.010000 54.50858 40.375 0
2025-07-10T17:14:58.010000 54.48049999999999 40.375 0
2025-07-10T17:14:59.010000 54.48049999999999 40.375 0
2025-07-10T17:15:00.010000 54.48049999999999 40.375 0
2025-07-10T17:15:01.010000 54.48049999999999 40.375 0
2025-07-10T17:15:02.010000 54.47893 40.375 0
2025-07-10T17:15:03.010000 54.469489999999986 40.375 0
2025-07-10T17:15:04.010000 54.509828 40.375 0
2025-07-10T17:15:05.010000 54.496100000000006 40.375 0
2025-07-10T17:15:06.010000 54.494228 40.375 0
2025-07-10T17:15:07.010000 54.482372 40.375 0
2025-07-10T17:15:08.010000 54.494228 40.375 0
2025-07-10T17:15:09.010000 54.482372 40.375 0
2025-07-10T17:15:10.010000 54.496100000000006 40.375 0
2025-07-10T17:15:11.010000 54.496100000000006 40.375 0
2025-07-10T17:15:12.010000 54.49422200000001 40.375 0
2025-07-10T17:15:13.010000 54.46479999999999 40.33 0
2025-07-10T17:15:14.010000 54.467614 40.3125 0
2025-07-10T17:15:15.010000 54.509828 40.3125 0
2025-07-10T17:15:16.010000 54.48049999999999 40.3125 0
2025-07-10T17:15:17.010000 54.481435999999995 40.3125 0
2025-07-10T17:15:18.010000 54.494852 40.3125 0
2025-07-10T17:15:19.010000 54.481747999999996 40.3125 0
2025-07-10T17:15:20.010000 54.496100000000006 40.3125 0
2025-07-10T17:15:21.010000 54.496100000000006 40.3125 0
2025-07-10T17:15:22.010000 54.494852 40.3125 0
2025-07-10T17:15:23.010000 54.482996 40.3125 0
2025-07-10T17:15:24.010000 54.51045200000001 40.3125 0
2025-07-10T17:15:25.010000 54.496100000000006 40.3125 0
2025-07-10T17:15:26.010000 54.496100000000006 40.3125 0
2025-07-10T17:15:27.010000 54.497348 40.3125 0
2025-07-10T17:15:28.010000 54.5117 40.3125 0
2025-07-10T17:15:29.010000 54.51014 40.3125 0
2025-07-10T17:15:30.010000 54.497348 40.3125 0
2025-07-10T17:15:31.010000 54.5117 40.3125 0
2025-07-10T17:15:32.010000 54.51325999999999 40.3125 0
2025-07-10T17:15:33.010000 54.525739999999985 40.3125 0
2025-07-10T17:15:34.010000 54.51014 40.3125 0
2025-07-10T17:15:35.011000 54.49766 40.3125 0
2025-07-10T17:15:36.010000 54.5117 40.25375 0
2025-07-10T17:15:37.010000 54.5117 40.25 0
2025-07-10T17:15:38.010000 54.51325999999999 40.25 0
2025-07-10T17:15:39.010000 54.525739999999985 40.25 0
2025-07-10T17:15:40.010000 54.5117 40.25 0
2025-07-10T17:15:41.010000 54.513571999999996 40.25 0
2025-07-10T17:15:42.010000 54.52729999999999 40.25 0
2025-07-10T17:15:43.010000 54.52729999999999 40.25 0
2025-07-10T17:15:44.010000 54.52729999999999 40.25 0
2025-07-10T17:15:45.010000 54.52729999999999 40.25 0
2025-07-10T17:15:46.010000 54.52729999999999 40.25 0
2025-07-10T17:15:47.010000 54.52729999999999 40.25 0
2025-07-10T17:15:48.010000 54.52729999999999 40.25 0
2025-07-10T17:15:49.010000 54.52824199999999 40.25 0
2025-07-10T17:15:50.010000 54.543935999999995 40.25 0
2025-07-10T17:15:51.010000 54.55672200000001 40.2 0
2025-07-10T17:15:52.010000 54.52824199999999 40.1875 0
2025-07-10T17:15:53.011000 54.54299999999999 40.1875 0
2025-07-10T17:15:54.010000 54.54299999999999 40.1875 0
2025-07-10T17:15:55.010000 54.54299999999999 40.1875 0
2025-07-10T17:15:56.010000 54.544247999999996 40.1875 0
2025-07-10T17:15:57.010000 54.557352 40.1875 0
2025-07-10T17:15:58.010000 54.544247999999996 40.1875 0
2025-07-10T17:15:59.010000 54.558600000000006 40.1875 0
2025-07-10T17:16:00.010000 54.558600000000006 40.1875 0
2025-07-10T17:16:01.010000 54.558600000000006 40.1875 0
2025-07-10T17:16:02.010000 54.557352 40.1875 0
2025-07-10T17:16:03.010000 54.544247999999996 40.1875 0
2025-07-10T17:16:04.010000 54.559536 40.1875 0
2025-07-10T17:16:05.010000 54.56936399999999 40.1875 0
2025-07-10T17:16:06.010000 54.558600000000006 40.1875 0
2025-07-10T17:16:07.010000 54.558600000000006 40.1875 0
2025-07-10T17:16:08.010000 54.558600000000006 40.1875 0
2025-07-10T17:16:09.010000 54.55977 40.1875 0
2025-07-10T17:16:10.010000 54.569129999999994 40.1875 0
2025-07-10T17:16:11.010000 54.55977 40.15 0
2025-07-10T17:16:12.010000 54.569129999999994 40.125 0
2025-07-10T17:16:13.010000 54.55977 40.125 0
2025-07-10T17:16:14.010000 54.569129999999994 40.125 0
2025-07-10T17:16:15.010000 54.55704 40.125 0
2025-07-10T17:16:16.010000 54.545730000000006 40.125 0
2025-07-10T17:16:17.010000 54.568896 40.125 0
2025-07-10T17:16:18.012000 54.558600000000006 40.125 0
2025-07-10T17:16:19.010000 54.558600000000006 40.125 0
2025-07-10T17:16:20.010000 54.558600000000006 40.125 0
2025-07-10T17:16:21.010000 54.558600000000006 40.125 0
2025-07-10T17:16:22.010000 54.558600000000006 40.125 0
2025-07-10T17:16:23.011000 54.558600000000006 40.125 0
2025-07-10T17:16:24.010000 54.560004 40.06625 0
2025-07-10T17:16:25.010000 54.568896 40.0625 0
2025-07-10T17:16:26.013000 54.560004 40.0625 0
2025-07-10T17:16:27.010000 54.569598 40.0625 0
2025-07-10T17:16:28.010000 54.557664 40.0625 0
2025-07-10T17:16:29.010000 54.543935999999995 40.0625 0
2025-07-10T17:16:30.010000 54.557664 40.0625 0
2025-07-10T17:16:31.010000 54.54299999999999 40.0625 0
2025-07-10T17:16:32.010000 54.54299999999999 40.0625 0
2025-07-10T17:16:33.010000 54.54463799999999 40.0625 0
2025-07-10T17:16:34.010000 54.56936399999999 40.0625 0
2025-07-10T17:16:35.010000 54.558600000000006 40.0625 0
2025-07-10T17:16:36.010000 54.558600000000006 40.0625 0
2025-07-10T17:16:37.010000 54.559536 40.0625 0
2025-07-10T17:16:38.010000 54.57029999999999 40.0625 0
2025-07-10T17:16:39.010000 54.57029999999999 40.01625 0
2025-07-10T17:16:40.010000 54.56811599999999 40.0 0
2025-07-10T17:16:41.010000 54.544247999999996 40.0 0
2025-07-10T17:16:42.010000 54.558600000000006 40.0 0
2025-07-10T17:16:43.010000 54.558600000000006 40.0 0
2025-07-10T17:16:44.010000 54.55704 40.0 0
2025-07-10T17:16:45.010000 54.544560000000004 40.0 0
2025-07-10T17:16:46.010000 54.55704 40.0 0
2025-07-10T17:16:47.010000 54.54299999999999 40.0 0
2025-07-10T17:16:48.010000 54.54143 40.0 0
2025-07-10T17:16:49.010000 54.525739999999985 40.0 0
2025-07-10T17:16:50.010000 54.51483 40.0 0
2025-07-10T17:16:51.010000 54.54143 40.0 0
2025-07-10T17:16:52.010000 54.52886999999999 40.0 0
2025-07-10T17:16:53.011000 54.54143 40.0 0
2025-07-10T17:16:54.010000 54.52729999999999 39.96625 0
2025-07-10T17:16:55.010000 54.52918399999999 39.9375 0
2025-07-10T17:16:56.010000 54.541116 39.9375 0
2025-07-10T17:16:57.010000 54.52918399999999 39.9375 0
2025-07-10T17:16:58.010000 54.539244 39.9375 0
2025-07-10T17:16:59.010000 54.513571999999996 39.9375 0
2025-07-10T17:17:00.010000 54.52918399999999 39.9375 0
2025-07-10T17:17:01.010000 54.541116 39.9375 0
2025-07-10T17:17:02.010000 54.52918399999999 39.9375 0
2025-07-10T17:17:03.010000 54.541116 39.9375 0
2025-07-10T17:17:04.010000 54.52729999999999 39.91125 0
2025-07-10T17:17:05.010000 54.52729999999999 39.875 0
2025-07-10T17:17:06.010000 54.526363999999994 39.875 0
2025-07-10T17:17:07.010000 54.512636 39.93 0
2025-07-10T17:17:08.010000 54.526363999999994 39.9375 0
2025-07-10T17:17:09.010000 54.5117 39.915 0
2025-07-10T17:17:10.010000 54.512636 39.875 0
2025-07-10T17:17:11.010000 54.526363999999994 39.875 0
2025-07-10T17:17:12.010000 54.5117 39.875 0
2025-07-10T17:17:13.011000 54.512947999999994 39.875 0
2025-07-10T17:17:14.010000 54.52605199999999 39.875 0
2025-07-10T17:17:15.010000 54.5117 39.875 0
2025-07-10T17:17:16.010000 54.5117 39.875 0
2025-07-10T17:17:17.010000 54.512947999999994 39.875 0
2025-07-10T17:17:18.010000 54.52729999999999 39.875 0
2025-07-10T17:17:19.010000 54.52729999999999 39.875 0
2025-07-10T17:17:20.010000 54.52729999999999 39.875 0
2025-07-10T17:17:21.010000 54.52729999999999 39.875 0
2025-07-10T17:17:22.010000 54.52729999999999 39.875 0
2025-07-10T17:17:23.010000 54.52729999999999 39.875 0
2025-07-10T17:17:24.010000 54.52886999999999 39.86375 0
2025-07-10T17:17:25.010000 54.54299999999999 39.8125 0
2025-07-10T17:17:26.010000 54.54143 39.8125 0
2025-07-10T17:17:27.010000 54.52729999999999 39.8125 0
2025-07-10T17:17:28.010000 54.52890204081632 39.8125 0
2025-07-10T17:17:29.010000 54.54299999999999 39.8125 0
2025-07-10T17:17:30.010000 54.54299999999999 39.8125 0
2025-07-10T17:17:31.010000 54.54143 39.8125 0
2025-07-10T17:17:32.010000 54.525739999999985 39.8125 0
2025-07-10T17:17:33.010000 54.51545599999999 39.8125 0
2025-07-10T17:17:34.011000 54.541116 39.8125 0
2025-07-10T17:17:35.011000 54.52729999999999 39.8125 0
2025-07-10T17:17:36.010000 54.52729999999999 39.8125 0
2025-07-10T17:17:37.010000 54.52918399999999 39.8125 0
2025-07-10T17:17:38.011000 54.541116 39.8125 0
2025-07-10T17:17:39.010000 54.52729999999999 39.8125 0
2025-07-10T17:17:40.010000 54.52918399999999 39.8125 0
2025-07-10T17:17:41.010000 54.54299999999999 39.8125 0
2025-07-10T17:17:42.010000 54.54299999999999 39.8125 0
2025-07-10T17:17:43.010000 54.54299999999999 39.8125 0
2025-07-10T17:17:44.010000 54.54299999999999 39.8125 0
2025-07-10T17:17:45.010000 54.543935999999995 39.75625 0
2025-07-10T17:17:46.011000 54.557664 39.75 0
2025-07-10T17:17:47.010000 54.543935999999995 39.75 0
2025-07-10T17:17:48.010000 54.558600000000006 39.75 0
2025-07-10T17:17:49.010000 54.557664 39.75 0
2025-07-10T17:17:50.010000 54.544247999999996 39.75 0
2025-07-10T17:17:51.010000 54.558600000000006 39.75 0
2025-07-10T17:17:52.010000 54.558600000000006 39.75 0
2025-07-10T17:17:53.014000 54.558600000000006 39.75 0
2025-07-10T17:17:54.010000 54.558600000000006 39.75 0
2025-07-10T17:17:55.010000 54.560784000000005 39.70125 0
2025-07-10T17:17:56.010000 54.583716 39.6875 0
2025-07-10T17:17:57.010000 54.558600000000006 39.6875 0
2025-07-10T17:17:58.010000 54.556096000000004 39.6875 0
2025-07-10T17:17:59.010000 54.52729999999999 39.6875 0
2025-07-10T17:18:00.010000 54.52729999999999 39.6875 0
2025-07-10T17:18:01.010000 54.524179999999994 39.6875 0
2025-07-10T17:18:02.010000 54.49922000000001 39.6875 0
2025-07-10T17:18:03.010000 54.525739999999985 39.6875 0
2025-07-10T17:18:04.010000 54.51483 39.6875 0
2025-07-10T17:18:05.010000 54.54299999999999 39.6875 0
2025-07-10T17:18:06.010000 54.54143 39.6875 0
2025-07-10T17:18:07.010000 54.52886999999999 39.6875 0
2025-07-10T17:18:08.010000 54.54143 39.6875 0
2025-07-10T17:18:09.010000 54.52729999999999 39.6875 0
2025-07-10T17:18:10.010000 54.52729999999999 39.6875 0
2025-07-10T17:18:11.010000 54.52729999999999 39.6875 0
2025-07-10T17:18:12.010000 54.52918399999999 39.68375 0
2025-07-10T17:18:13.010000 54.541116 39.625 0
2025-07-10T17:18:14.010000 54.52729999999999 39.625 0
2025-07-10T17:18:15.010000 54.52918399999999 39.625 0
2025-07-10T17:18:16.010000 54.541116 39.625 0
2025-07-10T17:18:17.010000 54.52729999999999 39.625 0
2025-07-10T17:18:18.010000 54.52918399999999 39.625 0
2025-07-10T17:18:19.010000 54.541116 39.625 0
2025-07-10T17:18:20.010000 54.52918399999999 39.625 0
2025-07-10T17:18:21.011000 54.539244 39.625 0
2025-07-10T17:18:22.010000 54.512636 39.625 0
2025-07-10T17:18:23.010000 54.52729999999999 39.625 0
2025-07-10T17:18:24.010000 54.52729999999999 39.625 0
2025-07-10T17:18:25.010000 54.52729999999999 39.59875 0
2025-07-10T17:18:26.010000 54.52824199999999 39.5625 0
2025-07-10T17:18:27.010000 54.542058 39.5625 0
2025-07-10T17:18:28.010000 54.52855599999999 39.5625 0
2025-07-10T17:18:29.010000 54.54299999999999 39.5625 0
2025-07-10T17:18:30.010000 54.541744 39.5625 0
2025-07-10T17:18:31.010000 54.52855599999999 39.5625 0
2025-07-10T17:18:32.010000 54.541744 39.5625 0
2025-07-10T17:18:33.010000 54.52980399999999 39.5625 0
2025-07-10T17:18:34.010000 54.557352 39.5625 0
2025-07-10T17:18:35.010000 54.541744 39.5625 0
2025-07-10T17:18:36.010000 54.52855599999999 39.5625 0
2025-07-10T17:18:37.010000 54.54299999999999 39.5625 0
2025-07-10T17:18:38.010000 54.54299999999999 39.5625 0
2025-07-10T17:18:39.010000 54.54299999999999 39.5625 0
2025-07-10T17:18:40.010000 54.54299999999999 39.5475 0
2025-07-10T17:18:41.010000 54.54143 39.5 0
2025-07-10T17:18:42.010000 54.52886999999999 39.5 0
2025-07-10T17:18:43.010000 54.54299999999999 39.5 0
2025-07-10T17:18:44.010000 54.545730000000006 39.5 0
2025-07-10T17:18:45.010000 54.567569999999996 39.5 0
2025-07-10T17:18:46.010000 54.54299999999999 39.5 0
2025-07-10T17:18:47.010000 54.54299999999999 39.5 0
2025-07-10T17:18:48.010000 54.544872 39.5 0
2025-07-10T17:18:49.010000 54.558600000000006 39.5 0
2025-07-10T17:18:50.010000 54.556728 39.5 0
2025-07-10T17:18:51.010000 54.544872 39.5 0
2025-07-10T17:18:52.010000 54.558600000000006 39.5 0
2025-07-10T17:18:53.010000 54.560004 39.5 0
2025-07-10T17:18:54.010000 54.568896 39.5 0
2025-07-10T17:18:55.010000 54.558600000000006 39.49875 0
2025-07-10T17:18:56.010000 54.558600000000006 39.4375 0
2025-07-10T17:18:57.010000 54.558600000000006 39.4375 0
2025-07-10T17:18:58.010000 54.556728 39.4375 0
2025-07-10T17:18:59.010000 54.544872 39.4375 0
2025-07-10T17:19:00.010000 54.557664 39.4375 0
2025-07-10T17:19:01.010000 54.543935999999995 39.4375 0
2025-07-10T17:19:02.010000 54.558600000000006 39.4375 0
2025-07-10T17:19:03.010000 54.558600000000006 39.4375 0
2025-07-10T17:19:04.010000 54.559536 39.4375 0
2025-07-10T17:19:05.010000 54.57029999999999 39.4375 0
2025-07-10T17:19:06.010000 54.56811599999999 39.4375 0
2025-07-10T17:19:07.010000 54.544247999999996 39.4375 0
2025-07-10T17:19:08.011000 54.558600000000006 39.4375 0
2025-07-10T17:19:09.010000 54.558600000000006 39.4375 0
2025-07-10T17:19:10.011000 54.557352 39.4375 0
2025-07-10T17:19:11.010000 54.544247999999996 39.4375 0
2025-07-10T17:19:12.010000 54.558600000000006 39.4375 0
2025-07-10T17:19:13.010000 54.558600000000006 39.4375 0
2025-07-10T17:19:14.010000 54.558600000000006 39.4375 0
2025-07-10T17:19:15.010000 54.558600000000006 39.4375 0
2025-07-10T17:19:16.010000 54.558600000000006 39.38625 0
2025-07-10T17:19:17.010000 54.558600000000006 39.375 0
2025-07-10T17:19:18.012000 54.55704 39.375 0
2025-07-10T17:19:19.010000 54.544560000000004 39.375 0
2025-07-10T17:19:20.010000 54.55704 39.375 0
2025-07-10T17:19:21.010000 54.54299999999999 39.4225 0
2025-07-10T17:19:22.010000 54.54299999999999 39.4375 0
2025-07-10T17:19:23.010000 54.54299999999999 39.42375 0
2025-07-10T17:19:24.010000 54.544560000000004 39.375 0
2025-07-10T17:19:25.010000 54.560004 39.375 0
2025-07-10T17:19:26.010000 54.568896 39.375 0
2025-07-10T17:19:27.010000 54.558600000000006 39.375 0
2025-07-10T17:19:28.010000 54.558600000000006 39.375 0
2025-07-10T17:19:29.010000 54.558600000000006 39.375 0
2025-07-10T17:19:30.010000 54.558600000000006 39.375 0
2025-07-10T17:19:31.010000 54.558600000000006 39.375 0
2025-07-10T17:19:32.010000 54.556728 39.375 0
2025-07-10T17:19:33.010000 54.54299999999999 39.36875 0
2025-07-10T17:19:34.010000 54.54299999999999 39.3125 0
2025-07-10T17:19:35.010000 54.54299999999999 39.3125 0
2025-07-10T17:19:36.010000 54.545184 39.3125 0
2025-07-10T17:19:37.010000 54.560238 39.3125 0
2025-07-10T17:19:38.011000 54.568661999999996 39.3125 0
2025-07-10T17:19:39.010000 54.54299999999999 39.3125 0
2025-07-10T17:19:40.010000 54.54299999999999 39.3125 0
2025-07-10T17:19:41.010000 54.54299999999999 39.3125 0
2025-07-10T17:19:42.010000 54.544247999999996 39.3125 0
2025-07-10T17:19:43.010000 54.556096000000004 39.3125 0
2025-07-10T17:19:44.010000 54.52855599999999 39.3125 0
2025-07-10T17:19:45.010000 54.54299999999999 39.3125 0
2025-07-10T17:19:46.010000 54.54299999999999 39.3125 0
2025-07-10T17:19:47.010000 54.54299999999999 39.3125 0
2025-07-10T17:19:48.010000 54.54299999999999 39.3125 0
2025-07-10T17:19:49.010000 54.54299999999999 39.3125 0
2025-07-10T17:19:50.010000 54.54299999999999 39.3125 0
2025-07-10T17:19:51.010000 54.54299999999999 39.28875 0
2025-07-10T17:19:52.010000 54.54299999999999 39.25 0
2025-07-10T17:19:53.010000 54.54299999999999 39.25 0
2025-07-10T17:19:54.010000 54.54299999999999 39.25 0
2025-07-10T17:19:55.010000 54.54299999999999 39.25 0
2025-07-10T17:19:56.010000 54.54143 39.25 0
2025-07-10T17:19:57.010000 54.52729999999999 39.25 0
2025-07-10T17:19:58.010000 54.52886999999999 39.25 0
2025-07-10T17:19:59.010000 54.54143 39.25 0
2025-07-10T17:20:00.010000 54.52886999999999 39.25 0
2025-07-10T17:20:01.010000 54.541116 39.25 0
2025-07-10T17:20:02.010000 54.53105599999999 39.25 0
2025-07-10T17:20:03.010000 54.556728 39.25 0
2025-07-10T17:20:04.010000 54.54299999999999 39.25 0
2025-07-10T17:20:05.011000 54.544872 39.25 0
2025-07-10T17:20:06.011000 54.558600000000006 39.25 0
2025-07-10T17:20:07.010000 54.558600000000006 39.25 0
2025-07-10T17:20:08.010000 54.554844 39.25 0
2025-07-10T17:20:09.010000 54.52918399999999 39.25 0
2025-07-10T17:20:10.010000 54.54299999999999 39.25 0
2025-07-10T17:20:11.010000 54.541116 39.23875 0
2025-07-10T17:20:12.010000 54.529498 39.1875 0
2025-07-10T17:20:13.010000 54.54299999999999 39.1875 0
2025-07-10T17:20:14.010000 54.544872 39.1875 0
2025-07-10T17:20:15.010000 54.558600000000006 39.1875 0
2025-07-10T17:20:16.010000 54.557664 39.1875 0
2025-07-10T17:20:17.010000 54.544247999999996 39.1875 0
2025-07-10T17:20:18.011000 54.558600000000006 39.1875 0
2025-07-10T17:20:19.011000 54.558600000000006 39.1875 0
2025-07-10T17:20:20.010000 54.557352 39.1875 0
2025-07-10T17:20:21.010000 54.541744 39.1875 0
2025-07-10T17:20:22.010000 54.52855599999999 39.1875 0
2025-07-10T17:20:23.010000 54.54299999999999 39.1875 0
2025-07-10T17:20:24.010000 54.545184 39.1575 0
2025-07-10T17:20:25.010000 54.56811599999999 39.125 0
2025-07-10T17:20:26.010000 54.54299999999999 39.125 0
2025-07-10T17:20:27.010000 54.544560000000004 39.125 0
2025-07-10T17:20:28.010000 54.55547000000001 39.125 0
2025-07-10T17:20:29.012000 54.525739999999985 39.125 0
2025-07-10T17:20:30.010000 54.507009999999994 39.125 0
2025-07-10T17:20:31.010000 54.467929999999996 39.125 0
2025-07-10T17:20:32.010000 54.496100000000006 39.125 0
2025-07-10T17:20:33.015000 54.496100000000006 39.125 0
2025-07-10T17:20:34.010000 54.49766 39.125 0
2025-07-10T17:20:35.010000 54.51014 39.125 0
2025-07-10T17:20:36.010000 54.496100000000006 39.125 0
2025-07-10T17:20:37.010000 54.496100000000006 39.125 0
2025-07-10T17:20:38.010000 54.49766 39.125 0
2025-07-10T17:20:39.010000 54.50795599999999 39.125 0
2025-07-10T17:20:40.010000 54.482372 39.125 0
2025-07-10T17:20:41.010000 54.496100000000006 39.125 0
2025-07-10T17:20:42.011000 54.494228 39.125 0
2025-07-10T17:20:43.010000 54.48241020408164 39.125 0
2025-07-10T17:20:44.010000 54.494228 39.11375 0
2025-07-10T17:20:45.010000 54.482372 39.0625 0
2025-07-10T17:20:46.010000 54.496100000000006 39.0625 0
2025-07-10T17:20:47.010000 54.496100000000006 39.10375 0
2025-07-10T17:20:48.010000 54.496100000000006 39.125 0
2025-07-10T17:20:49.010000 54.496100000000006 39.1175 0
2025-07-10T17:20:50.010000 54.498284000000005 39.0625 0
2025-07-10T17:20:51.010000 54.509516000000005 39.0625 0
2025-07-10T17:20:52.010000 54.498284000000005 39.0625 0
2025-07-10T17:20:53.010000 54.509516000000005 39.0625 0
2025-07-10T17:20:54.010000 54.496100000000006 39.0625 0
2025-07-10T17:20:55.010000 54.496100000000006 39.0625 0
2025-07-10T17:20:56.010000 54.496100000000006 39.0625 0
2025-07-10T17:20:57.010000 54.496100000000006 39.0625 0
2025-07-10T17:20:58.010000 54.496100000000006 39.0625 0
2025-07-10T17:20:59.010000 54.497348 39.0625 0
2025-07-10T17:21:00.010000 54.5117 39.0625 0
2025-07-10T17:21:01.010000 54.51045200000001 39.0625 0
2025-07-10T17:21:02.010000 54.498596000000006 39.0625 0
2025-07-10T17:21:03.010000 54.52605199999999 39.0625 0
2025-07-10T17:21:04.010000 54.51014 39.0625 0
2025-07-10T17:21:05.010000 54.49766 39.00375 0
2025-07-10T17:21:06.010000 54.51014 39.0 0
2025-07-10T17:21:07.010000 54.49766 39.0 0
2025-07-10T17:21:08.010000 54.51014 39.0 0
2025-07-10T17:21:09.010000 54.496100000000006 39.0 0
2025-07-10T17:21:10.010000 54.49766 39.0 0
2025-07-10T17:21:11.010000 54.5117 39.0 0
2025-07-10T17:21:12.010000 54.50858 39.0 0
2025-07-10T17:21:13.010000 54.484244 39.0 0
2025-07-10T17:21:14.010000 54.50858 39.0 0
2025-07-10T17:21:15.010000 54.482372 39.0 0
2025-07-10T17:21:16.010000 54.496100000000006 39.0 0
2025-07-10T17:21:17.010000 54.494228 39.0 0
2025-07-10T17:21:18.010000 54.482372 39.0 0
2025-07-10T17:21:19.010000 54.496100000000006 39.0 0
2025-07-10T17:21:20.012000 54.496100000000006 39.0 0
2025-07-10T17:21:21.010000 54.496100000000006 39.0 0
2025-07-10T17:21:22.010000 54.496100000000006 39.0 0
2025-07-10T17:21:23.010000 54.494228 39.0 0
2025-07-10T17:21:24.010000 54.482684 39.0 0
2025-07-10T17:21:25.010000 54.496100000000006 38.95625 2
2025-07-10T17:21:26.010000 54.498284000000005 38.9375 2
2025-07-10T17:21:27.010000 54.509516000000005 38.9375 2
2025-07-10T17:21:28.010000 54.496100000000006 38.9375 2
2025-07-10T17:21:29.010000 54.493916 38.9375 2
2025-07-10T17:21:30.010000 54.482684 38.9375 2
2025-07-10T17:21:31.010000 54.498284000000005 38.9375 2
2025-07-10T17:21:32.010000 54.5117 38.9375 2
2025-07-10T17:21:33.010000 54.5117 38.9375 2
2025-07-10T17:21:34.010000 54.512947999999994 38.9375 2
2025-07-10T17:21:35.010000 54.524803999999996 38.9375 2
2025-07-10T17:21:36.010000 54.497348 38.9375 2
2025-07-10T17:21:37.011000 54.5117 38.9375 2
2025-07-10T17:21:38.010000 54.5117 38.9375 2
2025-07-10T17:21:39.010000 54.51045200000001 38.9375 2
2025-07-10T17:21:40.010000 54.497348 38.9375 2
2025-07-10T17:21:41.010000 54.51483 38.9375 2
2025-07-10T17:21:42.010000 54.54143 38.9375 2
2025-07-10T17:21:43.010000 54.52729999999999 38.9375 2
2025-07-10T17:21:44.010000 54.52729999999999 38.9375 2
2025-07-10T17:21:45.010000 54.525739999999985 38.90875 2
2025-07-10T17:21:46.010000 54.5117 38.875 2
2025-07-10T17:21:47.010000 54.5117 38.875 2
2025-07-10T17:21:48.010000 54.51325999999999 38.875 2
2025-07-10T17:21:49.010000 54.525739999999985 38.875 2
2025-07-10T17:21:50.010000 54.51325999999999 38.875 2
2025-07-10T17:21:51.010000 54.52729999999999 38.875 2
2025-07-10T17:21:52.010000 54.52542799999999 38.875 2
2025-07-10T17:21:53.011000 54.5117 38.875 2
2025-07-10T17:21:54.010000 54.5117 38.875 2
2025-07-10T17:21:55.010000 54.5117 38.875 2
2025-07-10T17:21:56.010000 54.5117 38.875 2
2025-07-10T17:21:57.010000 54.509828 38.875 2
2025-07-10T17:21:58.010000 54.494228 38.875 2
2025-07-10T17:21:59.010000 54.48049999999999 38.875 2
2025-07-10T17:22:00.010000 54.478616 38.875 2
2025-07-10T17:22:01.010000 54.466998 38.875 2
2025-07-10T17:22:02.010000 54.48049999999999 38.875 2
2025-07-10T17:22:03.012000 54.48049999999999 38.82625 2
2025-07-10T17:22:04.010000 54.478302000000006 38.8125 2
2025-07-10T17:22:05.010000 54.469182 38.8125 2
2025-07-10T17:22:06.010000 54.493916 38.8125 2
2025-07-10T17:22:07.010000 54.48049999999999 38.8125 2
2025-07-10T17:22:08.013000 54.48049999999999 38.8125 2
2025-07-10T17:22:09.010000 54.48049999999999 38.8125 2
2025-07-10T17:22:10.010000 54.482684 38.8125 2
2025-07-10T17:22:11.010000 54.494852 38.8125 2
2025-07-10T17:22:12.010000 54.48049999999999 38.8125 2
2025-07-10T17:22:13.010000 54.479244 38.8125 2
2025-07-10T17:22:14.010000 54.46855199999999 38.8125 2
2025-07-10T17:22:15.010000 54.509204 38.8125 2
2025-07-10T17:22:16.010000 54.482996 38.8125 2
2025-07-10T17:22:17.010000 54.50858 38.8125 2
2025-07-10T17:22:18.010000 54.481747999999996 38.8125 2
2025-07-10T17:22:19.010000 54.49766 38.8125 2
2025-07-10T17:22:20.010000 54.51014 38.80875 2
2025-07-10T17:22:21.010000 54.49766 38.75 2
2025-07-10T17:22:22.010000 54.51014 38.75 2
2025-07-10T17:22:23.010000 54.496100000000006 38.75 2
2025-07-10T17:22:24.010000 54.496100000000006 38.75 2
2025-07-10T17:22:25.010000 54.49766 38.75 2
2025-07-10T17:22:26.010000 54.5117 38.75 2
2025-07-10T17:22:27.010000 54.51014 38.75 2
2025-07-10T17:22:28.010000 54.499844 38.75 2
2025-07-10T17:22:29.010000 54.52729999999999 38.75 2
2025-07-10T17:22:30.010000 54.52355599999999 38.75 2
2025-07-10T17:22:31.010000 54.499844 38.75 2
2025-07-10T17:22:32.010000 54.52542799999999 38.75 2
2025-07-10T17:22:33.010000 54.513571999999996 38.75 2
2025-07-10T17:22:34.010000 54.52542799999999 38.75 2
2025-07-10T17:22:35.010000 54.513571999999996 38.75 2
2025-07-10T17:22:36.010000 54.52729999999999 38.75 2
2025-07-10T17:22:37.010000 54.52542799999999 38.75 2
2025-07-10T17:22:38.010000 54.513884 38.75 2
2025-07-10T17:22:39.010000 54.52729999999999 38.75 2
2025-07-10T17:22:40.010000 54.52729999999999 38.75 2
2025-07-10T17:22:41.010000 54.529498 38.7 2
2025-07-10T17:22:42.010000 54.54299999999999 38.6875 2
2025-07-10T17:22:43.011000 54.540802000000006 38.6875 2
2025-07-10T17:22:44.010000 54.529498 38.6875 2
2025-07-10T17:22:45.010000 54.540802000000006 38.6875 2
2025-07-10T17:22:46.010000 54.52729999999999 38.6875 2
2025-07-10T17:22:47.010000 54.529498 38.6875 2
2025-07-10T17:22:48.010000 54.54299999999999 38.6875 2
2025-07-10T17:22:49.010000 54.540496000000005 38.6875 2
2025-07-10T17:22:50.010000 54.515452 38.6875 2
2025-07-10T17:22:51.010000 54.556096000000004 38.6875 2
2025-07-10T17:22:52.010000 54.52605199999999 38.6875 2
2025-07-10T17:22:53.010000 54.512947999999994 38.6875 2
2025-07-10T17:22:54.010000 54.52980399999999 38.6875 2
2025-07-10T17:22:55.010000 54.55547000000001 38.6875 2
2025-07-10T17:22:56.010000 54.52886999999999 38.6875 2
2025-07-10T17:22:57.010000 54.54299999999999 38.6875 2
2025-07-10T17:22:58.010000 54.54299999999999 38.6875 2
2025-07-10T17:22:59.010000 54.54143 38.6875 2
2025-07-10T17:23:00.010000 54.52886999999999 38.6875 2
2025-07-10T17:23:01.010000 54.544560000000004 38.6875 2
2025-07-10T17:23:02.010000 54.55391 38.6875 2
2025-07-10T17:23:03.010000 54.51483 38.68625 2
2025-07-10T17:23:04.010000 54.544560000000004 38.625 2
2025-07-10T17:23:05.010000 54.55547000000001 38.625 2
2025-07-10T17:23:06.010000 54.52918399999999 38.625 2
2025-07-10T17:23:07.010000 54.54299999999999 38.625 2
2025-07-10T17:23:08.010000 54.54299999999999 38.625 2
2025-07-10T17:23:09.015000 54.541116 38.625 2
2025-07-10T17:23:10.010000 54.52918399999999 38.625 2
2025-07-10T17:23:11.010000 54.544872 38.6525 2
2025-07-10T17:23:12.015000 54.558600000000006 38.6875 2
2025-07-10T17:23:13.011000 54.558600000000006 38.6875 2
2025-07-10T17:23:14.010000 54.558600000000006 38.63125 2
2025-07-10T17:23:15.010000 54.558600000000006 38.625 2
2025-07-10T17:23:16.010000 54.556416 38.625 2
2025-07-10T17:23:17.010000 54.54299999999999 38.625 2
2025-07-10T17:23:18.010000 54.545184 38.625 2
2025-07-10T17:23:19.010000 54.558600000000006 38.625 2
2025-07-10T17:23:20.011000 54.554218 38.625 2
2025-07-10T17:23:21.010000 54.529498 38.625 2
2025-07-10T17:23:22.010000 54.540802000000006 38.625 2
2025-07-10T17:23:23.010000 54.52729999999999 38.625 2
2025-07-10T17:23:24.010000 54.529498 38.625 2
2025-07-10T17:23:25.010000 54.540802000000006 38.625 2
2025-07-10T17:23:26.010000 54.52729999999999 38.6075 2
2025-07-10T17:23:27.010000 54.52605199999999 38.5625 2
2025-07-10T17:23:28.010000 54.512947999999994 38.5625 2
2025-07-10T17:23:29.010000 54.52605199999999 38.5625 2
2025-07-10T17:23:30.010000 54.514204 38.5625 2
2025-07-10T17:23:31.010000 54.541744 38.5625 2
2025-07-10T17:23:32.010000 54.52855599999999 38.5625 2
2025-07-10T17:23:33.010000 54.53986999999999 38.5625 2
2025-07-10T17:23:34.010000 54.51325999999999 38.5625 2
2025-07-10T17:23:35.010000 54.52886999999999 38.5625 2
2025-07-10T17:23:36.010000 54.54299999999999 38.5625 2
2025-07-10T17:23:37.010000 54.54143 38.5625 2
2025-07-10T17:23:38.010000 54.52886999999999 38.5625 2
2025-07-10T17:23:39.010000 54.54143 38.5625 2
2025-07-10T17:23:40.011000 54.52886999999999 38.5625 2
2025-07-10T17:23:41.010000 54.54299999999999 38.5625 2
2025-07-10T17:23:42.010000 54.54299999999999 38.5625 2
2025-07-10T17:23:43.010000 54.53986999999999 38.5625 2
2025-07-10T17:23:44.010000 54.51545599999999 38.5625 2
2025-07-10T17:23:45.010000 54.54299999999999 38.5625 2
2025-07-10T17:23:46.010000 54.54299999999999 38.56 2
2025-07-10T17:23:47.010000 54.54299999999999 38.5 2
2025-07-10T17:23:48.010000 54.54299999999999 38.5 2
2025-07-10T17:23:49.010000 54.54299999999999 38.5 2
2025-07-10T17:23:50.010000 54.54299999999999 38.5 2
2025-07-10T17:23:51.010000 54.541116 38.5 2
2025-07-10T17:23:52.010000 54.53105599999999 38.5 2
2025-07-10T17:23:53.011000 54.556728 38.5 2
2025-07-10T17:23:54.010000 54.54299999999999 38.5 2
2025-07-10T17:23:55.010000 54.540802000000006 38.5 2
2025-07-10T17:23:56.010000 54.531682 38.5 2
2025-07-10T17:23:57.010000 54.554218 38.5 2
2025-07-10T17:23:58.010000 54.529498 38.5 2
2025-07-10T17:23:59.010000 54.545184 38.5 2
2025-07-10T17:24:00.010000 54.558600000000006 38.5 2
2025-07-10T17:24:01.010000 54.558600000000006 38.5 2
2025-07-10T17:24:02.010000 54.556416 38.5 2
2025-07-10T17:24:03.010000 54.54299999999999 38.5 2
2025-07-10T17:24:04.010000 54.545184 38.5 2
2025-07-10T17:24:05.010000 54.557352 38.5 2
2025-07-10T17:24:06.010000 54.54299999999999 38.5 2
2025-07-10T17:24:07.010000 54.54299999999999 38.5 2
2025-07-10T17:24:08.010000 54.544247999999996 38.5 2
2025-07-10T17:24:09.010000 54.558600000000006 38.48375 2
2025-07-10T17:24:10.010000 54.558600000000006 38.4375 2
2025-07-10T17:24:11.010000 54.558600000000006 38.4375 2
2025-07-10T17:24:12.012000 54.55977 38.48125 2
2025-07-10T17:24:13.010000 54.569129999999994 38.5 2
2025-07-10T17:24:14.010000 54.558600000000006 38.48875 2
2025-07-10T17:24:15.010000 54.55977 38.4375 2
2025-07-10T17:24:16.010000 54.569129999999994 38.4375 2
2025-07-10T17:24:17.010000 54.558600000000006 38.4375 2
2025-07-10T17:24:18.010000 54.55977 38.4375 2
2025-07-10T17:24:19.010000 54.571859999999994 38.4375 2
2025-07-10T17:24:20.011000 54.584340000000005 38.4375 2
2025-07-10T17:24:21.010000 54.569129999999994 38.4375 2
2025-07-10T17:24:22.010000 54.558600000000006 38.4375 2
2025-07-10T17:24:23.010000 54.56187599999999 38.4375 2
2025-07-10T17:24:24.010000 54.582624 38.4375 2
2025-07-10T17:24:25.010000 54.560004 38.4375 2
2025-07-10T17:24:26.010000 54.567024 38.4375 2
2025-07-10T17:24:27.010000 54.544872 38.4375 2
2025-07-10T17:24:28.010000 54.560004 38.4375 2
2025-07-10T17:24:29.010000 54.57029999999999 38.4375 2
2025-07-10T17:24:30.010000 54.568896 38.4375 2
2025-07-10T17:24:31.011000 54.558600000000006 38.4375 2
2025-07-10T17:24:32.010000 54.558600000000006 38.4375 2
2025-07-10T17:24:33.010000 54.562422000000005 38.4375 2
2025-07-10T17:24:34.010000 54.582078 38.4375 2
2025-07-10T17:24:35.010000 54.558600000000006 38.4375 2
2025-07-10T17:24:36.010000 54.560238 38.4375 2
2025-07-10T17:24:37.010000 54.57029999999999 38.41125 2
2025-07-10T17:24:38.010000 54.57248399999999 38.375 2
2025-07-10T17:24:39.010000 54.5859 38.375 2
2025-07-10T17:24:40.010000 54.583716 38.375 2
2025-07-10T17:24:41.010000 54.57029999999999 38.375 2
2025-07-10T17:24:42.010000 54.57029999999999 38.375 2
2025-07-10T17:24:43.010000 54.57029999999999 38.375 2
2025-07-10T17:24:44.010000 54.57154799999999 38.375 2
2025-07-10T17:24:45.010000 54.5859 38.375 2
2025-07-10T17:24:46.010000 54.584652000000006 38.375 2
2025-07-10T17:24:47.010000 54.57029999999999 38.375 2
2025-07-10T17:24:48.010000 54.56936399999999 38.375 2
2025-07-10T17:24:49.010000 54.559536 38.375 2
2025-07-10T17:24:50.010000 54.571859999999994 38.375 2
2025-07-10T17:24:51.010000 54.5859 38.375 2
2025-07-10T17:24:52.010000 54.5859 38.375 2
2025-07-10T17:24:53.010000 54.5859 38.375 2
2025-07-10T17:24:54.010000 54.5859 38.375 2
2025-07-10T17:24:55.010000 54.58747 38.375 2
2025-07-10T17:24:56.011000 54.59847 38.375 2
2025-07-10T17:24:57.010000 54.571859999999994 38.375 2
2025-07-10T17:24:58.010000 54.58747 38.375 2
2025-07-10T17:24:59.010000 54.6016 38.375 2
2025-07-10T17:25:00.010000 54.599716 38.375 2
2025-07-10T17:25:01.010000 54.5859 38.375 2
2025-07-10T17:25:02.010000 54.5859 38.37 2
2025-07-10T17:25:03.010000 54.587784 38.3125 2
2025-07-10T17:25:04.010000 54.599716 38.3125 2
2025-07-10T17:25:05.010000 54.587784 38.3125 2
2025-07-10T17:25:06.010000 54.599716 38.3125 2
2025-07-10T17:25:07.010000 54.587784 38.3125 2
2025-07-10T17:25:08.010000 54.599716 38.3125 2
2025-07-10T17:25:09.010000 54.5859 38.3125 2
2025-07-10T17:25:10.010000 54.584027999999996 38.3125 2
2025-07-10T17:25:11.010000 54.57248399999999 38.3125 2
2025-07-10T17:25:12.010000 54.583716 38.3125 2
2025-07-10T17:25:13.010000 54.57248399999999 38.3125 2
2025-07-10T17:25:14.010000 54.583716 38.3125 2
2025-07-10T17:25:15.010000 54.57248399999999 38.3125 2
2025-07-10T17:25:16.010000 54.5859 38.3125 2
2025-07-10T17:25:17.010000 54.5859 38.3125 2
2025-07-10T17:25:18.010000 54.5859 38.3125 2
2025-07-10T17:25:19.010000 54.5859 38.3125 2
2025-07-10T17:25:20.010000 54.58809800000001 38.3125 2
2025-07-10T17:25:21.011000 54.60034400000001 38.3125 2
2025-07-10T17:25:22.010000 54.5859 38.3125 2
2025-07-10T17:25:23.010000 54.5859 38.3125 2
2025-07-10T17:25:24.010000 54.584652000000006 38.3125 2
2025-07-10T17:25:25.010000 54.57154799999999 38.295 2
2025-07-10T17:25:26.010000 54.5859 38.25 2
2025-07-10T17:25:27.010000 54.58747 38.25 2
2025-07-10T17:25:28.010000 54.60003 38.25 2
2025-07-10T17:25:29.010000 54.5859 38.25 2
2025-07-10T17:25:30.010000 54.58747 38.2625 2
2025-07-10T17:25:31.010000 54.6016 38.3125 2
2025-07-10T17:25:32.010000 54.60003 38.3125 2
2025-07-10T17:25:33.010000 54.5859 38.27 2
2025-07-10T17:25:34.010000 54.5859 38.25 2
2025-07-10T17:25:35.010000 54.5859 38.25 2
2025-07-10T17:25:36.010000 54.5859 38.25 2
2025-07-10T17:25:37.011000 54.5859 38.25 2
2025-07-10T17:25:38.012000 54.5859 38.25 2
2025-07-10T17:25:39.010000 54.584027999999996 38.25 2
2025-07-10T17:25:40.010000 54.572171999999995 38.25 2
2025-07-10T17:25:41.010000 54.584027999999996 38.25 2
2025-07-10T17:25:42.011000 54.57029999999999 38.25 2
2025-07-10T17:25:43.010000 54.57029999999999 38.25 2
2025-07-10T17:25:44.011000 54.57029999999999 38.25 2
2025-07-10T17:25:45.010000 54.57029999999999 38.25 2
2025-07-10T17:25:46.010000 54.57029999999999 38.25 2
2025-07-10T17:25:47.010000 54.572171999999995 38.25 2
2025-07-10T17:25:48.010000 54.582078 38.25 2
2025-07-10T17:25:49.010000 54.560238 38.25 2
2025-07-10T17:25:50.010000 54.568662 38.25 2
2025-07-10T17:25:51.010000 54.562422000000005 38.25 2
2025-07-10T17:25:52.010000 54.579894 38.25 2
2025-07-10T17:25:53.010000 54.54299999999999 38.225 2
2025-07-10T17:25:54.010000 54.54299999999999 38.1875 2
2025-07-10T17:25:55.010000 54.540802000000006 38.1875 2
2025-07-10T17:25:56.010000 54.529498 38.2425 2
2025-07-10T17:25:57.012000 54.54299999999999 38.25 2
2025-07-10T17:25:58.010000 54.540488 38.2275 16386
2025-07-10T17:25:59.011000 54.52980399999999 38.1875 16386
2025-07-10T17:26:00.010000 54.557352 38.1875 16386
2025-07-10T17:26:01.010000 54.54299999999999 38.23875 2
2025-07-10T17:26:02.010000 54.544247999999996 38.25 2
2025-07-10T17:26:03.010000 54.558600000000006 38.25 2
2025-07-10T17:26:04.010000 54.55704 38.25 16386
2025-07-10T17:26:05.010000 54.54299999999999 38.25 16386
2025-07-10T17:26:06.010000 54.54299999999999 38.20125 2
2025-07-10T17:26:07.010000 54.53986999999999 38.1875 2
2025-07-10T17:26:08.010000 54.5117 38.2025 2
2025-07-10T17:26:09.010000 54.51014 38.25 2
2025-07-10T17:26:10.010000 54.49766 38.25 2
2025-07-10T17:26:11.010000 54.51014 38.25 2
2025-07-10T17:26:12.010000 54.49922000000001 38.25 2
2025-07-10T17:26:13.010000 54.52729999999999 38.25 2
2025-07-10T17:26:14.010000 54.52542799999999 38.25 2
2025-07-10T17:26:15.010000 54.5117 38.25 2
2025-07-10T17:26:16.010000 54.513571999999996 38.2075 2
2025-07-10T17:26:17.010000 54.52542799999999 38.1875 2
2025-07-10T17:26:18.010000 54.5117 38.1875 2
2025-07-10T17:26:19.010000 54.513571999999996 38.1875 2
2025-07-10T17:26:20.010000 54.52729999999999 38.1875 2
2025-07-10T17:26:21.010000 54.52542799999999 38.1875 2
2025-07-10T17:26:22.010000 54.5117 38.1875 2
2025-07-10T17:26:23.013000 54.513884 38.1875 2
2025-07-10T17:26:24.010000 54.525116 38.1875 2
2025-07-10T17:26:25.010000 54.513884 38.1875 2
2025-07-10T17:26:26.010000 54.525116 38.1875 2
2025-07-10T17:26:27.010000 54.513884 38.1875 2
2025-07-10T17:26:28.010000 54.525116 38.1875 2
2025-07-10T17:26:29.010000 54.513884 38.1875 2
2025-07-10T17:26:30.010000 54.529498 38.1875 2
2025-07-10T17:26:31.010000 54.540802000000006 38.1875 2
2025-07-10T17:26:32.010000 54.529498 38.1875 2
2025-07-10T17:26:33.010000 54.53861800000001 38.1875 2
2025-07-10T17:26:34.010000 54.5117 38.1875 2
2025-07-10T17:26:35.010000 54.51419599999999 38.1875 2
2025-07-10T17:26:36.014000 54.529498 38.1875 2
2025-07-10T17:26:37.010000 54.54299999999999 38.1875 2
2025-07-10T17:26:38.010000 54.541744 38.1875 2
2025-07-10T17:26:39.010000 54.52855599999999 38.1875 2
2025-07-10T17:26:40.010000 54.53986999999999 38.1875 2
2025-07-10T17:26:41.010000 54.51639 38.1875 2
2025-07-10T17:26:42.010000 54.558600000000006 38.1875 2
2025-07-10T17:26:43.010000 54.55547000000001 38.1875 2
2025-07-10T17:26:44.010000 54.530429999999996 38.1875 2
2025-07-10T17:26:45.010000 54.55704 38.1875 2
2025-07-10T17:26:46.010000 54.54143 38.1875 2
2025-07-10T17:26:47.010000 54.52886999999999 38.1875 2
2025-07-10T17:26:48.010000 54.539244 38.1875 2
2025-07-10T17:26:49.010000 54.5117 38.1875 2
2025-07-10T17:26:50.010000 54.5117 38.1875 2
2025-07-10T17:26:51.010000 54.513571999999996 38.1875 2
2025-07-10T17:26:52.010000 54.52542799999999 38.1875 2
2025-07-10T17:26:53.011000 54.513571999999996 38.1875 2
2025-07-10T17:26:54.010000 54.52729999999999 38.1875 16386
2025-07-10T17:26:55.010000 54.52542799999999 38.1875 16386
2025-07-10T17:26:56.010000 54.5117 38.1875 16386
2025-07-10T17:26:57.010000 54.51545599999999 38.1875 2
2025-07-10T17:26:58.010000 54.541116 38.1875 2
2025-07-10T17:26:59.010000 54.52918399999999 38.23 16386
2025-07-10T17:27:00.010000 54.540802000000006 38.25 16386
2025-07-10T17:27:01.010000 54.525116 38.23875 16386
2025-07-10T17:27:02.010000 54.5117 38.1875 16386
2025-07-10T17:27:03.010000 54.516082 38.1875 16386
2025-07-10T17:27:04.010000 54.53861800000001 38.2275 16386
2025-07-10T17:27:05.010000 54.5117 38.25 2
2025-07-10T17:27:06.010000 54.513884 38.25 2
2025-07-10T17:27:07.010000 54.52729999999999 38.25 16386
2025-07-10T17:27:08.010000 54.522932 38.25 16386
2025-07-10T17:27:09.010000 54.493916 38.25 16386
2025-07-10T17:27:10.010000 54.484868000000006 38.25 2
2025-07-10T17:27:11.010000 54.51419599999999 38.25 2
2025-07-10T17:27:12.010000 54.522307999999995 38.25 2
2025-07-10T17:27:13.010000 54.496100000000006 38.25 2
2025-07-10T17:27:14.010000 54.496100000000006 38.25 2
2025-07-10T17:27:15.011000 54.493604000000005 38.25 2
2025-07-10T17:27:16.010000 54.482060000000004 38.25 2
2025-07-10T17:27:17.010000 54.496100000000006 38.25 2
2025-07-10T17:27:18.010000 54.49766 38.25 2
2025-07-10T17:27:19.010000 54.51014 38.25 2
2025-07-10T17:27:20.010000 54.49454 38.25 2
2025-07-10T17:27:21.010000 54.482060000000004 38.25 2
2025-07-10T17:27:22.010000 54.496100000000006 38.25 2
2025-07-10T17:27:23.010000 54.496100000000006 38.25 2
2025-07-10T17:27:24.010000 54.49766 38.25 2
2025-07-10T17:27:25.010000 54.51014 38.25 16386
2025-07-10T17:27:26.010000 54.496100000000006 38.25 16386
2025-07-10T17:27:27.010000 54.49797200000001 38.25 16386
2025-07-10T17:27:28.010000 54.5117 38.25 16386
2025-07-10T17:27:29.010000 54.509828 38.2675 16386
2025-07-10T17:27:30.010000 54.496100000000006 38.3125 16386
2025-07-10T17:27:31.010000 54.496100000000006 38.3125 16386
2025-07-10T17:27:32.010000 54.496100000000006 38.3125 16386
2025-07-10T17:27:33.010000 54.496100000000006 38.3125 16386
2025-07-10T17:27:34.010000 54.496100000000006 38.3125 16386
2025-07-10T17:27:35.010000 54.49797200000001 38.3125 2
2025-07-10T17:27:36.010000 54.509828 38.3125 2
2025-07-10T17:27:37.010000 54.49797200000001 38.3125 2
2025-07-10T17:27:38.010000 54.509516000000005 38.3125 2
2025-07-10T17:27:39.010000 54.496100000000006 38.3125 2
2025-07-10T17:27:40.010000 54.500468 38.3125 16386
2025-07-10T17:27:41.010000 54.525116 38.3125 16386
2025-07-10T17:27:42.010000 54.5117 38.3125 16386
2025-07-10T17:27:43.010000 54.5117 38.3125 16386
2025-07-10T17:27:44.011000 54.5117 38.31875 16386
2025-07-10T17:27:45.010000 54.5117 38.375 16386
2025-07-10T17:27:46.010000 54.5117 38.375 16386
2025-07-10T17:27:47.010000 54.5117 38.375 16386
2025-07-10T17:27:48.010000 54.51419599999999 38.375 16386
2025-07-10T17:27:49.010000 54.524803999999996 38.375 16386
2025-07-10T17:27:50.010000 54.51419599999999 38.375 2
2025-07-10T17:27:51.010000 54.52981199999999 38.375 2
2025-07-10T17:27:52.010000 54.540488 38.375 2
2025-07-10T17:27:53.010000 54.52729999999999 38.375 2
2025-07-10T17:27:54.010000 54.52729999999999 38.375 2
2025-07-10T17:27:55.010000 54.525739999999985 38.375 16386
2025-07-10T17:27:56.010000 54.51325999999999 38.375 16386
2025-07-10T17:27:57.010000 54.530429999999996 38.375 16386
2025-07-10T17:27:58.010000 54.55547000000001 38.375 16386
2025-07-10T17:27:59.011000 54.52729999999999 38.375 16386
2025-07-10T17:28:00.010000 54.52886999999999 38.43125 16386
2025-07-10T17:28:01.011000 54.53986999999999 38.4375 16386
2025-07-10T17:28:02.010000 54.51639 38.4375 16386
2025-07-10T17:28:03.010000 54.55547000000001 38.4375 16386
2025-07-10T17:28:04.010000 54.52918399999999 38.4375 16386
2025-07-10T17:28:05.010000 54.541116 38.4375 2
2025-07-10T17:28:06.010000 54.52918399999999 38.4375 2
2025-07-10T17:28:07.011000 54.54299999999999 38.4375 2
2025-07-10T17:28:08.010000 54.54299999999999 38.4375 2
2025-07-10T17:28:09.010000 54.54299999999999 38.4375 2
2025-07-10T17:28:10.011000 54.54299999999999 38.4375 16386
2025-07-10T17:28:11.010000 54.54299999999999 38.4375 16386
2025-07-10T17:28:12.010000 54.54299999999999 38.4375 16386
2025-07-10T17:28:13.010000 54.541116 38.4375 16386
2025-07-10T17:28:14.010000 54.529498 38.4375 16386
2025-07-10T17:28:15.010000 54.54299999999999 38.48125 16386
2025-07-10T17:28:16.010000 54.540802000000006 38.5 16386
2025-07-10T17:28:17.010000 54.531682 38.5 16386
2025-07-10T17:28:18.010000 54.556416 38.5 16386
2025-07-10T17:28:19.010000 54.54299999999999 38.5 16386
2025-07-10T17:28:20.010000 54.54299999999999 38.5 16386
2025-07-10T17:28:21.010000 54.54299999999999 38.5 16386
2025-07-10T17:28:22.010000 54.54299999999999 38.50625 16386
2025-07-10T17:28:23.012000 54.54299999999999 38.5625 16386
2025-07-10T17:28:24.010000 54.54299999999999 38.5625 16386
2025-07-10T17:28:25.010000 54.54299999999999 38.5625 16386
2025-07-10T17:28:26.010000 54.54299999999999 38.5625 16386
2025-07-10T17:28:27.010000 54.545496 38.5625 16386
2025-07-10T17:28:28.010000 54.556104000000005 38.5625 16386
2025-07-10T17:28:29.010000 54.545496 38.5625 16386
2025-07-10T17:28:30.010000 54.553592 38.5625 16386
2025-07-10T17:28:31.011000 54.52981199999999 38.5625 16386
2025-07-10T17:28:32.011000 54.54299999999999 38.5625 16386
2025-07-10T17:28:33.010000 54.544560000000004 38.62375 16386
2025-07-10T17:28:34.010000 54.558600000000006 38.625 16386
2025-07-10T17:28:35.010000 54.55704 38.625 16386
2025-07-10T17:28:36.010000 54.544560000000004 38.625 16386
2025-07-10T17:28:37.010000 54.558600000000006 38.625 16386
2025-07-10T17:28:38.010000 54.558600000000006 38.625 16386
2025-07-10T17:28:39.010000 54.560004 38.625 16386
2025-07-10T17:28:40.010000 54.568896 38.65 16386
2025-07-10T17:28:41.010000 54.558600000000006 38.6875 16386
2025-07-10T17:28:42.010000 54.556728 38.6875 16386
2025-07-10T17:28:43.010000 54.544872 38.6875 16386
2025-07-10T17:28:44.010000 54.556728 38.6875 16386
2025-07-10T17:28:45.010000 54.54299999999999 38.6875 16386
2025-07-10T17:28:46.010000 54.54299999999999 38.6875 16386
2025-07-10T17:28:47.010000 54.544872 38.6875 16386
2025-07-10T17:28:48.010000 54.556728 38.6875 16386
2025-07-10T17:28:49.010000 54.545184 38.6875 16386
2025-07-10T17:28:50.010000 54.558600000000006 38.70375 16386
2025-07-10T17:28:51.010000 54.558600000000006 38.75 16386
2025-07-10T17:28:52.011000 54.558600000000006 38.75 16386
2025-07-10T17:28:53.010000 54.558600000000006 38.75 16386
2025-07-10T17:28:54.010000 54.558600000000006 38.75 16386
2025-07-10T17:28:55.010000 54.560238 38.75 16386
2025-07-10T17:28:56.011000 54.568662 38.75 16386
2025-07-10T17:28:57.011000 54.560238 38.75 16386
2025-07-10T17:28:58.010000 54.57029999999999 38.79 16386
2025-07-10T17:28:59.010000 54.568662 38.8125 16386
2025-07-10T17:29:00.010000 54.558600000000006 38.8125 16386
2025-07-10T17:29:01.010000 54.558600000000006 38.8125 16386
2025-07-10T17:29:02.010000 54.558600000000006 38.8125 16386
2025-07-10T17:29:03.011000 54.558600000000006 38.8125 16386
2025-07-10T17:29:04.011000 54.558600000000006 38.8125 16386
2025-07-10T17:29:05.010000 54.556104000000005 38.81625 16386
2025-07-10T17:29:06.010000 54.547368000000006 38.875 16386
2025-07-10T17:29:07.010000 54.57029999999999 38.875 16386
2025-07-10T17:29:08.010000 54.568428000000004 38.875 16386
2025-07-10T17:29:09.010000 54.558600000000006 38.875 16386
2025-07-10T17:29:10.010000 54.558600000000006 38.875 16386
2025-07-10T17:29:11.010000 54.558600000000006 38.9375 16386
2025-07-10T17:29:12.010000 54.55977 38.9375 16386
2025-07-10T17:29:13.010000 54.569129999999994 38.9075 16386
2025-07-10T17:29:14.010000 54.55977 38.875 16386
2025-07-10T17:29:15.010000 54.569129999999994 38.875 16386
2025-07-10T17:29:16.011000 54.558600000000006 38.93375 16386
2025-07-10T17:29:17.010000 54.558600000000006 38.9375 16386
2025-07-10T17:29:18.010000 54.558600000000006 38.96375 16386
2025-07-10T17:29:19.010000 54.558600000000006 39.0 16384
2025-07-10T17:29:20.010000 54.558600000000006 39.0 16384
2025-07-10T17:29:21.010000 54.558600000000006 39.0 16384
2025-07-10T17:29:22.010000 54.558600000000006 39.0 16384
2025-07-10T17:29:23.010000 54.558600000000006 39.0 16384
2025-07-10T17:29:24.010000 54.560004 39.0 16384
2025-07-10T17:29:25.010000 54.57029999999999 39.0 16384
2025-07-10T17:29:26.010000 54.57029999999999 39.0 16384
2025-07-10T17:29:27.010000 54.57029999999999 39.0 16384
2025-07-10T17:29:28.010000 54.568662 39.02 16384
2025-07-10T17:29:29.012000 54.558600000000006 39.0625 16384
2025-07-10T17:29:30.014000 54.560238 39.0625 16384
2025-07-10T17:29:31.010000 54.57248399999999 39.0625 16384
2025-07-10T17:29:32.011000 54.582078 39.0625 16384
2025-07-10T17:29:33.010000 54.558600000000006 39.0625 16384
2025-07-10T17:29:34.010000 54.556416 39.0625 16384
2025-07-10T17:29:35.010000 54.545184 39.0625 16384
2025-07-10T17:29:36.010000 54.558600000000006 39.1075 16384
2025-07-10T17:29:37.010000 54.556416 39.125 16384
2025-07-10T17:29:38.010000 54.547368000000006 39.125 16384
2025-07-10T17:29:39.010000 54.568428000000004 39.125 16384
2025-07-10T17:29:40.010000 54.558600000000006 39.125 16384
2025-07-10T17:29:41.010000 54.560472 39.125 16384
2025-07-10T17:29:42.010000 54.57029999999999 39.125 16384
2025-07-10T17:29:43.010000 54.568428000000004 39.13375 16384
2025-07-10T17:29:44.012000 54.556104000000005 39.1875 16384
2025-07-10T17:29:45.010000 54.547368000000006 39.1875 16384
2025-07-10T17:29:46.010000 54.568428000000004 39.1875 16384
2025-07-10T17:29:47.010000 54.558600000000006 39.1875 16384
2025-07-10T17:29:48.010000 54.558600000000006 39.1925 16384
2025-07-10T17:29:49.010000 54.55977 39.25 16384
2025-07-10T17:29:50.010000 54.567569999999996 39.25 16384
2025-07-10T17:29:51.010000 54.544560000000004 39.25 16384
2025-07-10T17:29:52.010000 54.558600000000006 39.25 16384
2025-07-10T17:29:53.010000 54.55977 39.25 16384
2025-07-10T17:29:54.010000 54.57029999999999 39.25 16384
2025-07-10T17:29:55.010000 54.568896 39.25 16384
2025-07-10T17:29:56.010000 54.558600000000006 39.25 16384
2025-07-10T17:29:57.010000 54.558600000000006 39.25 16384
2025-07-10T17:29:58.010000 54.558600000000006 39.25 16384
2025-07-10T17:29:59.010000 54.558600000000006 39.31 16384
2025-07-10T17:30:00.010000 54.560004 39.3125 16384
2025-07-10T17:30:01.010000 54.568896 39.3125 16384
2025-07-10T17:30:02.010000 54.560004 39.3125 16384
2025-07-10T17:30:03.010000 54.568896 39.3125 16384
2025-07-10T17:30:04.010000 54.558600000000006 39.3125 16384
2025-07-10T17:30:05.010000 54.560238 39.3125 16384
2025-07-10T17:30:06.010000 54.57248399999999 39.3375 16384
2025-07-10T17:30:07.012000 54.583716 39.375 16384
2025-07-10T17:30:08.010000 54.568662 39.375 16384
2025-07-10T17:30:09.010000 54.560238 39.375 16384
2025-07-10T17:30:10.010000 54.568662 39.375 16384
2025-07-10T17:30:11.010000 54.560238 39.375 16384
2025-07-10T17:30:12.010000 54.57029999999999 39.375 16384
2025-07-10T17:30:13.010000 54.568662 39.375 16384
2025-07-10T17:30:14.010000 54.560238 39.425 16384
2025-07-10T17:30:15.010000 54.57248399999999 39.4375 16384
2025-07-10T17:30:16.010000 54.58153200000001 39.4375 16384
2025-07-10T17:30:17.010000 54.562968 39.4375 16384
2025-07-10T17:30:18.010000 54.58340400000001 39.4375 16384
2025-07-10T17:30:19.010000 54.57029999999999 39.4825 16384
2025-07-10T17:30:20.010000 54.568428000000004 39.5 16384
2025-07-10T17:30:21.010000 54.562968 39.5 16384
2025-07-10T17:30:22.010000 54.58340400000001 39.5 16384
2025-07-10T17:30:23.010000 54.568428000000004 39.5 16384
2025-07-10T17:30:24.010000 54.558600000000006 39.5 16384
2025-07-10T17:30:25.011000 54.560472 39.5 16384
2025-07-10T17:30:26.010000 54.57029999999999 39.5 16384
2025-07-10T17:30:27.010000 54.569129999999994 39.5 16384
2025-07-10T17:30:28.010000 54.558600000000006 39.5 16384
2025-07-10T17:30:29.010000 54.55977 39.53875 16384
2025-07-10T17:30:30.010000 54.57029999999999 39.5625 16384
2025-07-10T17:30:31.010000 54.57029999999999 39.5625 16384
2025-07-10T17:30:32.010000 54.569129999999994 39.5625 16384
2025-07-10T17:30:33.010000 54.560004 39.5625 16384
2025-07-10T17:30:34.010000 54.568896 39.5975 16384
2025-07-10T17:30:35.010000 54.560004 39.625 16384
2025-07-10T17:30:36.010000 54.57029999999999 39.62375 16384
2025-07-10T17:30:37.010000 54.57029999999999 39.5625 16384
2025-07-10T17:30:38.010000 54.568896 39.5625 16384
2025-07-10T17:30:39.010000 54.56187599999999 39.5925 16384
2025-07-10T17:30:40.010000 54.584027999999996 39.625 0
2025-07-10T17:30:41.011000 54.572171999999995 39.625 0
2025-07-10T17:30:42.010000 54.584027999999996 39.625 16384
2025-07-10T17:30:43.010000 54.57029999999999 39.625 16384
2025-07-10T17:30:44.010000 54.57029999999999 39.625 16384
2025-07-10T17:30:45.010000 54.568662 39.625 16384
2025-07-10T17:30:46.010000 54.560238 39.625 16384
2025-07-10T17:30:47.010000 54.57248399999999 39.68 16384
2025-07-10T17:30:48.010000 54.583716 39.6875 16384
2025-07-10T17:30:49.010000 54.57029999999999 39.6875 16384
2025-07-10T17:30:50.011000 54.568662 39.6875 16384
2025-07-10T17:30:51.010000 54.560238 39.6875 16384
2025-07-10T17:30:52.010000 54.57029999999999 39.6875 16384
2025-07-10T17:30:53.010000 54.57029999999999 39.6875 16384
2025-07-10T17:30:54.010000 54.57029999999999 39.705 16384
2025-07-10T17:30:55.010000 54.57029999999999 39.75 16384
2025-07-10T17:30:56.010000 54.57029999999999 39.75 16384
2025-07-10T17:30:57.010000 54.568428000000004 39.75 16384
2025-07-10T17:30:58.011000 54.560472 39.75 16384
2025-07-10T17:30:59.010000 54.568428000000004 39.75 16384
2025-07-10T17:31:00.010000 54.560472 39.75 16384
2025-07-10T17:31:01.010000 54.572796 39.75 16384
2025-07-10T17:31:02.010000 54.58340400000001 39.79 16384
2025-07-10T17:31:03.010000 54.572796 39.8125 16384
2025-07-10T17:31:04.010000 54.5859 39.8125 16384
2025-07-10T17:31:05.010000 54.5859 39.8125 16384
2025-07-10T17:31:06.010000 54.584340000000005 39.8125 16384
2025-07-10T17:31:07.010000 54.571859999999994 39.8125 16384
2025-07-10T17:31:08.010000 54.5859 39.8125 0
2025-07-10T17:31:09.010000 54.5859 39.8125 0
2025-07-10T17:31:10.010000 54.5859 39.8125 0
2025-07-10T17:31:11.012000 54.5859 39.8125 0
2025-07-10T17:31:12.010000 54.5859 39.8125 0
2025-07-10T17:31:13.010000 54.584027999999996 39.8125 0
2025-07-10T17:31:14.010000 54.57029999999999 39.8125 0
2025-07-10T17:31:15.010000 54.57029999999999 39.8125 16384
2025-07-10T17:31:16.010000 54.57029999999999 39.8125 16384
2025-07-10T17:31:17.010000 54.57029999999999 39.8125 16384
2025-07-10T17:31:18.010000 54.57029999999999 39.8125 16384
2025-07-10T17:31:19.010000 54.572171999999995 39.8125 16384
2025-07-10T17:31:20.010000 54.584027999999996 39.86875 16384
2025-07-10T17:31:21.010000 54.57029999999999 39.875 16384
2025-07-10T17:31:22.010000 54.57248399999999 39.875 16384
2025-07-10T17:31:23.010000 54.583716 39.875 16384
2025-07-10T17:31:24.010000 54.57248399999999 39.875 16384
2025-07-10T17:31:25.010000 54.583716 39.875 16384
2025-07-10T17:31:26.010000 54.57029999999999 39.875 16384
2025-07-10T17:31:27.010000 54.568662 39.875 16384
2025-07-10T17:31:28.010000 54.560238 39.875 16384
2025-07-10T17:31:29.010000 54.57029999999999 39.875 16384
2025-07-10T17:31:30.010000 54.57029999999999 39.925 16384
2025-07-10T17:31:31.010000 54.57248399999999 39.9375 16384
2025-07-10T17:31:32.015000 54.58340400000001 39.9375 16384
2025-07-10T17:31:33.010000 54.57029999999999 39.9375 16384
2025-07-10T17:31:34.010000 54.57029999999999 39.9375 16384
2025-07-10T17:31:35.010000 54.572796 39.9375 0
2025-07-10T17:31:36.010000 54.58340400000001 39.9375 0
2025-07-10T17:31:37.010000 54.57029999999999 39.9375 0
2025-07-10T17:31:38.010000 54.57029999999999 39.9375 16384
2025-07-10T17:31:39.011000 54.57029999999999 39.9375 16384
2025-07-10T17:31:40.010000 54.570299999999996 39.9375 16384
2025-07-10T17:31:41.010000 54.568428000000004 39.9375 0
2025-07-10T17:31:42.010000 54.560472 39.94375 0
2025-07-10T17:31:43.010000 54.571859999999994 40.0 16384
2025-07-10T17:31:44.010000 54.58317000000001 40.0 16384
2025-07-10T17:31:45.010000 54.55977 39.965 16384
2025-07-10T17:31:46.010000 54.569129999999994 39.9375 16384
2025-07-10T17:31:47.010000 54.560004 39.94 16384
2025-07-10T17:31:48.010000 54.57029999999999 40.0 0
2025-07-10T17:31:49.010000 54.572171999999995 40.0 0
2025-07-10T17:31:50.015000 54.584027999999996 40.0 16384
2025-07-10T17:31:51.010000 54.57029999999999 40.0 16384
2025-07-10T17:31:52.010000 54.572171999999995 40.0 16384
2025-07-10T17:31:53.010000 54.584027999999996 40.0 0
2025-07-10T17:31:54.010000 54.57029999999999 40.0 0
2025-07-10T17:31:55.010000 54.57029999999999 40.0 16384
2025-07-10T17:31:56.010000 54.57029999999999 40.0 16384
2025-07-10T17:31:57.010000 54.568896 40.0 16384
2025-07-10T17:31:58.010000 54.556416 40.0 0
2025-07-10T17:31:59.010000 54.545184 40.0 0
2025-07-10T17:32:00.010000 54.558600000000006 40.02375 0
2025-07-10T17:32:01.010000 54.558600000000006 40.0625 0
2025-07-10T17:32:02.010000 54.558600000000006 40.0625 0
2025-07-10T17:32:03.010000 54.558600000000006 40.00875 0
2025-07-10T17:32:04.010000 54.558600000000006 40.0 0
2025-07-10T17:32:05.010000 54.558600000000006 40.0 0
2025-07-10T17:32:06.010000 54.558600000000006 40.0 0
2025-07-10T17:32:07.010000 54.558600000000006 40.0 0
2025-07-10T17:32:08.010000 54.558600000000006 40.0 0
2025-07-10T17:32:09.010000 54.558600000000006 40.0 0
2025-07-10T17:32:10.010000 54.558600000000006 40.0 0
2025-07-10T17:32:11.010000 54.558600000000006 40.0 16384
2025-07-10T17:32:12.010000 54.560472 40.0 16384
2025-07-10T17:32:13.010000 54.57029999999999 40.0 16384
2025-07-10T17:32:14.010000 54.565932 40.0 16384
2025-07-10T17:32:15.010000 54.547368000000006 40.01375 16384
2025-07-10T17:32:16.010000 54.568428000000004 40.0625 16384
2025-07-10T17:32:17.010000 54.560472 40.0625 16384
2025-07-10T17:32:18.010000 54.565932 40.0625 16384
2025-07-10T17:32:19.010000 54.545807999999994 40.0625 16384
2025-07-10T17:32:20.010000 54.560706 40.0625 16384
2025-07-10T17:32:21.010000 54.569129999999994 40.0625 0
2025-07-10T17:32:22.010000 54.558600000000006 40.0625 0
2025-07-10T17:32:23.010000 54.558600000000006 40.0625 0
2025-07-10T17:32:24.010000 54.55704 40.0625 0
2025-07-10T17:32:25.010000 54.54299999999999 40.0625 0
2025-07-10T17:32:26.010000 54.544872 40.0625 0
2025-07-10T17:32:27.010000 54.558600000000006 40.0625 0
2025-07-10T17:32:28.010000 54.558600000000006 40.0625 0
2025-07-10T17:32:29.010000 54.558600000000006 40.0625 0
2025-07-10T17:32:30.010000 54.556728 40.0625 0
2025-07-10T17:32:31.010000 54.544872 40.0625 0
2025-07-10T17:32:32.011000 54.556728 40.0625 0
2025-07-10T17:32:33.010000 54.544872 40.0625 0
2025-07-10T17:32:34.011000 54.558600000000006 40.0625 0
2025-07-10T17:32:35.010000 54.558600000000006 40.0625 0
2025-07-10T17:32:36.010000 54.558600000000006 40.0625 0
2025-07-10T17:32:37.010000 54.556416 40.0625 0
2025-07-10T17:32:38.011000 54.54299999999999 40.0625 0
2025-07-10T17:32:39.010000 54.546822 40.0625 0
2025-07-10T17:32:40.010000 54.57029999999999 40.0625 0
2025-07-10T17:32:41.010000 54.566478 40.0625 0
2025-07-10T17:32:42.010000 54.545184 40.0625 0
2025-07-10T17:32:43.010000 54.558600000000006 40.0625 0
2025-07-10T17:32:44.010000 54.558600000000006 40.0625 0
2025-07-10T17:32:45.010000 54.558600000000006 40.0625 0
2025-07-10T17:32:46.010000 54.560472 40.0625 0
2025-07-10T17:32:47.011000 54.57029999999999 40.0625 0
2025-07-10T17:32:48.010000 54.568428000000004 40.0625 0
2025-07-10T17:32:49.010000 54.560472 40.0625 0
2025-07-10T17:32:50.010000 54.568428000000004 40.0625 0
2025-07-10T17:32:51.010000 54.560472 40.0625 0
2025-07-10T17:32:52.011000 54.568428000000004 40.0625 0
2025-07-10T17:32:53.010000 54.560472 40.0625 0
2025-07-10T17:32:54.011000 54.568428000000004 40.0625 0
2025-07-10T17:32:55.010000 54.562968 40.0625 0
2025-07-10T17:32:56.010000 54.58309200000001 40.0625 0
2025-07-10T17:32:57.011000 54.57029999999999 40.0625 0
2025-07-10T17:32:58.010000 54.57310799999999 40.0625 0
2025-07-10T17:32:59.010000 54.584340000000005 40.0625 0
2025-07-10T17:33:00.010000 54.57029999999999 40.0625 0
2025-07-10T17:33:01.010000 54.57029999999999 40.0625 0
2025-07-10T17:33:02.010000 54.57029999999999 40.0625 0
2025-07-10T17:33:03.010000 54.57029999999999 40.0625 0
2025-07-10T17:33:04.010000 54.57029999999999 40.0625 0
2025-07-10T17:33:05.010000 54.572171999999995 40.0625 0
2025-07-10T17:33:06.010000 54.584027999999996 40.0625 0
2025-07-10T17:33:07.010000 54.572171999999995 40.0625 0
2025-07-10T17:33:08.010000 54.5859 40.0625 0
2025-07-10T17:33:09.010000 54.584027999999996 40.0625 0
2025-07-10T17:33:10.010000 54.574056 40.0625 0
2025-07-10T17:33:11.010000 54.6016 40.0625 0
2025-07-10T17:33:12.010000 54.59940199999999 40.0625 0
2025-07-10T17:33:13.010000 54.5859 40.0625 0
2025-07-10T17:33:14.010000 54.5859 40.0625 0
2025-07-10T17:33:15.010000 54.583716 40.0625 0
2025-07-10T17:33:16.011000 54.574681999999996 40.0625 0
2025-07-10T17:33:17.010000 54.59940199999999 40.0625 0
2025-07-10T17:33:18.011000 54.58809800000001 40.0625 0
2025-07-10T17:33:19.010000 54.6016 40.0025 0
2025-07-10T17:33:20.010000 54.59940199999999 40.0 0
2025-07-10T17:33:21.010000 54.590908 40.0275 0
2025-07-10T17:33:22.010000 54.61501600000001 40.0625 0
2025-07-10T17:33:23.010000 54.6016 40.0625 0
2025-07-10T17:33:24.010000 54.6016 40.005 0
2025-07-10T17:33:25.010000 54.6016 40.0 0
2025-07-10T17:33:26.010000 54.6016 40.025 0
2025-07-10T17:33:27.010000 54.6016 40.0625 0
2025-07-10T17:33:28.010000 54.599087999999995 40.0625 0
2025-07-10T17:33:29.010000 54.588412000000005 40.00875 0
2025-07-10T17:33:30.010000 54.599087999999995 40.0 0
2025-07-10T17:33:31.010000 54.590908 40.0225 0
2025-07-10T17:33:32.010000 54.61439200000001 40.0625 0
2025-07-10T17:33:33.011000 54.6016 40.0625 0
2025-07-10T17:33:34.010000 54.59898333333333 40.013020833333336 0
2025-07-10T17:33:35.010000 54.58872600000001 40.0 0
2025-07-10T17:33:36.010000 54.6016 40.0 0
2025-07-10T17:33:37.010000 54.603159999999995 40.0 0
2025-07-10T17:33:38.010000 54.615328000000005 40.0 0
2025-07-10T17:33:39.010000 54.6016 40.0 0
2025-07-10T17:33:40.010000 54.599716 40.0 0
2025-07-10T17:33:41.010000 54.587784 40.0 0
2025-07-10T17:33:42.010000 54.6016 40.0 0
2025-07-10T17:33:43.010000 54.6016 40.0 0
2025-07-10T17:33:44.010000 54.603472000000004 40.0 0
2025-07-10T17:33:45.010000 54.61720000000001 40.0 0
2025-07-10T17:33:46.010000 54.615328000000005 40.0 0
2025-07-10T17:33:47.010000 54.599716 40.0 0
2025-07-10T17:33:48.010000 54.590281999999995 40.0 0
2025-07-10T17:33:49.010000 54.61501600000001 40.0 0
2025-07-10T17:33:50.010000 54.6016 40.0 0
2025-07-10T17:33:51.010000 54.603784 39.9975 0
2025-07-10T17:33:52.010000 54.61720000000001 39.9375 0
2025-07-10T17:33:53.010000 54.61501600000001 39.9375 0
2025-07-10T17:33:54.011000 54.603784 39.9375 0
2025-07-10T17:33:55.026000 54.61720000000001 39.9375 0
2025-07-10T17:33:56.010000 54.61501600000001 39.9375 0
2025-07-10T17:33:57.010000 54.60409599999999 39.9375 0
2025-07-10T17:33:58.010000 54.61720000000001 39.9375 0
2025-07-10T17:33:59.010000 54.614704 39.9375 0
2025-07-10T17:34:00.010000 54.6016 39.9375 0
2025-07-10T17:34:01.010000 54.60409599999999 39.9375 0
2025-07-10T17:34:02.010000 54.61720000000001 39.9375 0
2025-07-10T17:34:03.011000 54.61720000000001 39.9375 0
2025-07-10T17:34:04.011000 54.614704 39.9375 0
2025-07-10T17:34:05.010000 54.6016 39.9375 0
2025-07-10T17:34:06.010000 54.60409599999999 39.9375 0
2025-07-10T17:34:07.010000 54.61720000000001 39.9375 0
2025-07-10T17:34:08.010000 54.619696000000005 39.9375 0
2025-07-10T17:34:09.010000 54.629992 39.9375 0
2025-07-10T17:34:10.010000 54.620008 39.9375 0
2025-07-10T17:34:11.010000 54.627184 39.9375 0
2025-07-10T17:34:12.010000 54.60440799999999 39.9375 0
2025-07-10T17:34:13.010000 54.61439200000001 39.9375 0
2025-07-10T17:34:14.010000 54.60440799999999 39.9375 0
2025-07-10T17:34:15.010000 54.619071999999996 39.9375 0
2025-07-10T17:34:16.010000 54.63279999999999 39.9375 0
2025-07-10T17:34:17.015000 54.630928000000004 39.89625 0
2025-07-10T17:34:18.010000 54.619071999999996 39.875 0
2025-07-10T17:34:19.010000 54.630928000000004 39.88375 0
2025-07-10T17:34:20.010000 54.619071999999996 39.9375 0
2025-07-10T17:34:21.010000 54.63279999999999 39.9375 0
2025-07-10T17:34:22.010000 54.630928000000004 39.89875 0
2025-07-10T17:34:23.010000 54.619071999999996 39.875 0
2025-07-10T17:34:24.011000 54.63279999999999 39.875 0
2025-07-10T17:34:25.010000 54.63279999999999 39.875 0
2025-07-10T17:34:26.010000 54.630616 39.875 0
2025-07-10T17:34:27.010000 54.619384 39.875 0
2025-07-10T17:34:28.010000 54.630616 39.875 0
2025-07-10T17:34:29.011000 54.61720000000001 39.875 0
2025-07-10T17:34:30.010000 54.619384 39.875 0
2025-07-10T17:34:31.010000 54.630616 39.875 0
2025-07-10T17:34:32.010000 54.61720000000001 39.875 0
2025-07-10T17:34:33.010000 54.61720000000001 39.875 0
2025-07-10T17:34:34.010000 54.61720000000001 39.875 0
2025-07-10T17:34:35.010000 54.622192 39.815 0
2025-07-10T17:34:36.010000 54.64590400000001 39.8125 0
2025-07-10T17:34:37.010000 54.63279999999999 39.84 0
2025-07-10T17:34:38.010000 54.63279999999999 39.875 0
2025-07-10T17:34:39.010000 54.635296 39.875 0
2025-07-10T17:34:40.010000 54.6484 39.875 0
2025-07-10T17:34:41.010000 54.643408 39.875 0
2025-07-10T17:34:42.010000 54.622192 39.85125 0
2025-07-10T17:34:43.010000 54.64590400000001 39.8125 0
2025-07-10T17:34:44.010000 54.635296 39.8125 0
2025-07-10T17:34:45.010000 54.6484 39.8125 0
2025-07-10T17:34:46.010000 54.6484 39.8125 0
2025-07-10T17:34:47.010000 54.6484 39.8125 0
2025-07-10T17:34:48.011000 54.645475000000005 39.8125 0
2025-07-10T17:34:49.010000 54.63279999999999 39.8125 0
2025-07-10T17:34:50.010000 54.63279999999999 39.8125 0
2025-07-10T17:34:51.010000 54.63279999999999 39.8125 0
2025-07-10T17:34:52.010000 54.63279999999999 39.8125 0
2025-07-10T17:34:53.010000 54.63279999999999 39.8125 0
2025-07-10T17:34:54.010000 54.630928000000004 39.8125 0
2025-07-10T17:34:55.011000 54.619071999999996 39.8125 0
2025-07-10T17:34:56.010000 54.63279999999999 39.8125 0
2025-07-10T17:34:57.010000 54.630928000000004 39.8125 0
2025-07-10T17:34:58.010000 54.619071999999996 39.8125 0
2025-07-10T17:34:59.011000 54.630928000000004 39.8125 0
2025-07-10T17:35:00.011000 54.619384 39.8125 0
2025-07-10T17:35:01.010000 54.63498399999999 39.8125 0
2025-07-10T17:35:02.010000 54.6484 39.8046875 0
2025-07-10T17:35:03.010000 54.64171428571429 39.75 0
2025-07-10T17:35:04.010000 54.605968000000004 39.75 0
2025-07-10T17:35:05.010000 54.630616 39.75 0
2025-07-10T17:35:06.010000 54.621568 39.75 0
2025-07-10T17:35:07.010000 54.644031999999996 39.75 0
2025-07-10T17:35:08.010000 54.619384 39.75 0
2025-07-10T17:35:09.010000 54.63279999999999 39.75 0
2025-07-10T17:35:10.010000 54.630616 39.75 0
2025-07-10T17:35:11.010000 54.61720000000001 39.75 0
2025-07-10T17:35:12.010000 54.61720000000001 39.75 0
2025-07-10T17:35:13.010000 54.61720000000001 39.75 0
2025-07-10T17:35:14.010000 54.619696000000005 39.75 0
2025-07-10T17:35:15.010000 54.6276 39.75 0
2025-07-10T17:35:16.010000 54.6041469387755 39.75 0
2025-07-10T17:35:17.010000 54.61720000000001 39.75 0
2025-07-10T17:35:18.010000 54.614704 39.69625 0
2025-07-10T17:35:19.010000 54.60409599999999 39.6875 0
2025-07-10T17:35:20.010000 54.614704 39.6875 0
2025-07-10T17:35:21.010000 54.6016 39.6875 0
2025-07-10T17:35:22.011000 54.59877399999999 39.6875 0
2025-07-10T17:35:23.010000 54.591534 39.6875 0
2025-07-10T17:35:24.013000 54.61439200000001 39.6875 0
2025-07-10T17:35:25.010000 54.6016 39.6875 0
2025-07-10T17:35:26.010000 54.6016 39.6875 0
2025-07-10T17:35:27.010000 54.6016 39.6875 0
2025-07-10T17:35:28.010000 54.60440799999999 39.6875 0
2025-07-10T17:35:29.010000 54.61439200000001 39.6875 0
2025-07-10T17:35:30.010000 54.6016 39.6875 0
2025-07-10T17:35:31.010000 54.60440799999999 39.6875 0
2025-07-10T17:35:32.010000 54.613444 39.6875 0
2025-07-10T17:35:33.010000 54.5859 39.6875 0
2025-07-10T17:35:34.010000 54.584027999999996 39.6875 0
2025-07-10T17:35:35.010000 54.57029999999999 39.6875 0
2025-07-10T17:35:36.010000 54.572171999999995 39.6875 0
2025-07-10T17:35:37.010000 54.5859 39.6875 0
2025-07-10T17:35:38.010000 54.583716 39.64875 0
2025-07-10T17:35:39.010000 54.57029999999999 39.625 0
2025-07-10T17:35:40.010000 54.57248399999999 39.6325 0
2025-07-10T17:35:41.010000 54.5859 39.6875 0
2025-07-10T17:35:42.010000 54.5859 39.6875 0
2025-07-10T17:35:43.010000 54.583716 39.65 0
2025-07-10T17:35:44.010000 54.57257499999999 39.625 0
2025-07-10T17:35:45.010000 54.5859 39.625 0
2025-07-10T17:35:46.010000 54.583716 39.625 0
2025-07-10T17:35:47.010000 54.57248399999999 39.625 0
2025-07-10T17:35:48.010000 54.5859 39.625 0
2025-07-10T17:35:49.010000 54.5859 39.625 0
2025-07-10T17:35:50.010000 54.5859 39.625 0
2025-07-10T17:35:51.010000 54.58340400000001 39.625 0
2025-07-10T17:35:52.010000 54.57029999999999 39.625 0
2025-07-10T17:35:53.011000 54.57029999999999 39.625 0
2025-07-10T17:35:54.010000 54.572796 39.625 0
2025-07-10T17:35:55.010000 54.5859 39.625 0
2025-07-10T17:35:56.010000 54.58340400000001 39.57125 0
2025-07-10T17:35:57.010000 54.572796 39.5625 0
2025-07-10T17:35:58.011000 54.5859 39.5625 0
2025-07-10T17:35:59.010000 54.5859 39.5625 0
2025-07-10T17:36:00.010000 54.580986 39.5625 0
2025-07-10T17:36:01.010000 54.560706 39.5625 0
2025-07-10T17:36:02.010000 54.57310799999999 39.5625 0
2025-07-10T17:36:03.010000 54.58309200000001 39.5625 0
2025-07-10T17:36:04.010000 54.57029999999999 39.5625 0
2025-07-10T17:36:05.010000 54.57029999999999 39.5625 0
2025-07-10T17:36:06.010000 54.57310799999999 39.5625 0
2025-07-10T17:36:07.013000 54.5859 39.5625 0
2025-07-10T17:36:08.010000 54.5859 39.5625 0
2025-07-10T17:36:09.010000 54.5859 39.5625 0
2025-07-10T17:36:10.010000 54.587784 39.5625 0
2025-07-10T17:36:11.010000 54.599716 39.5625 0
2025-07-10T17:36:12.010000 54.5859 39.5625 0
2025-07-10T17:36:13.010000 54.5859 39.5625 0
2025-07-10T17:36:14.011000 54.5859 39.5625 0
2025-07-10T17:36:15.011000 54.5859 39.5625 0
2025-07-10T17:36:16.010000 54.5859 39.52 0
2025-07-10T17:36:17.010000 54.583716 39.5 0
2025-07-10T17:36:18.010000 54.57248399999999 39.5 0
2025-07-10T17:36:19.010000 54.5859 39.5 0
2025-07-10T17:36:20.010000 54.582078 39.5 0
2025-07-10T17:36:21.010000 54.560238 39.5 0
2025-07-10T17:36:22.010000 54.574681999999996 39.5 0
2025-07-10T17:36:23.011000 54.599716 39.5 0
2025-07-10T17:36:24.010000 54.5859 39.5 0
2025-07-10T17:36:25.010000 54.583716 39.5 0
2025-07-10T17:36:26.010000 54.57029999999999 39.5 0
2025-07-10T17:36:27.010000 54.572796 39.5 0
2025-07-10T17:36:28.010000 54.58153200000001 39.5 0
2025-07-10T17:36:29.010000 54.56548000000001 39.5 0
2025-07-10T17:36:30.010000 54.596592 39.5 0
2025-07-10T17:36:31.010000 54.57029999999999 39.5 0
2025-07-10T17:36:32.010000 54.572796 39.5 0
2025-07-10T17:36:33.010000 54.5859 39.5 0
2025-07-10T17:36:34.010000 54.5859 39.44125 0
2025-07-10T17:36:35.010000 54.58340400000001 39.4375 0
2025-07-10T17:36:36.010000 54.572796 39.4375 0
2025-07-10T17:36:37.010000 54.58309200000001 39.4375 0
2025-07-10T17:36:38.010000 54.57310799999999 39.4375 0
2025-07-10T17:36:39.010000 54.58309200000001 39.4375 0
2025-07-10T17:36:40.010000 54.57310799999999 39.4375 0
2025-07-10T17:36:41.010000 54.5859 39.4375 0
2025-07-10T17:36:42.010000 54.58309200000001 39.4375 0
2025-07-10T17:36:43.010000 54.57310799999999 39.4375 0
2025-07-10T17:36:44.011000 54.5859 39.4375 0
2025-07-10T17:36:45.010000 54.5859 39.4375 0
2025-07-10T17:36:46.010000 54.58872600000001 39.4375 0
2025-07-10T17:36:47.010000 54.59877399999999 39.4375 0
2025-07-10T17:36:48.010000 54.587784 39.4375 0
2025-07-10T17:36:49.010000 54.599716 39.4375 0
2025-07-10T17:36:50.010000 54.5859 39.4375 0
2025-07-10T17:36:51.010000 54.587784 39.4375 0
2025-07-10T17:36:52.010000 54.599716 39.4375 0
2025-07-10T17:36:53.010000 54.587784 39.4375 0
2025-07-10T17:36:54.010000 54.6016 39.39375 0
2025-07-10T17:36:55.010000 54.6016 39.375 0
2025-07-10T17:36:56.010000 54.6016 39.375 0
2025-07-10T17:36:57.010000 54.6016 39.375 0
2025-07-10T17:36:58.010000 54.6016 39.375 0
2025-07-10T17:36:59.011000 54.6016 39.375 0
2025-07-10T17:37:00.010000 54.603784 39.375 0
2025-07-10T17:37:01.010000 54.61720000000001 39.375 0
2025-07-10T17:37:02.010000 54.619384 39.375 0
2025-07-10T17:37:03.011000 54.630616 39.375 0
2025-07-10T17:37:04.010000 54.61720000000001 39.375 0
2025-07-10T17:37:05.010000 54.61720000000001 39.375 0
2025-07-10T17:37:06.010000 54.614704 39.375 0
2025-07-10T17:37:07.010000 54.6016 39.375 0
2025-07-10T17:37:08.010000 54.60409599999999 39.375 0
2025-07-10T17:37:09.010000 54.61720000000001 39.375 0
2025-07-10T17:37:10.010000 54.614704 39.375 0
2025-07-10T17:37:11.010000 54.60409599999999 39.375 0
2025-07-10T17:37:12.010000 54.61720000000001 39.375 0
2025-07-10T17:37:13.010000 54.619696000000005 39.375 0
2025-07-10T17:37:14.010000 54.630303999999995 39.375 0
2025-07-10T17:37:15.010000 54.619696000000005 39.375 0
2025-07-10T17:37:16.010000 54.63279999999999 39.375 0
2025-07-10T17:37:17.010000 54.629992 39.32 0
2025-07-10T17:37:18.010000 54.620008 39.3125 0
2025-07-10T17:37:19.010000 54.63279999999999 39.3125 0
2025-07-10T17:37:20.010000 54.63279999999999 39.3125 0
2025-07-10T17:37:21.010000 54.63279999999999 39.3125 0
2025-07-10T17:37:22.011000 54.63279999999999 39.3125 0
2025-07-10T17:37:23.010000 54.63279999999999 39.3125 0
2025-07-10T17:37:24.010000 54.63560799999999 39.3125 0
2025-07-10T17:37:25.010000 54.64559200000001 39.3125 0
2025-07-10T17:37:26.010000 54.63279999999999 39.3125 0
2025-07-10T17:37:27.010000 54.634671999999995 39.3125 0
2025-07-10T17:37:28.011000 54.646527999999996 39.3125 0
2025-07-10T17:37:29.010000 54.630928000000004 39.3125 0
2025-07-10T17:37:30.010000 54.619071999999996 39.3125 0
2025-07-10T17:37:31.010000 54.63279999999999 39.3125 0
2025-07-10T17:37:32.011000 54.63279999999999 39.26875 0
2025-07-10T17:37:33.010000 54.630616 39.25 0
2025-07-10T17:37:34.010000 54.619384 39.26125 0
2025-07-10T17:37:35.010000 54.63279999999999 39.3125 0
2025-07-10T17:37:36.010000 54.63279999999999 39.3125 0
2025-07-10T17:37:37.010000 54.63279999999999 39.2725 0
2025-07-10T17:37:38.010000 54.63279999999999 39.25 0
2025-07-10T17:37:39.010000 54.63498399999999 39.25 0
2025-07-10T17:37:40.011000 54.6484 39.25 0
2025-07-10T17:37:41.010000 54.65059800000001 39.25 0
2025-07-10T17:37:42.010000 54.659718000000005 39.25 0
2025-07-10T17:37:43.011000 54.635296 39.25 0
2025-07-10T17:37:44.011000 54.64590400000001 39.25 0
2025-07-10T17:37:45.010000 54.635296 39.25 0
2025-07-10T17:37:46.010000 54.6484 39.25 0
2025-07-10T17:37:47.015000 54.6484 39.25 0
2025-07-10T17:37:48.010000 54.6484 39.25 0
2025-07-10T17:37:49.010000 54.6484 39.25 0
2025-07-10T17:37:50.010000 54.6484 39.25 0
2025-07-10T17:37:51.010000 54.6484 39.25 0
2025-07-10T17:37:52.010000 54.6484 39.25 0
2025-07-10T17:37:53.010000 54.6484 39.25 0
2025-07-10T17:37:54.010000 54.6484 39.25 0
2025-07-10T17:37:55.010000 54.65122600000001 39.19375 0
2025-07-10T17:37:56.010000 54.6641 39.1875 0
2025-07-10T17:37:57.010000 54.66127399999999 39.2125 0
2025-07-10T17:37:58.010000 54.6484 39.25 0
2025-07-10T17:37:59.014000 54.65122600000001 39.25 0
2025-07-10T17:38:00.010000 54.66127399999999 39.19625 0
2025-07-10T17:38:01.010000 54.6484 39.1875 0
2025-07-10T17:38:02.010000 54.65122600000001 39.1875 0
2025-07-10T17:38:03.010000 54.6641 39.1875 0
2025-07-10T17:38:04.010000 54.6641 39.1875 0
2025-07-10T17:38:05.011000 54.6641 39.1875 0
2025-07-10T17:38:06.010000 54.665972000000004 39.1875 0
2025-07-10T17:38:07.010000 54.67970000000001 39.1875 0
2025-07-10T17:38:08.014000 54.677828000000005 39.1875 0
2025-07-10T17:38:09.010000 54.6641 39.1875 0
2025-07-10T17:38:10.010000 54.6641 39.1875 0
2025-07-10T17:38:11.010000 54.666284 39.1875 0
2025-07-10T17:38:12.010000 54.67751600000001 39.1875 0
2025-07-10T17:38:13.011000 54.6641 39.1875 0
2025-07-10T17:38:14.010000 54.6641 39.1875 0
2025-07-10T17:38:15.010000 54.6641 39.1875 0
2025-07-10T17:38:16.010000 54.6641 39.1875 0
2025-07-10T17:38:17.010000 54.666284 39.1875 0
2025-07-10T17:38:18.010000 54.67970000000001 39.1875 0
2025-07-10T17:38:19.010000 54.67751600000001 39.1875 0
2025-07-10T17:38:20.010000 54.66659599999999 39.1875 0
2025-07-10T17:38:21.010000 54.677204 39.1875 0
2025-07-10T17:38:22.010000 54.661587999999995 39.1875 0
2025-07-10T17:38:23.010000 54.650912000000005 39.1875 0
2025-07-10T17:38:24.010000 54.6641 39.1875 0
2025-07-10T17:38:25.010000 54.661587999999995 39.1475 0
2025-07-10T17:38:26.010000 54.6484 39.125 0
2025-07-10T17:38:27.010000 54.643408 39.125 0
2025-07-10T17:38:28.010000 54.614704 39.125 0
2025-07-10T17:38:29.010000 54.599087999999995 39.125 0
2025-07-10T17:38:30.017000 54.588412000000005 39.125 0
2025-07-10T17:38:31.010000 54.6016 39.125 0
2025-07-10T17:38:32.010000 54.60440799999999 39.125 0
2025-07-10T17:38:33.010000 54.61439200000001 39.125 0
2025-07-10T17:38:34.010000 54.6016 39.125 0
2025-07-10T17:38:35.010000 54.6016 39.125 0
2025-07-10T17:38:36.010000 54.607216 39.125 0
2025-07-10T17:38:37.010000 54.629992 39.125 0
2025-07-10T17:38:38.010000 54.61720000000001 39.125 0
2025-07-10T17:38:39.011000 54.620008 39.125 0
2025-07-10T17:38:40.010000 54.629992 39.125 0
2025-07-10T17:38:41.011000 54.614080000000016 39.125 0
2025-07-10T17:38:42.010000 54.60472 39.125 0
2025-07-10T17:38:43.010000 54.61720000000001 39.125 0
2025-07-10T17:38:44.010000 54.615328000000005 39.125 0
2025-07-10T17:38:45.010000 54.6016 39.09875 0
2025-07-10T17:38:46.010000 54.603472000000004 39.0625 0
2025-07-10T17:38:47.010000 54.619384 39.0625 0
2025-07-10T17:38:48.010000 54.628432 39.0625 0
2025-07-10T17:38:49.010000 54.603784 39.0625 0
2025-07-10T17:38:50.010000 54.61501600000001 39.0625 0
2025-07-10T17:38:51.010000 54.6016 39.0625 0
2025-07-10T17:38:52.010000 54.603784 39.0625 0
2025-07-10T17:38:53.010000 54.61720000000001 39.0625 0
2025-07-10T17:38:54.010000 54.61720000000001 39.0625 0
2025-07-10T17:38:55.010000 54.61720000000001 39.0625 0
2025-07-10T17:38:56.010000 54.61720000000001 39.0625 0
2025-07-10T17:38:57.010000 54.61720000000001 39.0625 0
2025-07-10T17:38:58.010000 54.614704 39.0625 0
2025-07-10T17:38:59.010000 54.606592 39.0625 0
2025-07-10T17:39:00.010000 54.630303999999995 39.0625 0
2025-07-10T17:39:01.010000 54.619696000000005 39.0625 0
2025-07-10T17:39:02.010000 54.630303999999995 39.0625 0
2025-07-10T17:39:03.010000 54.61720000000001 39.0625 0
2025-07-10T17:39:04.010000 54.614704 39.0625 0
2025-07-10T17:39:05.010000 54.6016 39.05125 0
2025-07-10T17:39:06.011000 54.59877399999999 39.0 0
2025-07-10T17:39:07.010000 54.591534 39.0 0
2025-07-10T17:39:08.010000 54.61439200000001 39.0 0
2025-07-10T17:39:09.010000 54.607216 39.0 0
2025-07-10T17:39:10.010000 54.629992 39.0 0
2025-07-10T17:39:11.010000 54.61439200000001 39.0 0
2025-07-10T17:39:12.010000 54.60440799999999 39.0 0
2025-07-10T17:39:13.010000 54.61720000000001 39.0 0
2025-07-10T17:39:14.010000 54.620008 39.0 0
2025-07-10T17:39:15.010000 54.629992 39.0 0
2025-07-10T17:39:16.010000 54.620008 39.0 0
2025-07-10T17:39:17.010000 54.63279999999999 39.0 0
2025-07-10T17:39:18.010000 54.62656000000001 39.0 0
2025-07-10T17:39:19.010000 54.60472 39.0 0
2025-07-10T17:39:20.010000 54.61720000000001 39.0 0
2025-07-10T17:39:21.010000 54.61720000000001 39.0 0
2025-07-10T17:39:22.010000 54.61720000000001 39.0 0
2025-07-10T17:39:23.010000 54.61720000000001 39.0 0
2025-07-10T17:39:24.010000 54.61720000000001 39.0 0
2025-07-10T17:39:25.010000 54.61720000000001 39.0 0
2025-07-10T17:39:26.010000 54.61720000000001 39.0 0
2025-07-10T17:39:27.010000 54.619384 39.0 0
2025-07-10T17:39:28.010000 54.63279999999999 39.0 0
2025-07-10T17:39:29.010000 54.63498399999999 39.0 0
2025-07-10T17:39:30.010000 54.644031999999996 39.0 0
2025-07-10T17:39:31.010000 54.619384 39.0 0
2025-07-10T17:39:32.010000 54.63279999999999 39.0 0
2025-07-10T17:39:33.010000 54.63279999999999 39.0 0
2025-07-10T17:39:34.010000 54.63279999999999 39.0 0
2025-07-10T17:39:35.010000 54.630303999999995 39.0 0
2025-07-10T17:39:36.010000 54.619696000000005 38.94875 2
2025-07-10T17:39:37.010000 54.635296 38.9375 2
2025-07-10T17:39:38.011000 54.6484 38.9375 2
2025-07-10T17:39:39.010000 54.64590400000001 38.9375 2
2025-07-10T17:39:40.010000 54.63780800000001 38.9375 2
2025-07-10T17:39:41.010000 54.661587999999995 38.9375 2
2025-07-10T17:39:42.010000 54.6484 38.9375 2
2025-07-10T17:39:43.010000 54.650912000000005 38.9375 2
2025-07-10T17:39:44.010000 54.66127399999999 38.9375 2
2025-07-10T17:39:45.010000 54.6484 38.9375 2
2025-07-10T17:39:46.010000 54.6484 38.9375 2
2025-07-10T17:39:47.010000 54.6484 38.9375 2
2025-07-10T17:39:48.010000 54.6484 38.9375 2
2025-07-10T17:39:49.010000 54.6484 38.9375 2
2025-07-10T17:39:50.010000 54.6484 38.9375 2
2025-07-10T17:39:51.010000 54.6484 38.9375 2
2025-07-10T17:39:52.010000 54.6484 38.9375 2
2025-07-10T17:39:53.011000 54.64559200000001 38.9375 2
2025-07-10T17:39:54.010000 54.638434 38.9375 2
2025-07-10T17:39:55.010000 54.660959999999996 38.9375 2
2025-07-10T17:39:56.012000 54.6484 38.9375 2
2025-07-10T17:39:57.011000 54.6484 38.9375 2
2025-07-10T17:39:58.010000 54.64528 38.9375 2
2025-07-10T17:39:59.010000 54.63498399999999 38.9375 2
2025-07-10T17:40:00.010000 54.646216 38.9375 2
2025-07-10T17:40:01.010000 54.63498399999999 38.9375 2
2025-07-10T17:40:02.010000 54.646216 38.9375 2
2025-07-10T17:40:03.010000 54.63498399999999 38.9375 2
2025-07-10T17:40:04.010000 54.646216 38.87625 2
2025-07-10T17:40:05.010000 54.63498399999999 38.875 2
2025-07-10T17:40:06.010000 54.6484 38.875 2
2025-07-10T17:40:07.010000 54.646216 38.875 2
2025-07-10T17:40:08.010000 54.637181999999996 38.875 2
2025-07-10T17:40:09.010000 54.659718000000005 38.875 2
2025-07-10T17:40:10.010000 54.635296 38.875 2
2025-07-10T17:40:11.010000 54.6484 38.875 2
2025-07-10T17:40:12.010000 54.64590400000001 38.875 2
2025-07-10T17:40:13.010000 54.63780800000001 38.875 2
2025-07-10T17:40:14.010000 54.661587999999995 38.875 2
2025-07-10T17:40:15.010000 54.64590400000001 38.875 2
2025-07-10T17:40:16.010000 54.63780800000001 38.875 2
2025-07-10T17:40:17.010000 54.661587999999995 38.875 2
2025-07-10T17:40:18.010000 54.6484 38.875 2
2025-07-10T17:40:19.010000 54.65122600000001 38.875 2
2025-07-10T17:40:20.010000 54.6641 38.875 2
2025-07-10T17:40:21.010000 54.66127399999999 38.875 2
2025-07-10T17:40:22.010000 54.65122600000001 38.875 2
2025-07-10T17:40:23.010000 54.6641 38.875 2
2025-07-10T17:40:24.010000 54.6641 38.83125 2
2025-07-10T17:40:25.015000 54.66153673469387 38.8125 2
2025-07-10T17:40:26.010000 54.65122600000001 38.8125 2
2025-07-10T17:40:27.010000 54.6641 38.8125 2
2025-07-10T17:40:28.010000 54.6641 38.8125 2
2025-07-10T17:40:29.010000 54.66690799999999 38.8125 2
2025-07-10T17:40:30.010000 54.67689200000001 38.8125 2
2025-07-10T17:40:31.010000 54.66722 38.8125 2
2025-07-10T17:40:32.010000 54.67970000000001 38.8125 2
2025-07-10T17:40:33.010000 54.676580000000016 38.8125 2
2025-07-10T17:40:34.010000 54.66722 38.8125 2
2025-07-10T17:40:35.010000 54.67970000000001 38.8125 2
2025-07-10T17:40:36.010000 54.67970000000001 38.8125 2
2025-07-10T17:40:37.010000 54.67970000000001 38.8125 2
2025-07-10T17:40:38.010000 54.67970000000001 38.8125 2
2025-07-10T17:40:39.010000 54.681338 38.8125 2
2025-07-10T17:40:40.010000 54.691399999999994 38.8125 2
2025-07-10T17:40:41.010000 54.691399999999994 38.8125 2
2025-07-10T17:40:42.010000 54.687577999999995 38.8125 2
2025-07-10T17:40:43.010000 54.667922 38.8125 2
2025-07-10T17:40:44.010000 54.689762 38.8125 2
2025-07-10T17:40:45.011000 54.67970000000001 38.8125 2
2025-07-10T17:40:46.010000 54.67970000000001 38.8125 2
2025-07-10T17:40:47.010000 54.681571999999996 38.8125 2
2025-07-10T17:40:48.010000 54.691399999999994 38.8125 2
2025-07-10T17:40:49.010000 54.691399999999994 38.8125 2
2025-07-10T17:40:50.010000 54.693895999999995 38.8125 2
2025-07-10T17:40:51.010000 54.702631999999994 38.8125 2
2025-07-10T17:40:52.010000 54.684068 38.76 2
2025-07-10T17:40:53.010000 54.704504 38.75 2
2025-07-10T17:40:54.010000 54.691399999999994 38.75 2
2025-07-10T17:40:55.010000 54.691399999999994 38.75 2
2025-07-10T17:40:56.010000 54.694207999999996 38.75 2
2025-07-10T17:40:57.010000 54.704192000000006 38.75 2
2025-07-10T17:40:58.010000 54.689294 38.75 2
2025-07-10T17:40:59.010000 54.67970000000001 38.75 2
2025-07-10T17:41:00.010000 54.681805999999995 38.75 2
2025-07-10T17:41:01.010000 54.691399999999994 38.75 2
2025-07-10T17:41:02.010000 54.689294 38.75 2
2025-07-10T17:41:03.011000 54.67970000000001 38.75 2
2025-07-10T17:41:04.010000 54.681805999999995 38.75 2
2025-07-10T17:41:05.010000 54.691399999999994 38.75 2
2025-07-10T17:41:06.010000 54.694207999999996 38.75 2
2025-07-10T17:41:07.010000 54.704192000000006 38.75 2
2025-07-10T17:41:08.010000 54.689294 38.75 2
2025-07-10T17:41:09.010000 54.685159999999996 38.75 2
2025-07-10T17:41:10.011000 54.70388 38.75 2
2025-07-10T17:41:11.010000 54.68906000000001 38.75 2
2025-07-10T17:41:12.010000 54.685159999999996 38.71 2
2025-07-10T17:41:13.010000 54.70154 38.6875 2
2025-07-10T17:41:14.010000 54.68204 38.695 2
2025-07-10T17:41:15.010000 54.691399999999994 38.75 2
2025-07-10T17:41:16.010000 54.691399999999994 38.75 2
2025-07-10T17:41:17.010000 54.691399999999994 38.75 2
2025-07-10T17:41:18.010000 54.689762 38.75 2
2025-07-10T17:41:19.010000 54.67970000000001 38.74625 2
2025-07-10T17:41:20.010000 54.67751600000001 38.6875 2
2025-07-10T17:41:21.010000 54.6641 38.6875 2
2025-07-10T17:41:22.010000 54.6641 38.6875 2
2025-07-10T17:41:23.010000 54.66659599999999 38.6875 2
2025-07-10T17:41:24.010000 54.67970000000001 38.6875 2
2025-07-10T17:41:25.003000 54.679700000000004 38.6875 2
2025-07-10T17:41:26.010000 54.67970000000001 38.6875 2
2025-07-10T17:41:27.010000 54.67970000000001 38.6875 2
2025-07-10T17:41:28.010000 54.67970000000001 38.6875 2
2025-07-10T17:41:29.010000 54.67970000000001 38.6875 2
2025-07-10T17:41:30.011000 54.67970000000001 38.6875 2
2025-07-10T17:41:31.035000 54.679700000000004 38.6875 2
2025-07-10T17:41:32.010000 54.681805999999995 38.6875 2
2025-07-10T17:41:33.010000 54.691399999999994 38.6875 2
2025-07-10T17:41:34.010000 54.689294 38.6875 2
2025-07-10T17:41:35.010000 54.681805999999995 38.6875 2
2025-07-10T17:41:36.010000 54.691399999999994 38.6875 2
2025-07-10T17:41:37.010000 54.691399999999994 38.6875 2
2025-07-10T17:41:38.010000 54.68925102040817 38.6875 2
2025-07-10T17:41:39.010000 54.681805999999995 38.6875 2
2025-07-10T17:41:40.028000 54.691399999999994 38.6875 2
2025-07-10T17:41:41.014000 54.691399999999994 38.6875 2
2025-07-10T17:41:42.010000 54.691399999999994 38.6875 2
2025-07-10T17:41:43.010000 54.694207999999996 38.6875 2
2025-07-10T17:41:44.010000 54.704192000000006 38.6875 2
2025-07-10T17:41:45.010000 54.68906000000001 38.64625 2
2025-07-10T17:41:46.010000 54.67970000000001 38.625 2
2025-07-10T17:41:47.010000 54.685159999999996 38.625 2
2025-07-10T17:41:48.015000 54.70154 38.625 2
2025-07-10T17:41:49.010000 54.68204 38.625 2
2025-07-10T17:41:50.010000 54.691399999999994 38.66375 2
2025-07-10T17:41:51.010000 54.68906000000001 38.6875 2
2025-07-10T17:41:52.010000 54.67970000000001 38.6825 2
2025-07-10T17:41:53.010000 54.67970000000001 38.625 2
2025-07-10T17:41:54.010000 54.681338 38.625 2
2025-07-10T17:41:55.010000 54.689762 38.625 2
2025-07-10T17:41:56.010000 54.681338 38.625 2
2025-07-10T17:41:57.010000 54.689762 38.625 2
2025-07-10T17:41:58.010000 54.67970000000001 38.625 2
2025-07-10T17:41:59.010000 54.67751600000001 38.625 2
2025-07-10T17:42:00.010000 54.66846799999999 38.625 2
2025-07-10T17:42:01.010000 54.693895999999995 38.625 2
2025-07-10T17:42:02.010000 54.704504 38.625 2
2025-07-10T17:42:03.010000 54.689528 38.625 2
2025-07-10T17:42:04.010000 54.684068 38.625 2
2025-07-10T17:42:05.010000 54.704504 38.625 2
2025-07-10T17:42:06.010000 54.689528 38.625 2
2025-07-10T17:42:07.010000 54.67970000000001 38.625 2
2025-07-10T17:42:08.010000 54.681571999999996 38.625 2
2025-07-10T17:42:09.010000 54.691399999999994 38.625 2
2025-07-10T17:42:10.010000 54.689294 38.625 2
2025-07-10T17:42:11.010000 54.681805999999995 38.625 2
2025-07-10T17:42:12.010000 54.691399999999994 38.625 2
2025-07-10T17:42:13.010000 54.691399999999994 38.625 2
2025-07-10T17:42:14.010000 54.694207999999996 38.625 2
2025-07-10T17:42:15.010000 54.704192000000006 38.625 2
2025-07-10T17:42:16.010000 54.691399999999994 38.625 2
2025-07-10T17:42:17.010000 54.694207999999996 38.625 2
2025-07-10T17:42:18.010000 54.70700000000001 38.625 2
2025-07-10T17:42:19.010000 54.704192000000006 38.625 2
2025-07-10T17:42:20.012000 54.691399999999994 38.625 2
2025-07-10T17:42:21.010000 54.69451999999999 38.625 2
2025-07-10T17:42:22.010000 54.70388 38.625 2
2025-07-10T17:42:23.010000 54.691399999999994 38.625 2
2025-07-10T17:42:24.010000 54.69451999999999 38.625 2
2025-07-10T17:42:25.010000 54.71014 38.625 2
2025-07-10T17:42:26.010000 54.71956 38.625 2
2025-07-10T17:42:27.011000 54.71014 38.625 2
2025-07-10T17:42:28.011000 54.71956 38.625 2
2025-07-10T17:42:29.010000 54.70700000000001 38.625 2
2025-07-10T17:42:30.010000 54.71014 38.61625 2
2025-07-10T17:42:31.010000 54.72270000000001 38.5625 2
2025-07-10T17:42:32.010000 54.720502 38.5625 2
2025-07-10T17:42:33.010000 54.71138199999999 38.5625 2
2025-07-10T17:42:34.010000 54.736116 38.5625 2
2025-07-10T17:42:35.010000 54.720502 38.5625 2
2025-07-10T17:42:36.010000 54.709197999999994 38.5625 16386
2025-07-10T17:42:37.010000 54.724884 38.5625 16386
2025-07-10T17:42:38.010000 54.73580400000001 38.595 16386
2025-07-10T17:42:39.010000 54.72018800000001 38.625 2
2025-07-10T17:42:40.010000 54.712008000000004 38.625 2
2025-07-10T17:42:41.010000 54.73580400000001 38.625 2
2025-07-10T17:42:42.010000 54.72270000000001 38.625 2
2025-07-10T17:42:43.010000 54.725196000000004 38.59625 2
2025-07-10T17:42:44.010000 54.740796 38.5625 2
2025-07-10T17:42:45.010000 54.753899999999994 38.5625 2
2025-07-10T17:42:46.010000 54.748908 38.5625 2
2025-07-10T17:42:47.010000 54.72270000000001 38.5625 2
2025-07-10T17:42:48.010000 54.72270000000001 38.5625 2
2025-07-10T17:42:49.010000 54.72270000000001 38.5625 2
2025-07-10T17:42:50.010000 54.72550800000001 38.5625 2
2025-07-10T17:42:51.010000 54.735492000000015 38.615 2
2025-07-10T17:42:52.010000 54.72270000000001 38.625 2
2025-07-10T17:42:53.010000 54.72270000000001 38.605 2
2025-07-10T17:42:54.010000 54.72270000000001 38.5625 2
2025-07-10T17:42:55.010000 54.72270000000001 38.5625 2
2025-07-10T17:42:56.010000 54.72270000000001 38.5625 2
2025-07-10T17:42:57.010000 54.72270000000002 38.5625 2
2025-07-10T17:42:58.010000 54.72550800000001 38.5625 2
2025-07-10T17:42:59.011000 54.73518000000001 38.5625 2
2025-07-10T17:43:00.010000 54.72270000000001 38.5625 2
2025-07-10T17:43:01.010000 54.72270000000001 38.5625 2
2025-07-10T17:43:02.010000 54.71956 38.5625 2
2025-07-10T17:43:03.010000 54.70700000000001 38.5625 2
2025-07-10T17:43:04.010000 54.71014 38.5625 2
2025-07-10T17:43:05.010000 54.72270000000001 38.5625 2
2025-07-10T17:43:06.010000 54.71956 38.5625 2
2025-07-10T17:43:07.010000 54.71014 38.5625 2
2025-07-10T17:43:08.010000 54.716440000000006 38.5625 2
2025-07-10T17:43:09.011000 54.69451999999999 38.5625 2
2025-07-10T17:43:10.010000 54.709197999999994 38.5625 2
2025-07-10T17:43:11.010000 54.720502 38.5625 2
2025-07-10T17:43:12.010000 54.709197999999994 38.5625 2
2025-07-10T17:43:13.010000 54.720502 38.5625 2
2025-07-10T17:43:14.010000 54.70700000000001 38.5625 2
2025-07-10T17:43:15.010000 54.704816 38.5625 2
2025-07-10T17:43:16.010000 54.691399999999994 38.5625 2
2025-07-10T17:43:17.010000 54.687032 38.5625 2
2025-07-10T17:43:18.010000 54.670964000000005 38.5625 2
2025-07-10T17:43:19.010000 54.704504 38.5625 2
2025-07-10T17:43:20.010000 54.693895999999995 38.5625 2
2025-07-10T17:43:21.010000 54.702631999999994 38.5625 2
2025-07-10T17:43:22.010000 54.681571999999996 38.5625 2
2025-07-10T17:43:23.010000 54.691399999999994 38.5625 2
2025-07-10T17:43:24.010000 54.691399999999994 38.5625 2
2025-07-10T17:43:25.010000 54.691399999999994 38.5625 2
2025-07-10T17:43:26.010000 54.689528 38.5625 2
2025-07-10T17:43:27.010000 54.67970000000001 38.5625 2
2025-07-10T17:43:28.010000 54.67970000000001 38.5625 2
2025-07-10T17:43:29.010000 54.67970000000001 38.5625 2
2025-07-10T17:43:30.010000 54.67970000000001 38.5625 2
2025-07-10T17:43:31.010000 54.681805999999995 38.5625 2
2025-07-10T17:43:32.010000 54.686486 38.5625 2
2025-07-10T17:43:33.010000 54.669014 38.5625 2
2025-07-10T17:43:34.010000 54.689294 38.5625 2
2025-07-10T17:43:35.010000 54.67970000000001 38.5625 2
2025-07-10T17:43:36.010000 54.67970000000001 38.5625 2
2025-07-10T17:43:37.010000 54.676580000000016 38.5625 2
2025-07-10T17:43:38.010000 54.66722 38.5625 2
2025-07-10T17:43:39.010000 54.67970000000001 38.5625 2
2025-07-10T17:43:40.010000 54.68204 38.5625 2
2025-07-10T17:43:41.010000 54.68906000000001 38.5625 2
2025-07-10T17:43:42.010000 54.68204 38.5625 2
2025-07-10T17:43:43.010000 54.68906000000001 38.5625 2
2025-07-10T17:43:44.010000 54.67970000000001 38.5625 16386
2025-07-10T17:43:45.010000 54.67970000000001 38.5625 16386
2025-07-10T17:43:46.010000 54.68204 38.5625 16386
2025-07-10T17:43:47.010000 54.691399999999994 38.5625 2
2025-07-10T17:43:48.010000 54.691399999999994 38.5625 2
2025-07-10T17:43:49.010000 54.691399999999994 38.5975 2
2025-07-10T17:43:50.012000 54.691399999999994 38.625 2
2025-07-10T17:43:51.010000 54.693584 38.62375 2
2025-07-10T17:43:52.010000 54.704816 38.5625 16386
2025-07-10T17:43:53.010000 54.691399999999994 38.5625 16386
2025-07-10T17:43:54.010000 54.693895999999995 38.5625 16386
2025-07-10T17:43:55.010000 54.70700000000001 38.5625 2
2025-07-10T17:43:56.010000 54.704504 38.5625 2
2025-07-10T17:43:57.010000 54.691399999999994 38.62375 16386
2025-07-10T17:43:58.010000 54.693895999999995 38.625 16386
2025-07-10T17:43:59.010000 54.704504 38.625 16386
2025-07-10T17:44:00.010000 54.693895999999995 38.625 16386
2025-07-10T17:44:01.010000 54.704504 38.625 16386
2025-07-10T17:44:02.010000 54.691399999999994 38.625 2
2025-07-10T17:44:03.010000 54.696408 38.625 2
2025-07-10T17:44:04.010000 54.72018800000001 38.625 2
2025-07-10T17:44:05.012000 54.709826 38.625 2
2025-07-10T17:44:06.010000 54.71987400000001 38.625 2
2025-07-10T17:44:07.010000 54.70700000000001 38.625 2
2025-07-10T17:44:08.010000 54.709826 38.625 2
2025-07-10T17:44:09.010000 54.71987400000001 38.625 2
2025-07-10T17:44:10.010000 54.70700000000001 38.625 2
2025-07-10T17:44:11.010000 54.70700000000001 38.625 2
2025-07-10T17:44:12.010000 54.712634 38.625 2
2025-07-10T17:44:13.010000 54.735492000000015 38.625 2
2025-07-10T17:44:14.010000 54.71987400000001 38.625 2
2025-07-10T17:44:15.010000 54.70700000000001 38.625 2
2025-07-10T17:44:16.010000 54.70700000000001 38.625 2
2025-07-10T17:44:17.010000 54.70700000000001 38.625 2
2025-07-10T17:44:18.010000 54.70154 38.625 2
2025-07-10T17:44:19.010000 54.685159999999996 38.625 2
2025-07-10T17:44:20.010000 54.70388 38.625 16386
2025-07-10T17:44:21.010000 54.69451999999999 38.625 16386
2025-07-10T17:44:22.010000 54.70700000000001 38.625 16386
2025-07-10T17:44:23.010000 54.70388 38.625 16386
2025-07-10T17:44:24.010000 54.69451999999999 38.6325 16386
2025-07-10T17:44:25.010000 54.70700000000001 38.6875 16386
2025-07-10T17:44:26.010000 54.704816 38.6875 16386
2025-07-10T17:44:27.010000 54.691399999999994 38.6875 16386
2025-07-10T17:44:28.010000 54.691399999999994 38.6875 16386
2025-07-10T17:44:29.010000 54.691399999999994 38.6875 16386
2025-07-10T17:44:30.010000 54.691399999999994 38.6875 2
2025-07-10T17:44:31.011000 54.693584 38.6875 2
2025-07-10T17:44:32.010000 54.70700000000001 38.6875 2
2025-07-10T17:44:33.010000 54.704504 38.6875 2
2025-07-10T17:44:34.010000 54.693895999999995 38.6875 2
2025-07-10T17:44:35.010000 54.704504 38.6875 2
2025-07-10T17:44:36.010000 54.693895999999995 38.6875 2
2025-07-10T17:44:37.010000 54.70700000000001 38.6875 2
2025-07-10T17:44:38.010000 54.70700000000001 38.6875 2
2025-07-10T17:44:39.010000 54.70700000000001 38.6875 2
2025-07-10T17:44:40.010000 54.704504 38.6875 16386
2025-07-10T17:44:41.010000 54.694207999999996 38.6875 16386
2025-07-10T17:44:42.010000 54.704192000000006 38.6875 16386
2025-07-10T17:44:43.010000 54.694207999999996 38.6875 2
2025-07-10T17:44:44.010000 54.709826 38.6875 2
2025-07-10T17:44:45.010000 54.72270000000001 38.74375 16386
2025-07-10T17:44:46.010000 54.72270000000001 38.75 16386
2025-07-10T17:44:47.010000 54.72270000000001 38.7275 16386
2025-07-10T17:44:48.010000 54.72270000000001 38.6875 16386
2025-07-10T17:44:49.010000 54.72550800000001 38.6875 16386
2025-07-10T17:44:50.010000 54.732666 38.74 2
2025-07-10T17:44:51.010000 54.70956326530612 38.75 2
2025-07-10T17:44:52.009000 54.72270000000001 38.75 16386
2025-07-10T17:44:53.010000 54.71956 38.75 16386
2025-07-10T17:44:54.010000 54.71326 38.75 16386
2025-07-10T17:44:55.010000 54.73518000000001 38.75 2
2025-07-10T17:44:56.010000 54.725820000000006 38.75 2
2025-07-10T17:44:57.010000 54.7383 38.75 2
2025-07-10T17:44:58.010000 54.74142 38.75 2
2025-07-10T17:44:59.010000 54.74766 38.75 2
2025-07-10T17:45:00.010000 54.72894 38.75 16386
2025-07-10T17:45:01.010000 54.753899999999994 38.75 16386
2025-07-10T17:45:02.017000 54.753899999999994 38.75 16386
2025-07-10T17:45:03.010000 54.75039795918367 38.75 16386
2025-07-10T17:45:04.010000 54.740483999999995 38.75 16386
2025-07-10T17:45:05.010000 54.753899999999994 38.78125 16386
2025-07-10T17:45:06.010000 54.753899999999994 38.8125 16386
2025-07-10T17:45:07.010000 54.751715999999995 38.8125 16386
2025-07-10T17:45:08.010000 54.740796 38.8125 16386
2025-07-10T17:45:09.010000 54.751403999999994 38.8125 16386
2025-07-10T17:45:10.010000 54.7383 38.8125 16386
2025-07-10T17:45:11.010000 54.7383 38.8125 2
2025-07-10T17:45:12.010000 54.740796 38.8125 2
2025-07-10T17:45:13.010000 54.751403999999994 38.8125 2
2025-07-10T17:45:14.010000 54.7383 38.8125 2
2025-07-10T17:45:15.010000 54.7383 38.8125 2
2025-07-10T17:45:16.010000 54.73580400000001 38.8125 16386
2025-07-10T17:45:17.010000 54.72270000000002 38.8125 16386
2025-07-10T17:45:18.010000 54.725625 38.8125 16386
2025-07-10T17:45:19.010000 54.735492000000015 38.8125 16386
2025-07-10T17:45:20.010000 54.72270000000001 38.83125 16386
2025-07-10T17:45:21.011000 54.71987400000001 38.875 16386
2025-07-10T17:45:22.010000 54.704192000000006 38.875 16386
2025-07-10T17:45:23.010000 54.691399999999994 38.875 16386
2025-07-10T17:45:24.010000 54.697034 38.875 16386
2025-07-10T17:45:25.010000 54.71706600000002 38.875 16386
2025-07-10T17:45:26.010000 54.694207999999996 38.875 2
2025-07-10T17:45:27.010000 54.70700000000001 38.875 2
2025-07-10T17:45:28.010000 54.70700000000001 38.875 16386
2025-07-10T17:45:29.010000 54.70700000000001 38.875 16386
2025-07-10T17:45:30.010000 54.71014 38.875 16386
2025-07-10T17:45:31.010000 54.71956 38.875 16386
2025-07-10T17:45:32.010000 54.70388 38.875 16386
2025-07-10T17:45:33.010000 54.69451999999999 38.9125 16386
2025-07-10T17:45:34.011000 54.70700000000001 38.9375 16386
2025-07-10T17:45:35.010000 54.70700000000001 38.9375 16386
2025-07-10T17:45:36.010000 54.70388 38.9375 16386
2025-07-10T17:45:37.010000 54.69451999999999 38.9375 16386
2025-07-10T17:45:38.010000 54.70700000000001 38.9375 16386
2025-07-10T17:45:39.010000 54.70700000000001 38.9375 2
2025-07-10T17:45:40.010000 54.70700000000001 38.9375 2
2025-07-10T17:45:41.010000 54.70700000000001 38.9375 16386
2025-07-10T17:45:42.010000 54.70700000000001 38.9375 16386
2025-07-10T17:45:43.010000 54.70700000000001 38.9375 16386
2025-07-10T17:45:44.010000 54.709197999999994 38.9375 16386
2025-07-10T17:45:45.010000 54.72270000000001 38.9375 16386
2025-07-10T17:45:46.010000 54.725196000000004 39.0 16384
2025-07-10T17:45:47.010000 54.733292 39.0 16384
2025-07-10T17:45:48.011000 54.709512 39.0 16384
2025-07-10T17:45:49.010000 54.72270000000001 39.0 16384
2025-07-10T17:45:50.011000 54.725196000000004 39.0 16384
2025-07-10T17:45:51.010000 54.7383 39.0 0
2025-07-10T17:45:52.010000 54.7383 39.0 0
2025-07-10T17:45:53.010000 54.7383 39.0 0
2025-07-10T17:45:54.010000 54.735492000000015 39.0 0
2025-07-10T17:45:55.010000 54.72270000000001 39.0 0
2025-07-10T17:45:56.010000 54.72550800000001 39.0 0
2025-07-10T17:45:57.010000 54.7383 39.0 0
2025-07-10T17:45:58.010000 54.7383 39.0 0
2025-07-10T17:45:59.010000 54.7383 39.0 16384
2025-07-10T17:46:00.010000 54.7383 39.0 16384
2025-07-10T17:46:01.010000 54.7383 39.0 16384
2025-07-10T17:46:02.010000 54.735492000000015 39.0 16384
2025-07-10T17:46:03.010000 54.72550800000001 39.015 16384
2025-07-10T17:46:04.010000 54.741108000000004 39.0625 16384
2025-07-10T17:46:05.012000 54.75077999999999 39.0625 16384
2025-07-10T17:46:06.010000 54.7383 39.0625 16384
2025-07-10T17:46:07.010000 54.7383 39.0625 16384
2025-07-10T17:46:08.010000 54.73518000000001 39.0625 16384
2025-07-10T17:46:09.010000 54.72270000000001 39.0625 16384
2025-07-10T17:46:10.010000 54.72270000000001 39.0625 16384
2025-07-10T17:46:11.010000 54.725820000000006 39.0625 16384
2025-07-10T17:46:12.010000 54.7383 39.0625 16384
2025-07-10T17:46:13.010000 54.73518000000001 39.07 16384
2025-07-10T17:46:14.010000 54.725820000000006 39.125 16384
2025-07-10T17:46:15.011000 54.73518000000001 39.125 16384
2025-07-10T17:46:16.010000 54.72270000000001 39.125 16384
2025-07-10T17:46:17.011000 54.72270000000001 39.125 16384
2025-07-10T17:46:18.010000 54.719246000000005 39.125 16384
2025-07-10T17:46:19.010000 54.70700000000001 39.125 16384
2025-07-10T17:46:20.010000 54.70700000000001 39.125 16384
2025-07-10T17:46:21.011000 54.709197999999994 39.125 16384
2025-07-10T17:46:22.010000 54.72018800000001 39.125 16384
2025-07-10T17:46:23.010000 54.70700000000001 39.12625 16384
2025-07-10T17:46:24.010000 54.70700000000001 39.1875 16384
2025-07-10T17:46:25.010000 54.70700000000001 39.1875 16384
2025-07-10T17:46:26.010000 54.70700000000001 39.1875 16384
2025-07-10T17:46:27.010000 54.704504 39.1875 16384
2025-07-10T17:46:28.010000 54.693895999999995 39.1875 16384
2025-07-10T17:46:29.011000 54.709512 39.1875 16384
2025-07-10T17:46:30.010000 54.72270000000001 39.1875 16384
2025-07-10T17:46:31.010000 54.72270000000001 39.1875 16384
2025-07-10T17:46:32.011000 54.72270000000001 39.1875 16384
2025-07-10T17:46:33.010000 54.71987400000001 39.1875 16384
2025-07-10T17:46:34.010000 54.709826 39.245 16384
2025-07-10T17:46:35.010000 54.71987400000001 39.25 16384
2025-07-10T17:46:36.011000 54.704192000000006 39.25 16384
2025-07-10T17:46:37.012000 54.694207999999996 39.25 16384
2025-07-10T17:46:38.010000 54.709826 39.25 16384
2025-07-10T17:46:39.010000 54.72270000000001 39.25 16384
2025-07-10T17:46:40.010000 54.72270000000001 39.25 16384
2025-07-10T17:46:41.010000 54.72270000000001 39.25 16384
2025-07-10T17:46:42.010000 54.72270000000001 39.25 0
2025-07-10T17:46:43.010000 54.72270000000001 39.25 0
2025-07-10T17:46:44.010000 54.725820000000006 39.3 16384
2025-07-10T17:46:45.010000 54.73518000000001 39.3125 16384
2025-07-10T17:46:46.010000 54.725820000000006 39.295 16384
2025-07-10T17:46:47.010000 54.7383 39.25 16384
2025-07-10T17:46:48.010000 54.7383 39.25 16384
2025-07-10T17:46:49.010000 54.7383 39.29625 0
2025-07-10T17:46:50.010000 54.73518000000001 39.3125 0
2025-07-10T17:46:51.011000 54.71956 39.3125 16384
2025-07-10T17:46:52.010000 54.70700000000001 39.3125 16384
2025-07-10T17:46:53.010000 54.70700000000001 39.3125 16384
2025-07-10T17:46:54.010000 54.710454 39.3125 16384
2025-07-10T17:46:55.010000 54.719246000000005 39.3125 16384
2025-07-10T17:46:56.010000 54.703568 39.3225 16384
2025-07-10T17:46:57.010000 54.694832 39.375 16384
2025-07-10T17:46:58.010000 54.70700000000001 39.375 16384
2025-07-10T17:46:59.010000 54.70700000000001 39.375 16384
2025-07-10T17:47:00.010000 54.704504 39.375 16384
2025-07-10T17:47:01.010000 54.696408 39.375 16384
2025-07-10T17:47:02.011000 54.72018800000001 39.375 0
2025-07-10T17:47:03.010000 54.704504 39.375 0
2025-07-10T17:47:04.010000 54.693895999999995 39.375 0
2025-07-10T17:47:05.010000 54.70700000000001 39.375 0
2025-07-10T17:47:06.010000 54.70700000000001 39.375 0
2025-07-10T17:47:07.011000 54.709512 39.375 16384
2025-07-10T17:47:08.011000 54.71706600000002 39.375 16384
2025-07-10T17:47:09.011000 54.693895999999995 39.375 16384
2025-07-10T17:47:10.010000 54.709826 39.375 16384
2025-07-10T17:47:11.010000 54.72270000000001 39.375 16384
2025-07-10T17:47:12.010000 54.71987400000001 39.43625 16384
2025-07-10T17:47:13.010000 54.709826 39.4375 16384
2025-07-10T17:47:14.010000 54.71987400000001 39.4375 16384
2025-07-10T17:47:15.010000 54.70700000000001 39.4375 16384
2025-07-10T17:47:16.010000 54.70700000000001 39.4375 16384
2025-07-10T17:47:17.010000 54.709826 39.4375 0
2025-07-10T17:47:18.010000 54.72270000000001 39.4375 0
2025-07-10T17:47:19.010000 54.71956 39.4375 16384
2025-07-10T17:47:20.010000 54.709826 39.4375 16384
2025-07-10T17:47:21.010000 54.72270000000001 39.4375 16384
2025-07-10T17:47:22.010000 54.72270000000001 39.4375 16384
2025-07-10T17:47:23.011000 54.725820000000006 39.4375 16384
2025-07-10T17:47:24.010000 54.73518000000001 39.4575 16384
2025-07-10T17:47:25.010000 54.72270000000001 39.5 16384
2025-07-10T17:47:26.010000 54.725820000000006 39.5 16384
2025-07-10T17:47:27.011000 54.73518000000001 39.5 16384
2025-07-10T17:47:28.010000 54.726132 39.5 16384
2025-07-10T17:47:29.010000 54.7383 39.5 16384
2025-07-10T17:47:30.010000 54.73518000000001 39.5 16384
2025-07-10T17:47:31.010000 54.72270000000001 39.5 16384
2025-07-10T17:47:32.010000 54.72270000000001 39.5 16384
2025-07-10T17:47:33.010000 54.726132 39.5 16384
2025-07-10T17:47:34.010000 54.7383 39.51 16384
2025-07-10T17:47:35.010000 54.7383 39.5625 16384
2025-07-10T17:47:36.010000 54.741732 39.5625 16384
2025-07-10T17:47:37.010000 54.753899999999994 39.5625 16384
2025-07-10T17:47:38.010000 54.753899999999994 39.5625 16384
2025-07-10T17:47:39.010000 54.753899999999994 39.5625 16384
2025-07-10T17:47:40.010000 54.748908 39.5625 0
2025-07-10T17:47:41.010000 54.725196000000004 39.5625 0
2025-07-10T17:47:42.010000 54.740796 39.5625 0
2025-07-10T17:47:43.010000 54.756707999999996 39.5625 0
2025-07-10T17:47:44.010000 54.766692000000006 39.5625 0
2025-07-10T17:47:45.010000 54.756707999999996 39.5625 0
2025-07-10T17:47:46.010000 54.766692000000006 39.5625 0
2025-07-10T17:47:47.010000 54.75109199999999 39.5625 16384
2025-07-10T17:47:48.010000 54.7383 39.5625 16384
2025-07-10T17:47:49.010000 54.7383 39.5625 16384
2025-07-10T17:47:50.010000 54.741108000000004 39.5625 16384
2025-07-10T17:47:51.010000 54.75109199999999 39.5625 16384
2025-07-10T17:47:52.010000 54.7383 39.59 16384
2025-07-10T17:47:53.010000 54.735492000000015 39.625 16384
2025-07-10T17:47:54.010000 54.71987400000001 39.625 16384
2025-07-10T17:47:55.011000 54.71014 39.625 16384
2025-07-10T17:47:56.010000 54.725820000000006 39.625 16384
2025-07-10T17:47:57.012000 54.73518000000001 39.625 16384
2025-07-10T17:47:58.011000 54.725820000000006 39.625 16384
2025-07-10T17:47:59.010000 54.7383 39.625 16384
2025-07-10T17:48:00.010000 54.74142 39.625 16384
2025-07-10T17:48:01.010000 54.75077999999999 39.625 16384
2025-07-10T17:48:02.010000 54.7383 39.645 16384
2025-07-10T17:48:03.010000 54.73518000000001 39.6875 16384
2025-07-10T17:48:04.011000 54.725820000000006 39.6875 16384
2025-07-10T17:48:05.012000 54.741732 39.6875 16384
2025-07-10T17:48:06.010000 54.750468 39.6875 16384
2025-07-10T17:48:07.010000 54.734868000000006 39.6875 16384
2025-07-10T17:48:08.010000 54.726132 39.6875 0
2025-07-10T17:48:09.010000 54.734868000000006 39.6875 0
2025-07-10T17:48:10.010000 54.72270000000001 39.6875 0
2025-07-10T17:48:11.010000 54.726132 39.6875 0
2025-07-10T17:48:12.015000 54.7383 39.6875 0
2025-07-10T17:48:13.010000 54.734868000000006 39.6875 0
2025-07-10T17:48:14.010000 54.729067346938784 39.6875 0
2025-07-10T17:48:15.011000 54.753899999999994 39.6875 0
2025-07-10T17:48:16.010000 54.751403999999994 39.6875 0
2025-07-10T17:48:17.010000 54.740796 39.6875 0
2025-07-10T17:48:18.010000 54.751403999999994 39.6875 0
2025-07-10T17:48:19.010000 54.73580400000001 39.6875 0
2025-07-10T17:48:20.010000 54.725196000000004 39.6875 16384
2025-07-10T17:48:21.010000 54.7383 39.6875 16384
2025-07-10T17:48:22.010000 54.735492000000015 39.6875 16384
2025-07-10T17:48:23.010000 54.71987400000001 39.6875 16384
2025-07-10T17:48:24.010000 54.715442 39.6875 16384
2025-07-10T17:48:25.010000 54.753899999999994 39.71375 16384
2025-07-10T17:48:26.013000 54.75109199999999 39.75 16384
2025-07-10T17:48:27.010000 54.7383 39.75 16384
2025-07-10T17:48:28.010000 54.7383 39.75 16384
2025-07-10T17:48:29.010000 54.7383 39.75 16384
2025-07-10T17:48:30.010000 54.741108000000004 39.75 16384
2025-07-10T17:48:31.010000 54.75109199999999 39.75 0
2025-07-10T17:48:32.010000 54.74142 39.75 0
2025-07-10T17:48:33.010000 54.753899999999994 39.75 0
2025-07-10T17:48:34.011000 54.75077999999999 39.75 0
2025-07-10T17:48:35.015000 54.74142 39.75 0
2025-07-10T17:48:36.010000 54.74766 39.75 0
2025-07-10T17:48:37.010000 54.72894 39.75 0
2025-07-10T17:48:38.010000 54.753899999999994 39.75 16384
2025-07-10T17:48:39.010000 54.753899999999994 39.75 16384
2025-07-10T17:48:40.010000 54.753899999999994 39.75 16384
2025-07-10T17:48:41.010000 54.753899999999994 39.75 0
2025-07-10T17:48:42.010000 54.757332 39.75 0
2025-07-10T17:48:43.011000 54.766068 39.78625 16384
2025-07-10T17:48:44.011000 54.753899999999994 39.8125 16384
2025-07-10T17:48:45.010000 54.753899999999994 39.81 16384
2025-07-10T17:48:46.010000 54.757332 39.75 16384
2025-07-10T17:48:47.010000 54.76950000000001 39.75 16384
2025-07-10T17:48:48.010000 54.76950000000001 39.78 16384
2025-07-10T17:48:49.010000 54.766068 39.8125 0
2025-07-10T17:48:50.010000 54.757332 39.8125 0
2025-07-10T17:48:51.011000 54.772954 39.8125 16384
2025-07-10T17:48:52.010000 54.78520000000001 39.8125 16384
2025-07-10T17:48:53.010000 54.78520000000001 39.8125 16384
2025-07-10T17:48:54.010000 54.78268800000001 39.8125 0
2025-07-10T17:48:55.010000 54.773883999999995 39.8125 0
2025-07-10T17:48:56.010000 54.792516000000006 39.8125 0
2025-07-10T17:48:57.010000 54.76950000000001 39.8125 0
2025-07-10T17:48:58.010000 54.772012 39.8125 0
2025-07-10T17:48:59.010000 54.78237400000001 39.8125 0
2025-07-10T17:49:00.010000 54.76950000000001 39.8125 0
2025-07-10T17:49:01.010000 54.772326 39.8125 0
2025-07-10T17:49:02.010000 54.77956600000002 39.8125 0
2025-07-10T17:49:03.010000 54.753899999999994 39.8125 0
2025-07-10T17:49:04.010000 54.753899999999994 39.8125 0
2025-07-10T17:49:05.010000 54.753899999999994 39.8125 0
2025-07-10T17:49:06.010000 54.753899999999994 39.8125 0
2025-07-10T17:49:07.010000 54.753899999999994 39.8125 0
2025-07-10T17:49:08.010000 54.75109199999999 39.8125 0
2025-07-10T17:49:09.010000 54.741108000000004 39.8125 0
2025-07-10T17:49:10.010000 54.75701999999999 39.8125 0
2025-07-10T17:49:11.010000 54.76638 39.8125 0
2025-07-10T17:49:12.010000 54.753899999999994 39.8125 0
2025-07-10T17:49:13.010000 54.75077999999999 39.8125 0
2025-07-10T17:49:14.010000 54.7383 39.8125 0
2025-07-10T17:49:15.011000 54.7383 39.8125 0
2025-07-10T17:49:16.010000 54.7383 39.8125 16384
2025-07-10T17:49:17.010000 54.73518000000001 39.8125 16384
2025-07-10T17:49:18.010000 54.725820000000006 39.8125 16384
2025-07-10T17:49:19.010000 54.7383 39.8125 16384
2025-07-10T17:49:20.010000 54.7383 39.8125 16384
2025-07-10T17:49:21.010000 54.7383 39.84875 16384
2025-07-10T17:49:22.010000 54.7383 39.875 16384
2025-07-10T17:49:23.010000 54.7383 39.875 16384
2025-07-10T17:49:24.010000 54.734868000000006 39.875 16384
2025-07-10T17:49:25.010000 54.726132 39.875 16384
2025-07-10T17:49:26.010000 54.734868000000006 39.875 16384
2025-07-10T17:49:27.010000 54.72270000000001 39.875 0
2025-07-10T17:49:28.010000 54.726132 39.875 0
2025-07-10T17:49:29.010000 54.7383 39.875 0
2025-07-10T17:49:30.010000 54.734868000000006 39.875 0
2025-07-10T17:49:31.010000 54.725196000000004 39.875 0
2025-07-10T17:49:32.010000 54.73580400000001 39.875 0
2025-07-10T17:49:33.010000 54.725196000000004 39.875 0
2025-07-10T17:49:34.010000 54.73580400000001 39.875 0
2025-07-10T17:49:35.010000 54.727692000000005 39.875 0
2025-07-10T17:49:36.010000 54.751403999999994 39.875 0
2025-07-10T17:49:37.010000 54.7383 39.875 0
2025-07-10T17:49:38.010000 54.7383 39.875 0
2025-07-10T17:49:39.012000 54.735492000000015 39.875 0
2025-07-10T17:49:40.010000 54.72270000000001 39.875 0
2025-07-10T17:49:41.010000 54.72550800000001 39.855 0
2025-07-10T17:49:42.010000 54.741108000000004 39.8125 0
2025-07-10T17:49:43.013000 54.748284000000005 39.8125 0
2025-07-10T17:49:44.010000 54.72550800000001 39.86 0
2025-07-10T17:49:45.010000 54.735492000000015 39.875 0
2025-07-10T17:49:46.010000 54.72550800000001 39.875 16384
2025-07-10T17:49:47.010000 54.7383 39.875 16384
2025-07-10T17:49:48.010000 54.73518000000001 39.875 16384
2025-07-10T17:49:49.010000 54.725820000000006 39.875 0
2025-07-10T17:49:50.010000 54.7383 39.875 0
2025-07-10T17:49:51.010000 54.73204 39.875 0
2025-07-10T17:49:52.010000 54.71014 39.875 0
2025-07-10T17:49:53.010000 54.72270000000001 39.875 0
2025-07-10T17:49:54.010000 54.72270000000001 39.875 0
2025-07-10T17:49:55.010000 54.725820000000006 39.875 0
2025-07-10T17:49:56.010000 54.73518000000001 39.875 0
2025-07-10T17:49:57.010000 54.72270000000001 39.875 0
2025-07-10T17:49:58.010000 54.725820000000006 39.875 0
2025-07-10T17:49:59.010000 54.731414 39.875 0
2025-07-10T17:50:00.010000 54.710454 39.875 0
2025-07-10T17:50:01.010000 54.719246000000005 39.875 0
2025-07-10T17:50:02.010000 54.710454 39.875 0
2025-07-10T17:50:03.010000 54.719246000000005 39.875 0
2025-07-10T17:50:04.010000 54.70700000000001 39.875 0
2025-07-10T17:50:05.010000 54.713886 39.875 0
2025-07-10T17:50:06.010000 54.734868000000006 39.875 0
2025-07-10T17:50:07.010000 54.726132 39.875 0
2025-07-10T17:50:08.010000 54.7383 39.875 0
2025-07-10T17:50:09.011000 54.73580400000001 39.8475 0
2025-07-10T17:50:10.010000 54.725196000000004 39.8125 0
2025-07-10T17:50:11.010000 54.7383 39.8125 0
2025-07-10T17:50:12.011000 54.7383 39.8125 0
2025-07-10T17:50:13.010000 54.73580400000001 39.8125 0
2025-07-10T17:50:14.010000 54.725196000000004 39.83625 16384
2025-07-10T17:50:15.010000 54.7383 39.875 16384
2025-07-10T17:50:16.010000 54.741108000000004 39.875 16384
2025-07-10T17:50:17.011000 54.753899999999994 39.875 16384
2025-07-10T17:50:18.010000 54.753899999999994 39.875 16384
2025-07-10T17:50:19.010000 54.75109199999999 39.875 16384
2025-07-10T17:50:20.010000 54.7383 39.875 0
2025-07-10T17:50:21.010000 54.7383 39.875 0
2025-07-10T17:50:22.010000 54.7383 39.875 0
2025-07-10T17:50:23.010000 54.7383 39.875 0
2025-07-10T17:50:24.010000 54.741108000000004 39.85875 0
2025-07-10T17:50:25.010000 54.75109199999999 39.8125 0
2025-07-10T17:50:26.010000 54.7383 39.8125 0
2025-07-10T17:50:27.011000 54.7383 39.8125 0
2025-07-10T17:50:28.010000 54.7383 39.8125 0
2025-07-10T17:50:29.010000 54.7383 39.8125 0
2025-07-10T17:50:30.010000 54.74142 39.8125 0
2025-07-10T17:50:31.010000 54.75077999999999 39.8125 0
2025-07-10T17:50:32.010000 54.74142 39.8125 0
2025-07-10T17:50:33.011000 54.75077999999999 39.8125 0
2025-07-10T17:50:34.011000 54.74454 39.8125 0
2025-07-10T17:50:35.010000 54.76638 39.8125 0
2025-07-10T17:50:36.010000 54.753899999999994 39.8125 0
2025-07-10T17:50:37.010000 54.753899999999994 39.8125 0
2025-07-10T17:50:38.010000 54.750468 39.8125 0
2025-07-10T17:50:39.010000 54.7383 39.8125 0
2025-07-10T17:50:40.010000 54.7383 39.8125 0
2025-07-10T17:50:41.010000 54.741732 39.8125 0
2025-07-10T17:50:42.010000 54.750468 39.8125 0
2025-07-10T17:50:43.010000 54.741732 39.8125 0
2025-07-10T17:50:44.010000 54.753899999999994 39.8125 0
2025-07-10T17:50:45.010000 54.753899999999994 39.8125 0
2025-07-10T17:50:46.010000 54.74703600000001 39.8125 0
2025-07-10T17:50:47.010000 54.727692000000005 39.8125 0
2025-07-10T17:50:48.010000 54.753899999999994 39.8125 0
2025-07-10T17:50:49.010000 54.751403999999994 39.8125 0
2025-07-10T17:50:50.010000 54.740796 39.8125 0
2025-07-10T17:50:51.010000 54.753899999999994 39.8125 0
2025-07-10T17:50:52.010000 54.753899999999994 39.8125 0
2025-07-10T17:50:53.010000 54.753899999999994 39.8125 0
2025-07-10T17:50:54.011000 54.753899999999994 39.8125 0
2025-07-10T17:50:55.010000 54.753899999999994 39.8125 0
2025-07-10T17:50:56.010000 54.75109199999999 39.8125 0
2025-07-10T17:50:57.010000 54.741108000000004 39.79125 0
2025-07-10T17:50:58.010000 54.75109199999999 39.75 0
2025-07-10T17:50:59.010000 54.7383 39.75 0
2025-07-10T17:51:00.010000 54.741108000000004 39.79875 0
2025-07-10T17:51:01.010000 54.753899999999994 39.8125 0
2025-07-10T17:51:02.010000 54.753899999999994 39.8125 16384
2025-07-10T17:51:03.010000 54.75109199999999 39.8125 16384
2025-07-10T17:51:04.010000 54.7383 39.8125 16384
2025-07-10T17:51:05.010000 54.7383 39.8125 0
2025-07-10T17:51:06.010000 54.7383 39.8125 0
2025-07-10T17:51:07.010000 54.7383 39.8125 0
2025-07-10T17:51:08.011000 54.7383 39.8125 0
2025-07-10T17:51:09.010000 54.7383 39.8125 0
2025-07-10T17:51:10.010000 54.73518000000001 39.76875 0
2025-07-10T17:51:11.010000 54.725820000000006 39.75 0
2025-07-10T17:51:12.010000 54.7383 39.76125 0
2025-07-10T17:51:13.011000 54.73204 39.8125 0
2025-07-10T17:51:14.010000 54.71014 39.8125 0
2025-07-10T17:51:15.010000 54.726132 39.77375 0
2025-07-10T17:51:16.010000 54.7383 39.75 0
2025-07-10T17:51:17.010000 54.7383 39.75 0
2025-07-10T17:51:18.011000 54.734868000000006 39.75 0
2025-07-10T17:51:19.010000 54.726132 39.75 0
2025-07-10T17:51:20.010000 54.7383 39.75 0
2025-07-10T17:51:21.010000 54.7383 39.75 0
2025-07-10T17:51:22.010000 54.741732 39.75 0
2025-07-10T17:51:23.010000 54.750468 39.75 0
2025-07-10T17:51:24.010000 54.7383 39.75 0
2025-07-10T17:51:25.010000 54.74204400000001 39.75 0
2025-07-10T17:51:26.010000 54.751403999999994 39.75 0
2025-07-10T17:51:27.012000 54.7383 39.75 0
2025-07-10T17:51:28.010000 54.740796 39.75 0
2025-07-10T17:51:29.010000 54.751403999999994 39.75 0
2025-07-10T17:51:30.010000 54.7383 39.75 0
2025-07-10T17:51:31.010000 54.741108000000004 39.75 0
2025-07-10T17:51:32.010000 54.753899999999994 39.75 0
2025-07-10T17:51:33.010000 54.75109199999999 39.75 0
2025-07-10T17:51:34.010000 54.7383 39.75 0
2025-07-10T17:51:35.010000 54.743916 39.75 0
2025-07-10T17:51:36.010000 54.76950000000001 39.75 0
2025-07-10T17:51:37.010000 54.766692000000006 39.75 0
2025-07-10T17:51:38.010000 54.75109199999999 39.75 0
2025-07-10T17:51:39.010000 54.741108000000004 39.75 0
2025-07-10T17:51:40.010000 54.75701999999999 39.75 0
2025-07-10T17:51:41.010000 54.763884 39.75 0
2025-07-10T17:51:42.010000 54.7383 39.75 0
2025-07-10T17:51:43.010000 54.7383 39.7025 0
2025-07-10T17:51:44.011000 54.7383 39.6875 0
2025-07-10T17:51:45.010000 54.74142 39.6875 0
2025-07-10T17:51:46.010000 54.753899999999994 39.6875 0
2025-07-10T17:51:47.011000 54.753899999999994 39.6875 0
2025-07-10T17:51:48.010000 54.75077999999999 39.6875 0
2025-07-10T17:51:49.010000 54.74142 39.6875 0
2025-07-10T17:51:50.010000 54.753899999999994 39.6875 0
2025-07-10T17:51:51.010000 54.753899999999994 39.6875 0
2025-07-10T17:51:52.010000 54.753899999999994 39.6875 0
2025-07-10T17:51:53.010000 54.757332 39.6875 0
2025-07-10T17:51:54.010000 54.766068 39.6875 0
2025-07-10T17:51:55.011000 54.757332 39.6875 0
2025-07-10T17:51:56.010000 54.766068 39.6875 0
2025-07-10T17:51:57.010000 54.757332 39.6875 0
2025-07-10T17:51:58.010000 54.76950000000001 39.6875 0
2025-07-10T17:51:59.010000 54.766068 39.6875 0
2025-07-10T17:52:00.010000 54.753899999999994 39.6875 0
2025-07-10T17:52:01.010000 54.757332 39.6875 0
2025-07-10T17:52:02.010000 54.76950000000001 39.6875 0
2025-07-10T17:52:03.010000 54.77326800000001 39.655 0
2025-07-10T17:52:04.010000 54.78268800000001 39.625 0
2025-07-10T17:52:05.010000 54.772012 39.62625 0
2025-07-10T17:52:06.010000 54.78237400000001 39.6875 0
2025-07-10T17:52:07.010000 54.76950000000001 39.6875 0
2025-07-10T17:52:08.010000 54.763884 39.65875 16384
2025-07-10T17:52:09.010000 54.735492000000015 39.625 16384
2025-07-10T17:52:10.010000 54.71987400000001 39.625 16384
2025-07-10T17:52:11.010000 54.709826 39.68375 0
2025-07-10T17:52:12.010000 54.71987400000001 39.6875 0
2025-07-10T17:52:13.010000 54.70700000000001 39.6875 0
2025-07-10T17:52:14.010000 54.709826 39.6875 0
2025-07-10T17:52:15.011000 54.72270000000001 39.6875 0
2025-07-10T17:52:16.010000 54.71987400000001 39.6325 0
2025-07-10T17:52:17.010000 54.70700000000001 39.625 0
2025-07-10T17:52:18.010000 54.70700000000001 39.625 0
2025-07-10T17:52:19.010000 54.70700000000001 39.625 0
2025-07-10T17:52:20.010000 54.71014 39.625 0
2025-07-10T17:52:21.010000 54.72270000000001 39.625 0
2025-07-10T17:52:22.010000 54.71956 39.625 0
2025-07-10T17:52:23.010000 54.70700000000001 39.625 0
2025-07-10T17:52:24.010000 54.71014 39.625 0
2025-07-10T17:52:25.011000 54.71956 39.625 0
2025-07-10T17:52:26.010000 54.70700000000001 39.625 0
2025-07-10T17:52:27.010000 54.70700000000001 39.625 0
2025-07-10T17:52:28.010000 54.70700000000001 39.625 0
2025-07-10T17:52:29.010000 54.703568 39.625 0
2025-07-10T17:52:30.010000 54.694832 39.625 0
2025-07-10T17:52:31.010000 54.703568 39.625 0
2025-07-10T17:52:32.010000 54.691399999999994 39.625 0
2025-07-10T17:52:33.010000 54.694832 39.6175 0
2025-07-10T17:52:34.010000 54.700994 39.5625 0
2025-07-10T17:52:35.011000 54.682274 39.5625 0
2025-07-10T17:52:36.010000 54.691399999999994 39.59875 0
2025-07-10T17:52:37.010000 54.695144 39.625 0
2025-07-10T17:52:38.010000 54.703568 39.62125 0
2025-07-10T17:52:39.010000 54.695144 39.5625 0
2025-07-10T17:52:40.010000 54.700447999999994 39.5625 0
2025-07-10T17:52:41.010000 54.686252 39.5625 0
2025-07-10T17:52:42.010000 54.702631999999994 39.5625 0
2025-07-10T17:52:43.010000 54.681805999999995 39.5625 0
2025-07-10T17:52:44.010000 54.691399999999994 39.5625 0
2025-07-10T17:52:45.010000 54.691399999999994 39.5625 0
2025-07-10T17:52:46.010000 54.691399999999994 39.5625 0
2025-07-10T17:52:47.010000 54.694207999999996 39.5625 0
2025-07-10T17:52:48.011000 54.70700000000001 39.5625 0
2025-07-10T17:52:49.010000 54.704192000000006 39.5625 0
2025-07-10T17:52:50.010000 54.697034 39.5625 0
2025-07-10T17:52:51.010000 54.71987400000001 39.5625 0
2025-07-10T17:52:52.010000 54.70700000000001 39.5625 0
2025-07-10T17:52:53.010000 54.70700000000001 39.5625 0
2025-07-10T17:52:54.010000 54.71014 39.5625 0
2025-07-10T17:52:55.010000 54.71956 39.5625 0
2025-07-10T17:52:56.010000 54.70388 39.5625 0
2025-07-10T17:52:57.010000 54.697660000000006 39.5625 0
2025-07-10T17:52:58.010000 54.72270000000001 39.5625 0
2025-07-10T17:52:59.010000 54.71956 39.5625 0
2025-07-10T17:53:00.010000 54.71014 39.5625 0
2025-07-10T17:53:01.010000 54.71956 39.5475 0
2025-07-10T17:53:02.010000 54.71014 39.5 0
2025-07-10T17:53:03.010000 54.719246000000005 39.5 0
2025-07-10T17:53:04.011000 54.710454 39.5 0
2025-07-10T17:53:05.010000 54.726132 39.5 0
2025-07-10T17:53:06.010000 54.734868000000006 39.5 0
2025-07-10T17:53:07.010000 54.72270000000001 39.5 0
2025-07-10T17:53:08.010000 54.72270000000001 39.5 0
2025-07-10T17:53:09.010000 54.72270000000001 39.5 0
2025-07-10T17:53:10.014000 54.72270000000001 39.5 0
2025-07-10T17:53:11.010000 54.719246000000005 39.5 0
2025-07-10T17:53:12.010000 54.70700000000001 39.5 0
2025-07-10T17:53:13.010000 54.71076800000001 39.5 0
2025-07-10T17:53:14.010000 54.730188000000005 39.5 0
2025-07-10T17:53:15.010000 54.750156 39.5 0
2025-07-10T17:53:16.010000 54.73455600000001 39.5 0
2025-07-10T17:53:17.010000 54.726444 39.5 0
2025-07-10T17:53:18.010000 54.7383 39.5 0
2025-07-10T17:53:19.010000 54.73455600000001 39.5 0
2025-07-10T17:53:20.010000 54.72270000000001 39.5 0
2025-07-10T17:53:21.010000 54.72270000000001 39.5 0
2025-07-10T17:53:22.010000 54.72270000000001 39.5 0
2025-07-10T17:53:23.011000 54.72550800000001 39.5 0
2025-07-10T17:53:24.011000 54.735492000000015 39.5 0
2025-07-10T17:53:25.010000 54.72550800000001 39.5 0
2025-07-10T17:53:26.011000 54.7383 39.5 0
2025-07-10T17:53:27.010000 54.741108000000004 39.5 0
2025-07-10T17:53:28.010000 54.75109199999999 39.5 0
2025-07-10T17:53:29.010000 54.7383 39.47375 0
2025-07-10T17:53:30.010000 54.7383 39.4375 0
2025-07-10T17:53:31.010000 54.74142 39.4375 0
2025-07-10T17:53:32.010000 54.75077999999999 39.4375 0
2025-07-10T17:53:33.012000 54.74142 39.4375 0
2025-07-10T17:53:34.010000 54.75701999999999 39.4375 0
2025-07-10T17:53:35.010000 54.76014 39.4375 0
2025-07-10T17:53:36.011000 54.725820000000006 39.4375 0
2025-07-10T17:53:37.010000 54.74142 39.4375 0
2025-07-10T17:53:38.011000 54.74766 39.4375 0
2025-07-10T17:53:39.011000 54.725820000000006 39.4375 0
2025-07-10T17:53:40.010000 54.73204 39.4375 0
2025-07-10T17:53:41.010000 54.713886 39.4375 0
2025-07-10T17:53:42.010000 54.734868000000006 39.4375 0
2025-07-10T17:53:43.011000 54.72270000000001 39.4375 0
2025-07-10T17:53:44.010000 54.72270000000001 39.4375 0
2025-07-10T17:53:45.010000 54.72270000000001 39.4375 0
2025-07-10T17:53:46.010000 54.719246000000005 39.4375 0
2025-07-10T17:53:47.010000 54.710454 39.39625 0
2025-07-10T17:53:48.010000 54.72270000000001 39.375 0
2025-07-10T17:53:49.010000 54.72270000000001 39.385 0
2025-07-10T17:53:50.010000 54.726132 39.4375 0
2025-07-10T17:53:51.011000 54.73455600000001 39.4375 0
2025-07-10T17:53:52.010000 54.72270000000001 39.39875 0
2025-07-10T17:53:53.010000 54.718932 39.375 0
2025-07-10T17:53:54.010000 54.71076800000001 39.375 0
2025-07-10T17:53:55.010000 54.718932 39.375 0
2025-07-10T17:53:56.010000 54.70700000000001 39.375 0
2025-07-10T17:53:57.010000 54.71451199999999 39.375 0
2025-07-10T17:53:58.010000 54.732666 39.375 0
2025-07-10T17:53:59.012000 54.70700000000001 39.375 0
2025-07-10T17:54:00.010000 54.712634 39.375 0
2025-07-10T17:54:01.010000 54.732666 39.375 0
2025-07-10T17:54:02.011000 54.712634 39.375 0
2025-07-10T17:54:03.010000 54.735492000000015 39.375 0
2025-07-10T17:54:04.010000 54.72550800000001 39.375 0
2025-07-10T17:54:05.011000 54.735492000000015 39.375 0
2025-07-10T17:54:06.010000 54.72270000000001 39.375 0
2025-07-10T17:54:07.010000 54.72270000000001 39.375 0
2025-07-10T17:54:08.010000 54.72270000000001 39.375 0
2025-07-10T17:54:09.010000 54.725820000000006 39.375 0
2025-07-10T17:54:10.010000 54.7383 39.375 0
2025-07-10T17:54:11.010000 54.74142 39.375 0
2025-07-10T17:54:12.010000 54.75077999999999 39.375 0
2025-07-10T17:54:13.010000 54.7383 39.375 0
2025-07-10T17:54:14.012000 54.7383 39.375 0
2025-07-10T17:54:15.010000 54.7383 39.375 0
2025-07-10T17:54:16.010000 54.7383 39.375 0
2025-07-10T17:54:17.010000 54.741732 39.35375 0
2025-07-10T17:54:18.011000 54.750468 39.3125 0
2025-07-10T17:54:19.010000 54.741732 39.3125 0
2025-07-10T17:54:20.014000 54.753899999999994 39.3125 0
2025-07-10T17:54:21.010000 54.753899999999994 39.3125 0
2025-07-10T17:54:22.010000 54.753899999999994 39.3125 0
2025-07-10T17:54:23.010000 54.750468 39.3125 0
2025-07-10T17:54:24.010000 54.745164 39.3125 0
2025-07-10T17:54:25.010000 54.76950000000001 39.3125 0
2025-07-10T17:54:26.010000 54.765756 39.3125 0
2025-07-10T17:54:27.010000 54.757332 39.3125 0
2025-07-10T17:54:28.010000 54.776076 39.3125 0
2025-07-10T17:54:29.010000 54.78658 39.3125 0
2025-07-10T17:54:30.010000 54.757644 39.3125 0
2025-07-10T17:54:31.010000 54.77326800000001 39.3125 0
2025-07-10T17:54:32.010000 54.78520000000001 39.3125 0
2025-07-10T17:54:33.010000 54.781432 39.3125 0
2025-07-10T17:54:34.010000 54.76950000000001 39.3125 0
2025-07-10T17:54:35.010000 54.76950000000001 39.3125 0
2025-07-10T17:54:36.010000 54.772326 39.3125 0
2025-07-10T17:54:37.010000 54.78730600000001 39.3125 0
2025-07-10T17:54:38.010000 54.79690000000001 39.3125 0
2025-07-10T17:54:39.010000 54.79479400000001 39.3125 0
2025-07-10T17:54:40.010000 54.78237400000001 39.28125 0
2025-07-10T17:54:41.010000 54.772326 39.25 0
2025-07-10T17:54:42.010000 54.78237400000001 39.25 0
2025-07-10T17:54:43.010000 54.76950000000001 39.31125 0
2025-07-10T17:54:44.012000 54.76950000000001 39.3125 0
2025-07-10T17:54:45.010000 54.77264 39.285 0
2025-07-10T17:54:46.010000 54.78520000000001 39.25 0
2025-07-10T17:54:47.010000 54.78206 39.25 0
2025-07-10T17:54:48.010000 54.7781 39.25 0
2025-07-10T17:54:49.010000 54.809380000000004 39.25 0
2025-07-10T17:54:50.010000 54.79456000000001 39.25 0
2025-07-10T17:54:51.010000 54.78520000000001 39.25 0
2025-07-10T17:54:52.010000 54.793780000000005 39.25 0
2025-07-10T17:54:53.010000 54.82498 39.25 0
2025-07-10T17:54:54.010000 54.8125 39.25 0
2025-07-10T17:54:55.010000 54.8125 39.25 0
2025-07-10T17:54:56.010000 54.809067999999996 39.25 0
2025-07-10T17:54:57.010000 54.79432600000001 39.25 0
2025-07-10T17:54:58.010000 54.781746000000005 39.25 0
2025-07-10T17:54:59.010000 54.775528 39.25 0
2025-07-10T17:55:00.010000 54.79432600000001 39.25 0
2025-07-10T17:55:01.010000 54.781746000000005 39.25 0
2025-07-10T17:55:02.010000 54.766068 39.25 0
2025-07-10T17:55:03.010000 54.753899999999994 39.25 0
2025-07-10T17:55:04.010000 54.753899999999994 39.25 0
2025-07-10T17:55:05.010000 54.753899999999994 39.25 0
2025-07-10T17:55:06.010000 54.746412 39.25 0
2025-07-10T17:55:07.010000 54.72270000000001 39.25 0
2025-07-10T17:55:08.010000 54.72270000000001 39.25 0
2025-07-10T17:55:09.010000 54.718932 39.25 0
2025-07-10T17:55:10.010000 54.703256 39.24 0
2025-07-10T17:55:11.010000 54.695144 39.1875 0
2025-07-10T17:55:12.010000 54.703256 39.1875 0
2025-07-10T17:55:13.010000 54.695144 39.1875 0
2025-07-10T17:55:14.010000 54.707 39.1875 0
2025-07-10T17:55:15.010000 54.707 39.1875 0
2025-07-10T17:55:16.010000 54.70700000000001 39.1875 0
2025-07-10T17:55:17.010000 54.704192000000006 39.1875 0
2025-07-10T17:55:18.010000 54.694207999999996 39.1875 0
2025-07-10T17:55:19.010000 54.70700000000001 39.1875 0
2025-07-10T17:55:20.010000 54.709826 39.1875 0
2025-07-10T17:55:21.010000 54.716440000000006 39.1875 0
2025-07-10T17:55:22.010000 54.691399999999994 39.1875 0
2025-07-10T17:55:23.010000 54.69451999999999 39.1875 0
2025-07-10T17:55:24.010000 54.70388 39.1875 0
2025-07-10T17:55:25.010000 54.69451999999999 39.1875 0
2025-07-10T17:55:26.010000 54.71014 39.1875 0
2025-07-10T17:55:27.010000 54.716440000000006 39.1875 0
2025-07-10T17:55:28.010000 54.700779999999995 39.1875 0
2025-07-10T17:55:29.010000 54.73204 39.1875 0
2025-07-10T17:55:30.010000 54.70700000000001 39.1875 0
2025-07-10T17:55:31.010000 54.70388 39.1875 0
2025-07-10T17:55:32.010000 54.694832 39.1875 0
2025-07-10T17:55:33.010000 54.70700000000001 39.1875 0
2025-07-10T17:55:34.010000 54.70700000000001 39.1875 0
2025-07-10T17:55:35.010000 54.710454 39.1875 0
2025-07-10T17:55:36.010000 54.72270000000001 39.13875 0
2025-07-10T17:55:37.011000 54.719246000000005 39.125 0
2025-07-10T17:55:38.011000 54.710454 39.125 0
2025-07-10T17:55:39.010000 54.72270000000001 39.125 0
2025-07-10T17:55:40.011000 54.72270000000001 39.125 0
2025-07-10T17:55:41.010000 54.72270000000001 39.125 0
2025-07-10T17:55:42.010000 54.730188000000005 39.125 0
2025-07-10T17:55:43.010000 54.746412 39.125 0
2025-07-10T17:55:44.010000 54.72270000000001 39.125 0
2025-07-10T17:55:45.010000 54.730188000000005 39.125 0
2025-07-10T17:55:46.011000 54.746412 39.125 0
2025-07-10T17:55:47.010000 54.726444 39.125 0
2025-07-10T17:55:48.010000 54.7383 39.125 0
2025-07-10T17:55:49.010000 54.73455600000001 39.125 0
2025-07-10T17:55:50.010000 54.726444 39.125 0
2025-07-10T17:55:51.010000 54.745788000000005 39.125 0
2025-07-10T17:55:52.010000 54.765756 39.125 0
2025-07-10T17:55:53.010000 54.75109199999999 39.125 0
2025-07-10T17:55:54.010000 54.741108000000004 39.125 0
2025-07-10T17:55:55.010000 54.75109199999999 39.125 0
2025-07-10T17:55:56.010000 54.741108000000004 39.125 0
2025-07-10T17:55:57.010000 54.756707999999996 39.125 0
2025-07-10T17:55:58.010000 54.766692000000006 39.125 0
2025-07-10T17:55:59.010000 54.75701999999999 39.125 0
2025-07-10T17:56:00.010000 54.76638 39.125 0
2025-07-10T17:56:01.011000 54.75077999999999 39.125 0
2025-07-10T17:56:02.010000 54.74142 39.125 0
2025-07-10T17:56:03.010000 54.753899999999994 39.125 0
2025-07-10T17:56:04.011000 54.75077999999999 39.06875 0
2025-07-10T17:56:05.010000 54.7383 39.0625 0
2025-07-10T17:56:06.010000 54.74142 39.0625 0
2025-07-10T17:56:07.010000 54.75077999999999 39.0625 0
2025-07-10T17:56:08.010000 54.74142 39.0625 0
2025-07-10T17:56:09.010000 54.753899999999994 39.11375 0
2025-07-10T17:56:10.010000 54.753899999999994 39.125 0
2025-07-10T17:56:11.010000 54.753899999999994 39.10625 0
2025-07-10T17:56:12.010000 54.753899999999994 39.0625 0
2025-07-10T17:56:13.010000 54.753899999999994 39.0625 0
2025-07-10T17:56:14.010000 54.753899999999994 39.0625 0
2025-07-10T17:56:15.010000 54.750468 39.0625 0
2025-07-10T17:56:16.011000 54.741732 39.0625 0
2025-07-10T17:56:17.011000 54.750468 39.0625 0
2025-07-10T17:56:18.010000 54.741732 39.0625 0
2025-07-10T17:56:19.010000 54.750468 39.0625 0
2025-07-10T17:56:20.010000 54.745788000000005 39.0625 0
2025-07-10T17:56:21.010000 54.76950000000001 39.0625 0
2025-07-10T17:56:22.010000 54.765756 39.0625 0
2025-07-10T17:56:23.011000 54.753899999999994 39.0625 0
2025-07-10T17:56:24.010000 54.753899999999994 39.0625 0
2025-07-10T17:56:25.010000 54.757644 39.0625 0
2025-07-10T17:56:26.010000 54.765756 39.0625 0
2025-07-10T17:56:27.010000 54.753899999999994 39.0625 0
2025-07-10T17:56:28.010000 54.753899999999994 39.0625 0
2025-07-10T17:56:29.010000 54.753899999999994 39.0625 0
2025-07-10T17:56:30.011000 54.757644 39.0625 0
2025-07-10T17:56:31.010000 54.763884 39.0625 0
2025-07-10T17:56:32.010000 54.741108000000004 39.0625 0
2025-07-10T17:56:33.010000 54.75109199999999 39.0625 0
2025-07-10T17:56:34.010000 54.7383 39.0325 0
2025-07-10T17:56:35.010000 54.735492000000015 39.0 0
2025-07-10T17:56:36.010000 54.728316000000014 39.0 0
2025-07-10T17:56:37.010000 54.75077999999999 39.0 0
2025-07-10T17:56:38.010000 54.74142 39.0 0
2025-07-10T17:56:39.010000 54.753899999999994 39.0 0
2025-07-10T17:56:40.010000 54.75701999999999 39.0 0
2025-07-10T17:56:41.010000 54.76638 39.0 0
2025-07-10T17:56:42.010000 54.75077999999999 39.0 0
2025-07-10T17:56:43.010000 54.74454 39.0 0
2025-07-10T17:56:44.010000 54.76950000000001 39.0 0
2025-07-10T17:56:45.010000 54.76638 39.0 0
2025-07-10T17:56:46.010000 54.753899999999994 39.0 0
2025-07-10T17:56:47.010000 54.75701999999999 39.0 0
2025-07-10T17:56:48.010000 54.766068 39.0 0
2025-07-10T17:56:49.010000 54.76078600000001 39.0 0
2025-07-10T17:56:50.010000 54.781746000000005 39.0 0
2025-07-10T17:56:51.010000 54.76950000000001 39.0 0
2025-07-10T17:56:52.010000 54.76950000000001 39.0 0
2025-07-10T17:56:53.010000 54.76950000000001 39.0 0
2025-07-10T17:56:54.010000 54.772954 39.0 0
2025-07-10T17:56:55.011000 54.781746000000005 39.0 0
2025-07-10T17:56:56.010000 54.775528 39.0 0
2025-07-10T17:56:57.010000 54.79432600000001 39.0 0
2025-07-10T17:56:58.010000 54.78520000000001 39.0 0
2025-07-10T17:56:59.010000 54.777688000000005 39.0 0
2025-07-10T17:57:00.010000 54.757644 39.0 0
2025-07-10T17:57:01.010000 54.76950000000001 39.0 0
2025-07-10T17:57:02.010000 54.77326800000001 39.0 0
2025-07-10T17:57:03.010000 54.78520000000001 39.0 0
2025-07-10T17:57:04.010000 54.78520000000001 38.9975 2
2025-07-10T17:57:05.010000 54.781432 38.9375 2
2025-07-10T17:57:06.010000 54.776076 38.9375 2
2025-07-10T17:57:07.010000 54.790324 38.96875 2
2025-07-10T17:57:08.010000 54.77326800000001 39.0 0
2025-07-10T17:57:09.010000 54.78520000000001 39.0 0
2025-07-10T17:57:10.010000 54.78520000000001 39.0 16384
2025-07-10T17:57:11.010000 54.78730600000001 39.0 16384
2025-07-10T17:57:12.010000 54.7969 39.0 0
2025-07-10T17:57:13.009000 54.794835294117654 39.0 0
2025-07-10T17:57:14.010000 54.78730600000001 39.0 0
2025-07-10T17:57:15.010000 54.79690000000001 39.0 0
2025-07-10T17:57:16.010000 54.79456000000001 39.0 0
2025-07-10T17:57:17.010000 54.78754000000001 38.97875 2
2025-07-10T17:57:18.010000 54.79456000000001 38.9375 2
2025-07-10T17:57:19.010000 54.78754000000001 38.9375 2
2025-07-10T17:57:20.010000 54.79456000000001 38.9375 2
2025-07-10T17:57:21.010000 54.78206 38.9375 2
2025-07-10T17:57:22.010000 54.76950000000001 38.95375 2
2025-07-10T17:57:23.010000 54.76638 39.0 0
2025-07-10T17:57:24.010000 54.75701999999999 39.0 0
2025-07-10T17:57:25.012000 54.772954 38.955 2
2025-07-10T17:57:26.010000 54.787774 38.9375 2
2025-07-10T17:57:27.010000 54.79432600000001 38.9375 2
2025-07-10T17:57:28.010000 54.787774 38.9375 2
2025-07-10T17:57:29.011000 54.79432600000001 38.9375 2
2025-07-10T17:57:30.010000 54.78520000000001 38.9375 2
2025-07-10T17:57:31.010000 54.78520000000001 38.9375 2
2025-07-10T17:57:32.010000 54.787774 38.9375 2
2025-07-10T17:57:33.010000 54.79432600000001 38.9375 2
2025-07-10T17:57:34.010000 54.787774 38.9375 2
2025-07-10T17:57:35.010000 54.79432600000001 38.9375 2
2025-07-10T17:57:36.010000 54.781432 38.9375 2
2025-07-10T17:57:37.010000 54.76950000000001 38.9375 2
2025-07-10T17:57:38.010000 54.77326800000001 38.9375 2
2025-07-10T17:57:39.011000 54.788008 38.9375 2
2025-07-10T17:57:40.010000 54.794092000000006 38.9375 2
2025-07-10T17:57:41.010000 54.788008 38.9375 2
2025-07-10T17:57:42.010000 54.79690000000001 38.9375 2
2025-07-10T17:57:43.010000 54.794092000000006 38.9375 2
2025-07-10T17:57:44.010000 54.781432 38.9375 2
2025-07-10T17:57:45.010000 54.776076 38.9375 2
2025-07-10T17:57:46.010000 54.79690000000001 38.9375 2
2025-07-10T17:57:47.010000 54.79970800000001 38.9375 2
2025-07-10T17:57:48.010000 54.809692 38.9375 2
2025-07-10T17:57:49.010000 54.79970800000001 38.9375 2
2025-07-10T17:57:50.010000 54.809692 38.9075 2
2025-07-10T17:57:51.013000 54.79690000000001 38.875 2
2025-07-10T17:57:52.010000 54.79690000000001 38.875 2
2025-07-10T17:57:53.010000 54.79690000000001 38.875 2
2025-07-10T17:57:54.010000 54.79690000000001 38.875 2
2025-07-10T17:57:55.010000 54.80002 38.875 2
2025-07-10T17:57:56.010000 54.8125 38.875 2
2025-07-10T17:57:57.010000 54.809380000000004 38.875 2
2025-07-10T17:57:58.010000 54.79456000000001 38.9275 2
2025-07-10T17:57:59.010000 54.78520000000001 38.9375 2
2025-07-10T17:58:00.010000 54.78206 38.91625 2
2025-07-10T17:58:01.010000 54.77264 38.875 2
2025-07-10T17:58:02.010000 54.78520000000001 38.875 2
2025-07-10T17:58:03.010000 54.787774 38.875 2
2025-07-10T17:58:04.010000 54.79690000000001 38.875 2
2025-07-10T17:58:05.010000 54.79690000000001 38.875 2
2025-07-10T17:58:06.010000 54.79432600000001 38.875 2
2025-07-10T17:58:07.010000 54.787774 38.875 2
2025-07-10T17:58:08.010000 54.79432600000001 38.875 2
2025-07-10T17:58:09.010000 54.791206 38.875 2
2025-07-10T17:58:10.010000 54.809067999999996 38.875 2
2025-07-10T17:58:11.010000 54.800644000000005 38.875 2
2025-07-10T17:58:12.010000 54.8125 38.875 2
2025-07-10T17:58:13.011000 54.8125 38.875 2
2025-07-10T17:58:14.010000 54.808755999999995 38.875 2
2025-07-10T17:58:15.011000 54.794092000000006 38.875 2
2025-07-10T17:58:16.010000 54.788008 38.875 2
2025-07-10T17:58:17.010000 54.800644000000005 38.875 2
2025-07-10T17:58:18.010000 54.808755999999995 38.875 2
2025-07-10T17:58:19.010000 54.80438800000001 38.875 2
2025-07-10T17:58:20.010000 54.82061199999999 38.875 2
2025-07-10T17:58:21.010000 54.79690000000001 38.875 2
2025-07-10T17:58:22.010000 54.79690000000001 38.875 2
2025-07-10T17:58:23.010000 54.79690000000001 38.875 2
2025-07-10T17:58:24.010000 54.79690000000001 38.875 2
2025-07-10T17:58:25.010000 54.79690000000001 38.875 2
2025-07-10T17:58:26.010000 54.79479400000001 38.875 2
2025-07-10T17:58:27.010000 54.78520000000001 38.875 2
2025-07-10T17:58:28.010000 54.78520000000001 38.875 2
2025-07-10T17:58:29.010000 54.778940000000006 38.875 2
2025-07-10T17:58:30.010000 54.753899999999994 38.875 2
2025-07-10T17:58:31.010000 54.753899999999994 38.875 2
2025-07-10T17:58:32.010000 54.75701999999999 38.875 2
2025-07-10T17:58:33.010000 54.76950000000001 38.85125 2
2025-07-10T17:58:34.010000 54.76638 38.8125 2
2025-07-10T17:58:35.010000 54.753899999999994 38.8125 2
2025-07-10T17:58:36.010000 54.753899999999994 38.865 2
2025-07-10T17:58:37.010000 54.753899999999994 38.875 2
2025-07-10T17:58:38.010000 54.753899999999994 38.875 2
2025-07-10T17:58:39.010000 54.753899999999994 38.875 2
2025-07-10T17:58:40.010000 54.753899999999994 38.875 2
2025-07-10T17:58:41.010000 54.753899999999994 38.875 2
2025-07-10T17:58:42.010000 54.750468 38.875 2
2025-07-10T17:58:43.010000 54.7383 38.85875 2
2025-07-10T17:58:44.010000 54.7383 38.8125 2
2025-07-10T17:58:45.010000 54.7383 38.8125 2
2025-07-10T17:58:46.010000 54.7383 38.8125 2
2025-07-10T17:58:47.010000 54.7383 38.8125 2
2025-07-10T17:58:48.010000 54.7383 38.8125 2
2025-07-10T17:58:49.010000 54.73455600000001 38.8125 16386
2025-07-10T17:58:50.010000 54.72270000000001 38.8125 16386
2025-07-10T17:58:51.010000 54.726444 38.855 16386
2025-07-10T17:58:52.010000 54.73455600000001 38.875 16386
2025-07-10T17:58:53.010000 54.730188000000005 38.875 16386
2025-07-10T17:58:54.010000 54.753899999999994 38.875 2
2025-07-10T17:58:55.010000 54.738899999999994 38.875 2
2025-07-10T17:58:56.010000 54.702656 38.875 2
2025-07-10T17:58:57.010000 54.7383 38.875 2
2025-07-10T17:58:58.010000 54.73424400000001 38.86875 2
2025-07-10T17:58:59.010000 54.72270000000001 38.8125 2
2025-07-10T17:59:00.010000 54.72270000000001 38.8125 2
2025-07-10T17:59:01.012000 54.726756 38.8125 2
2025-07-10T17:59:02.010000 54.73424400000001 38.8125 2
2025-07-10T17:59:03.011000 54.728316000000014 38.815 2
2025-07-10T17:59:04.011000 54.75077999999999 38.875 2
2025-07-10T17:59:05.010000 54.7383 38.875 2
2025-07-10T17:59:06.010000 54.7383 38.84375 2
2025-07-10T17:59:07.010000 54.7383 38.8125 2
2025-07-10T17:59:08.010000 54.7383 38.8125 2
2025-07-10T17:59:09.011000 54.7383 38.8125 2
2025-07-10T17:59:10.010000 54.73518000000001 38.8125 2
2025-07-10T17:59:11.010000 54.725820000000006 38.8125 2
2025-07-10T17:59:12.010000 54.7383 38.8125 16386
2025-07-10T17:59:13.010000 54.73518000000001 38.8125 16386
2025-07-10T17:59:14.011000 54.72956400000001 38.8125 16386
2025-07-10T17:59:15.010000 54.750468 38.8125 16386
2025-07-10T17:59:16.010000 54.731414 38.83625 16386
2025-07-10T17:59:17.010000 54.710454 38.875 2
2025-07-10T17:59:18.010000 54.72270000000001 38.875 2
2025-07-10T17:59:19.010000 54.726132 38.875 2
2025-07-10T17:59:20.010000 54.734868000000006 38.875 2
2025-07-10T17:59:21.010000 54.72956400000001 38.85625 2
2025-07-10T17:59:22.010000 54.74703600000001 38.8125 2
2025-07-10T17:59:23.010000 54.726132 38.8125 2
2025-07-10T17:59:24.010000 54.7383 38.8125 2
2025-07-10T17:59:25.010000 54.7383 38.8125 2
2025-07-10T17:59:26.010000 54.73455600000001 38.8125 2
2025-07-10T17:59:27.010000 54.72270000000001 38.8125 2
2025-07-10T17:59:28.011000 54.718932 38.8125 2
2025-07-10T17:59:29.010000 54.71076800000001 38.8125 2
2025-07-10T17:59:30.010000 54.72270000000001 38.8125 2
2025-07-10T17:59:31.010000 54.718932 38.8125 2
2025-07-10T17:59:32.010000 54.70700000000001 38.8125 2
2025-07-10T17:59:33.010000 54.71076800000001 38.8125 2
2025-07-10T17:59:34.010000 54.718932 38.8125 2
2025-07-10T17:59:35.010000 54.715138 38.8125 2
2025-07-10T17:59:36.010000 54.73424400000001 38.8125 2
2025-07-10T17:59:37.010000 54.72270000000001 38.8125 2
2025-07-10T17:59:38.010000 54.72270000000001 38.8125 2
2025-07-10T17:59:39.010000 54.72270000000001 38.8125 16386
2025-07-10T17:59:40.010000 54.72270000000001 38.8125 16386
2025-07-10T17:59:41.010000 54.726756 38.8125 16386
2025-07-10T17:59:42.010000 54.73204 38.8125 16386
2025-07-10T17:59:43.010000 54.71014 38.8125 16386
2025-07-10T17:59:44.010000 54.71956 38.84375 16386
2025-07-10T17:59:45.010000 54.71014 38.875 2
2025-07-10T17:59:46.010000 54.72270000000001 38.875 2
2025-07-10T17:59:47.010000 54.72270000000001 38.875 2
2025-07-10T17:59:48.011000 54.725820000000006 38.875 2
2025-07-10T17:59:49.010000 54.7383 38.84625 2
2025-07-10T17:59:50.010000 54.73518000000001 38.8125 2
2025-07-10T17:59:51.010000 54.72270000000001 38.8125 2
2025-07-10T17:59:52.010000 54.72270000000001 38.8125 2
2025-07-10T17:59:53.010000 54.719246000000005 38.8125 2
2025-07-10T17:59:54.011000 54.710454 38.8125 2
2025-07-10T17:59:55.011000 54.72270000000001 38.8125 2
2025-07-10T17:59:56.010000 54.719246000000005 38.8125 2
2025-07-10T17:59:57.010000 54.713886 38.8125 2
2025-07-10T17:59:58.010000 54.734868000000006 38.8125 2
2025-07-10T17:59:59.011000 54.72270000000001 38.8125 2
2025-07-10T18:00:00.010000 54.726132 38.8125 2
2025-07-10T18:00:01.010000 54.7383 38.8125 2
2025-07-10T18:00:02.011000 54.7383 38.8125 2
2025-07-10T18:00:03.010000 54.7383 38.8125 2
2025-07-10T18:00:04.010000 54.73455600000001 38.8125 2
2025-07-10T18:00:05.010000 54.72270000000001 38.8125 16386
2025-07-10T18:00:06.011000 54.726444 38.8125 16386
2025-07-10T18:00:07.010000 54.73455600000001 38.8125 16386
2025-07-10T18:00:08.010000 54.726444 38.8125 16386
2025-07-10T18:00:09.010000 54.7383 38.82875 16386
2025-07-10T18:00:10.011000 54.7383 38.875 2
2025-07-10T18:00:11.010000 54.74204400000001 38.875 2
2025-07-10T18:00:12.010000 54.753899999999994 38.875 16386
2025-07-10T18:00:13.010000 54.753899999999994 38.875 16386
2025-07-10T18:00:14.011000 54.753899999999994 38.865 16386
2025-07-10T18:00:15.010000 54.753899999999994 38.8125 2
2025-07-10T18:00:16.010000 54.753899999999994 38.8125 2
2025-07-10T18:00:17.010000 54.753899999999994 38.8525 2
2025-07-10T18:00:18.010000 54.753899999999994 38.875 2
2025-07-10T18:00:19.010000 54.753899999999994 38.875 2
2025-07-10T18:00:20.010000 54.75701999999999 38.875 16386
2025-07-10T18:00:21.010000 54.76638 38.875 16386
2025-07-10T18:00:22.011000 54.75682499999999 38.875 16386
2025-07-10T18:00:23.010000 54.7695 38.875 2
2025-07-10T18:00:24.010000 54.76950000000001 38.875 2
2025-07-10T18:00:25.010000 54.76950000000001 38.875 2
2025-07-10T18:00:26.011000 54.76638 38.875 2
2025-07-10T18:00:27.010000 54.753899999999994 38.875 2
2025-07-10T18:00:28.010000 54.75077999999999 38.875 2
2025-07-10T18:00:29.010000 54.741732 38.875 2
2025-07-10T18:00:30.010000 54.753899999999994 38.875 2
2025-07-10T18:00:31.010000 54.753899999999994 38.875 2
2025-07-10T18:00:32.010000 54.750468 38.875 2
2025-07-10T18:00:33.010000 54.7383 38.875 2
2025-07-10T18:00:34.011000 54.734868000000006 38.875 2
2025-07-10T18:00:35.010000 54.72270000000001 38.875 2
2025-07-10T18:00:36.013000 54.726132 38.875 2
2025-07-10T18:00:37.010000 54.73455600000001 38.875 2
2025-07-10T18:00:38.010000 54.726132 38.875 2
2025-07-10T18:00:39.010000 54.730788000000004 38.875 2
2025-07-10T18:00:40.010000 54.71076800000001 38.875 2
2025-07-10T18:00:41.010000 54.72270000000001 38.875 2
2025-07-10T18:00:42.010000 54.726444 38.875 2
2025-07-10T18:00:43.010000 54.73455600000001 38.875 16386
2025-07-10T18:00:44.010000 54.726444 38.875 16386
2025-07-10T18:00:45.011000 54.7383 38.875 16386
2025-07-10T18:00:46.010000 54.73455600000001 38.875 16386
2025-07-10T18:00:47.010000 54.72270000000001 38.89125 16386
2025-07-10T18:00:48.011000 54.726756 38.9375 16386
2025-07-10T18:00:49.014000 54.73455600000001 38.9375 16386
2025-07-10T18:00:50.010000 54.72270000000001 38.9375 16386
2025-07-10T18:00:51.010000 54.726756 38.9375 16386
2025-07-10T18:00:52.010000 54.73424400000001 38.9375 16386
2025-07-10T18:00:53.010000 54.72270000000001 38.9375 2
2025-07-10T18:00:54.010000 54.726756 38.9375 2
2025-07-10T18:00:55.011000 54.7383 38.9375 2
2025-07-10T18:00:56.010000 54.73424400000001 38.9375 2
2025-07-10T18:00:57.010000 54.726756 38.9375 2
2025-07-10T18:00:58.010000 54.7383 38.9375 2
2025-07-10T18:00:59.010000 54.7383 38.9375 2
2025-07-10T18:01:00.010000 54.7383 38.9375 2
2025-07-10T18:01:01.010000 54.7383 38.9375 2
2025-07-10T18:01:02.010000 54.7383 38.9375 2
2025-07-10T18:01:03.013000 54.7383 38.9375 2
2025-07-10T18:01:04.010000 54.734868000000006 38.9375 2
2025-07-10T18:01:05.011000 54.725820000000006 38.9375 2
2025-07-10T18:01:06.010000 54.7383 38.9375 2
2025-07-10T18:01:07.010000 54.741732 38.9375 2
2025-07-10T18:01:08.011000 54.74703600000001 38.9375 2
2025-07-10T18:01:09.010000 54.719246000000005 38.9375 2
2025-07-10T18:01:10.010000 54.703568 38.9375 2
2025-07-10T18:01:11.010000 54.691399999999994 38.9375 2
2025-07-10T18:01:12.010000 54.691399999999994 38.9375 2
2025-07-10T18:01:13.010000 54.691399999999994 38.9375 2
2025-07-10T18:01:14.010000 54.691399999999994 38.9375 2
2025-07-10T18:01:15.010000 54.695144 38.9375 16386
2025-07-10T18:01:16.013000 54.70700000000001 38.9375 16386
2025-07-10T18:01:17.010000 54.70700000000001 38.9375 16386
2025-07-10T18:01:18.011000 54.703256 38.9375 16386
2025-07-10T18:01:19.010000 54.698912 38.9375 16386
2025-07-10T18:01:20.012000 54.715188000000005 38.96 16386
2025-07-10T18:01:21.010000 54.68859200000001 39.0 16384
2025-07-10T18:01:22.010000 54.67970000000001 39.0 16384
2025-07-10T18:01:23.010000 54.682508 39.0 16384
2025-07-10T18:01:24.010000 54.691399999999994 39.0 16384
2025-07-10T18:01:25.010000 54.691399999999994 39.0 16384
2025-07-10T18:01:26.010000 54.68835800000001 39.0 0
2025-07-10T18:01:27.010000 54.682742 39.0 0
2025-07-10T18:01:28.010000 54.68835800000001 39.0 0
2025-07-10T18:01:29.010000 54.67970000000001 39.0 0
2025-07-10T18:01:30.010000 54.682742 39.0 0
2025-07-10T18:01:31.010000 54.68835800000001 39.0 0
2025-07-10T18:01:32.010000 54.682742 39.0 0
2025-07-10T18:01:33.010000 54.691399999999994 39.0 16384
2025-07-10T18:01:34.010000 54.68835800000001 39.0 16384
2025-07-10T18:01:35.010000 54.67970000000001 39.0 16384
2025-07-10T18:01:36.010000 54.68204 39.0 16384
2025-07-10T18:01:37.010000 54.691399999999994 39.0 16384
2025-07-10T18:01:38.010000 54.68906000000001 39.04125 16384
2025-07-10T18:01:39.010000 54.67970000000001 39.0625 0
2025-07-10T18:01:40.010000 54.67970000000001 39.0625 0
2025-07-10T18:01:41.010000 54.676580000000016 39.0625 16384
2025-07-10T18:01:42.010000 54.66722 39.0625 16384
2025-07-10T18:01:43.010000 54.682274 39.025 16384
2025-07-10T18:01:44.010000 54.691399999999994 39.0 0
2025-07-10T18:01:45.010000 54.688826000000006 39.00375 0
2025-07-10T18:01:46.010000 54.682274 39.0625 0
2025-07-10T18:01:47.010000 54.691399999999994 39.0625 0
2025-07-10T18:01:48.010000 54.688826000000006 39.0625 16384
2025-07-10T18:01:49.010000 54.682274 39.0625 16384
2025-07-10T18:01:50.010000 54.691399999999994 39.0625 16384
2025-07-10T18:01:51.010000 54.694832 39.0625 0
2025-07-10T18:01:52.010000 54.70700000000001 39.0625 0
2025-07-10T18:01:53.010000 54.703256 39.0625 0
2025-07-10T18:01:54.010000 54.695144 39.0625 0
2025-07-10T18:01:55.010000 54.707 39.0625 0
2025-07-10T18:01:56.006000 54.706999999999994 39.0625 0
2025-07-10T18:01:57.010000 54.70700000000001 39.0625 0
2025-07-10T18:01:58.010000 54.70700000000001 39.0625 0
2025-07-10T18:01:59.010000 54.70700000000001 39.0625 16384
2025-07-10T18:02:00.010000 54.70700000000001 39.0625 16384
2025-07-10T18:02:01.010000 54.71076800000001 39.0625 0
2025-07-10T18:02:02.011000 54.718932 39.0625 0
2025-07-10T18:02:03.010000 54.70700000000001 39.08125 0
2025-07-10T18:02:04.010000 54.711082000000005 39.125 16384
2025-07-10T18:02:05.010000 54.72270000000001 39.125 16384
2025-07-10T18:02:06.010000 54.718618000000006 39.0775 16384
2025-07-10T18:02:07.010000 54.70700000000001 39.0625 16384
2025-07-10T18:02:08.010000 54.70700000000001 39.0775 16384
2025-07-10T18:02:09.010000 54.715138 39.125 0
2025-07-10T18:02:10.011000 54.73424400000001 39.125 0
2025-07-10T18:02:11.010000 54.72270000000001 39.125 16384
2025-07-10T18:02:12.010000 54.72270000000001 39.125 16384
2025-07-10T18:02:13.010000 54.726756 39.125 16384
2025-07-10T18:02:14.010000 54.73518000000001 39.125 0
2025-07-10T18:02:15.010000 54.725820000000006 39.125 0
2025-07-10T18:02:16.010000 54.7383 39.125 0
2025-07-10T18:02:17.010000 54.73518000000001 39.125 0
2025-07-10T18:02:18.010000 54.725820000000006 39.125 0
2025-07-10T18:02:19.011000 54.7383 39.125 0
2025-07-10T18:02:20.010000 54.7383 39.125 0
2025-07-10T18:02:21.010000 54.741732 39.125 0
2025-07-10T18:02:22.010000 54.750468 39.125 0
2025-07-10T18:02:23.010000 54.7383 39.125 0
2025-07-10T18:02:24.010000 54.741732 39.125 16384
2025-07-10T18:02:25.010000 54.753899999999994 39.125 16384
2025-07-10T18:02:26.010000 54.750468 39.125 16384
2025-07-10T18:02:27.010000 54.7383 39.125 16384
2025-07-10T18:02:28.010000 54.741732 39.125 16384
2025-07-10T18:02:29.010000 54.750468 39.1875 16384
2025-07-10T18:02:30.010000 54.74861800000001 39.1875 16384
2025-07-10T18:02:31.010000 54.773944 39.1875 16384
2025-07-10T18:02:32.010000 54.7383 39.1875 16384
2025-07-10T18:02:33.010000 54.7383 39.1875 16384
2025-07-10T18:02:34.011000 54.7383 39.1875 0
2025-07-10T18:02:35.010000 54.7383 39.1875 0
2025-07-10T18:02:36.010000 54.7383 39.1875 0
2025-07-10T18:02:37.010000 54.746100000000006 39.1875 0
2025-07-10T18:02:38.010000 54.765756 39.1875 0
2025-07-10T18:02:39.010000 54.750156 39.1875 0
2025-07-10T18:02:40.010000 54.74204400000001 39.1875 0
2025-07-10T18:02:41.010000 54.757644 39.1875 0
2025-07-10T18:02:42.010000 54.765443999999995 39.1875 16384
2025-07-10T18:02:43.010000 54.753899999999994 39.1875 16384
2025-07-10T18:02:44.010000 54.75803877551021 39.1875 16384
2025-07-10T18:02:45.010000 54.765275 39.1875 16384
2025-07-10T18:02:46.010000 54.753899999999994 39.20375 16384
2025-07-10T18:02:47.010000 54.762038000000004 39.25 16384
2025-07-10T18:02:48.010000 54.77706200000001 39.25 16384
2025-07-10T18:02:49.010000 54.75795599999999 39.25 16384
2025-07-10T18:02:50.010000 54.773582000000005 39.25 16384
2025-07-10T18:02:51.010000 54.77706200000001 39.25 16384
2025-07-10T18:02:52.010000 54.753899999999994 39.25 0
2025-07-10T18:02:53.010000 54.75701999999999 39.25 0
2025-07-10T18:02:54.010000 54.76638 39.25 16384
2025-07-10T18:02:55.010000 54.75701999999999 39.25 16384
2025-07-10T18:02:56.010000 54.76950000000001 39.25 16384
2025-07-10T18:02:57.010000 54.76950000000001 39.25 16384
2025-07-10T18:02:58.010000 54.76950000000001 39.25 16384
2025-07-10T18:02:59.010000 54.772954 39.2875 16384
2025-07-10T18:03:00.010000 54.781746000000005 39.3125 16384
2025-07-10T18:03:01.010000 54.76950000000001 39.3125 16384
2025-07-10T18:03:02.010000 54.772954 39.3125 16384
2025-07-10T18:03:03.010000 54.78520000000001 39.3125 16384
2025-07-10T18:03:04.010000 54.78520000000001 39.3125 16384
2025-07-10T18:03:05.010000 54.787774 39.3125 0
2025-07-10T18:03:06.010000 54.79432600000001 39.3125 0
2025-07-10T18:03:07.010000 54.787774 39.3125 0
2025-07-10T18:03:08.011000 54.79690000000001 39.3125 0
2025-07-10T18:03:09.010000 54.79690000000001 39.3125 0
2025-07-10T18:03:10.010000 54.79690000000001 39.3125 0
2025-07-10T18:03:11.010000 54.79690000000001 39.3125 0
2025-07-10T18:03:12.010000 54.79690000000001 39.3125 0
2025-07-10T18:03:13.010000 54.79690000000001 39.3125 0
2025-07-10T18:03:14.010000 54.800644000000005 39.3125 16384
2025-07-10T18:03:15.010000 54.808755999999995 39.3125 16384
2025-07-10T18:03:16.010000 54.79690000000001 39.3125 16384
2025-07-10T18:03:17.010000 54.800644000000005 39.3125 16384
2025-07-10T18:03:18.010000 54.808755999999995 39.3125 16384
2025-07-10T18:03:19.010000 54.800644000000005 39.33375 16384
2025-07-10T18:03:20.010000 54.8125 39.375 16384
2025-07-10T18:03:21.010000 54.816556 39.375 16384
2025-07-10T18:03:22.010000 54.824043999999994 39.375 16384
2025-07-10T18:03:23.011000 54.816556 39.375 16384
2025-07-10T18:03:24.010000 54.82427959183673 39.375 16384
2025-07-10T18:03:25.010000 54.8125 39.375 0
2025-07-10T18:03:26.010000 54.816556 39.375 0
2025-07-10T18:03:27.010000 54.82809999999999 39.375 0
2025-07-10T18:03:28.010000 54.824043999999994 39.375 0
2025-07-10T18:03:29.010000 54.820638 39.375 0
2025-07-10T18:03:30.010000 54.835036 39.375 0
2025-07-10T18:03:31.010000 54.815619999999996 39.375 0
2025-07-10T18:03:32.010000 54.82498 39.375 16384
2025-07-10T18:03:33.010000 54.815619999999996 39.375 16384
2025-07-10T18:03:34.010000 54.82809999999999 39.375 16384
2025-07-10T18:03:35.010000 54.82809999999999 39.375 16384
2025-07-10T18:03:36.010000 54.82809999999999 39.375 16384
2025-07-10T18:03:37.010000 54.824668 39.41 16384
2025-07-10T18:03:38.010000 54.8125 39.4375 16384
2025-07-10T18:03:39.010000 54.8125 39.4375 16384
2025-07-10T18:03:40.010000 54.8125 39.4375 16384
2025-07-10T18:03:41.010000 54.815932000000004 39.4375 16384
2025-07-10T18:03:42.010000 54.82123599999999 39.4375 16384
2025-07-10T18:03:43.010000 54.79690000000001 39.4375 0
2025-07-10T18:03:44.010000 54.79432600000001 39.4375 0
2025-07-10T18:03:45.010000 54.787774 39.4375 0
2025-07-10T18:03:46.010000 54.794092000000006 39.4375 0
2025-07-10T18:03:47.010000 54.781432 39.4375 16384
2025-07-10T18:03:48.010000 54.77326800000001 39.4375 16384
2025-07-10T18:03:49.010000 54.788008 39.4375 16384
2025-07-10T18:03:50.010000 54.790324 39.4375 0
2025-07-10T18:03:51.010000 54.76950000000001 39.4375 0
2025-07-10T18:03:52.010000 54.77326800000001 39.46125 16384
2025-07-10T18:03:53.010000 54.78520000000001 39.5 16384
2025-07-10T18:03:54.010000 54.791752 39.5 16384
2025-07-10T18:03:55.010000 54.808755999999995 39.4475 16384
2025-07-10T18:03:56.010000 54.794092000000006 39.4375 16384
2025-07-10T18:03:57.010000 54.78520000000001 39.4575 16384
2025-07-10T18:03:58.010000 54.788242 39.5 0
2025-07-10T18:03:59.010000 54.789776 39.5 0
2025-07-10T18:04:00.010000 54.776624 39.5 16384
2025-07-10T18:04:01.010000 54.800956000000006 39.5 16384
2025-07-10T18:04:02.010000 54.805402000000015 39.5 16384
2025-07-10T18:04:03.010000 54.78520000000001 39.5 0
2025-07-10T18:04:04.010000 54.79229800000001 39.5 0
2025-07-10T18:04:05.011000 54.8125 39.5 0
2025-07-10T18:04:06.010000 54.805402000000015 39.5 0
2025-07-10T18:04:07.010000 54.79229800000001 39.5 0
2025-07-10T18:04:08.010000 54.805402000000015 39.5 16384
2025-07-10T18:04:09.010000 54.78754000000001 39.5 16384
2025-07-10T18:04:10.010000 54.79690000000001 39.5 16384
2025-07-10T18:04:11.012000 54.79456000000001 39.5 0
2025-07-10T18:04:12.010000 54.778940000000006 39.51 0
2025-07-10T18:04:13.010000 54.757332 39.5625 0
2025-07-10T18:04:14.010000 54.772954 39.5625 0
2025-07-10T18:04:15.010000 54.78520000000001 39.52375 16384
2025-07-10T18:04:16.010000 54.781746000000005 39.5 16384
2025-07-10T18:04:17.010000 54.772954 39.5 16384
2025-07-10T18:04:18.010000 54.78520000000001 39.5 0
2025-07-10T18:04:19.010000 54.78520000000001 39.5 0
2025-07-10T18:04:20.012000 54.781746000000005 39.535 16384
2025-07-10T18:04:21.010000 54.76950000000001 39.5625 16384
2025-07-10T18:04:22.010000 54.76950000000001 39.5625 16384
2025-07-10T18:04:23.010000 54.766068 39.5625 16384
2025-07-10T18:04:24.010000 54.757644 39.5625 16384
2025-07-10T18:04:25.010000 54.765756 39.5625 16384
2025-07-10T18:04:26.010000 54.746412 39.5625 0
2025-07-10T18:04:27.010000 54.730188000000005 39.5625 0
2025-07-10T18:04:28.010000 54.750156 39.5625 0
2025-07-10T18:04:29.010000 54.745788000000005 39.5625 0
2025-07-10T18:04:30.010000 54.765756 39.5625 0
2025-07-10T18:04:31.010000 54.761412 39.5625 0
2025-07-10T18:04:32.010000 54.777688000000005 39.5625 0
2025-07-10T18:04:33.010000 54.757644 39.5625 0
2025-07-10T18:04:34.010000 54.765443999999995 39.5625 0
2025-07-10T18:04:35.010000 54.75795599999999 39.5625 0
2025-07-10T18:04:36.010000 54.76950000000001 39.5625 16384
2025-07-10T18:04:37.011000 54.76950000000001 39.5625 16384
2025-07-10T18:04:38.010000 54.765443999999995 39.5625 16384
2025-07-10T18:04:39.010000 54.762038000000004 39.5625 16384
2025-07-10T18:04:40.012000 54.781118000000006 39.58 16384
2025-07-10T18:04:41.010000 54.773582000000005 39.625 16384
2025-07-10T18:04:42.023000 54.788242 39.625 16384
2025-07-10T18:04:43.010000 54.789776 39.625 16384
2025-07-10T18:04:44.010000 54.76950000000001 39.625 16384
2025-07-10T18:04:45.010000 54.77389600000001 39.625 16384
2025-07-10T18:04:46.010000 54.78520000000001 39.625 0
2025-07-10T18:04:47.010000 54.78520000000001 39.625 0
2025-07-10T18:04:48.010000 54.78520000000001 39.625 0
2025-07-10T18:04:49.010000 54.78520000000001 39.625 0
2025-07-10T18:04:50.010000 54.78520000000001 39.625 0
2025-07-10T18:04:51.010000 54.787774 39.625 0
2025-07-10T18:04:52.010000 54.79690000000001 39.625 0
2025-07-10T18:04:53.017000 54.79690000000001 39.625 0
2025-07-10T18:04:54.010000 54.79432600000001 39.625 0
2025-07-10T18:04:55.010000 54.787774 39.625 0
2025-07-10T18:04:56.010000 54.800332 39.625 0
2025-07-10T18:04:57.010000 54.809067999999996 39.625 0
2025-07-10T18:04:58.010000 54.800332 39.625 0
2025-07-10T18:04:59.010000 54.815932000000004 39.625 0
2025-07-10T18:05:00.010000 54.824355999999995 39.625 0
2025-07-10T18:05:01.010000 54.808755999999995 39.625 16384
2025-07-10T18:05:02.010000 54.80438800000001 39.625 16384
2025-07-10T18:05:03.010000 54.824355999999995 39.625 16384
2025-07-10T18:05:04.010000 54.816244000000005 39.625 16384
2025-07-10T18:05:05.010000 54.82809999999999 39.625 16384
2025-07-10T18:05:06.010000 54.83561199999999 39.68375 0
2025-07-10T18:05:07.011000 54.85188800000001 39.6875 0
2025-07-10T18:05:08.010000 54.82809999999999 39.6875 16384
2025-07-10T18:05:09.010000 54.82809999999999 39.6875 16384
2025-07-10T18:05:10.010000 54.82809999999999 39.6875 16384
2025-07-10T18:05:11.010000 54.832181999999996 39.6325 0
2025-07-10T18:05:12.010000 54.847856 39.625 0
2025-07-10T18:05:13.010000 54.855655999999996 39.6475 0
2025-07-10T18:05:14.010000 54.839718000000005 39.6875 0
2025-07-10T18:05:15.010000 54.832181999999996 39.6875 0
2025-07-10T18:05:16.010000 54.839718000000005 39.6875 16384
2025-07-10T18:05:17.010000 54.84029399999999 39.6875 16384
2025-07-10T18:05:18.010000 54.875 39.6875 16384
2025-07-10T18:05:19.010000 54.870944 39.6875 0
2025-07-10T18:05:20.015000 54.855344 39.6875 0
2025-07-10T18:05:21.010000 54.84816800000001 39.6875 0
2025-07-10T18:05:22.010000 54.855032 39.6875 0
2025-07-10T18:05:23.010000 54.843799999999995 39.6875 0
2025-07-10T18:05:24.010000 54.84816800000001 39.6875 0
2025-07-10T18:05:25.010000 54.862832 39.6875 0
2025-07-10T18:05:26.010000 54.878432000000004 39.6875 0
2025-07-10T18:05:27.010000 54.89059999999999 39.6875 0
2025-07-10T18:05:28.010000 54.88373599999999 39.6875 0
2025-07-10T18:05:29.010000 54.862832 39.6875 0
2025-07-10T18:05:30.010000 54.875 39.6875 0
2025-07-10T18:05:31.010000 54.875 39.6875 0
2025-07-10T18:05:32.011000 54.875 39.6875 0
2025-07-10T18:05:33.010000 54.875 39.6875 0
2025-07-10T18:05:34.010000 54.878432000000004 39.6875 0
2025-07-10T18:05:35.010000 54.89059999999999 39.6875 0
2025-07-10T18:05:36.010000 54.89059999999999 39.6875 0
2025-07-10T18:05:37.010000 54.886855999999995 39.6875 0
2025-07-10T18:05:38.010000 54.875 39.6875 0
2025-07-10T18:05:39.010000 54.882488 39.6875 0
2025-07-10T18:05:40.011000 54.902456 39.6875 0
2025-07-10T18:05:41.010000 54.886855999999995 39.6875 0
2025-07-10T18:05:42.010000 54.882488 39.6875 0
2025-07-10T18:05:43.010000 54.902456 39.6875 0
2025-07-10T18:05:44.010000 54.89059999999999 39.6875 0
2025-07-10T18:05:45.010000 54.89059999999999 39.6875 0
2025-07-10T18:05:46.010000 54.88311199999999 39.6875 16384
2025-07-10T18:05:47.010000 54.863144000000005 39.6875 16384
2025-07-10T18:05:48.010000 54.879056 39.6875 16384
2025-07-10T18:05:49.010000 54.886543999999994 39.6875 0
2025-07-10T18:05:50.010000 54.879056 39.6875 0
2025-07-10T18:05:51.010000 54.886543999999994 39.70875 0
2025-07-10T18:05:52.010000 54.879056 39.75 16384
2025-07-10T18:05:53.010000 54.89059999999999 39.75 16384
2025-07-10T18:05:54.010000 54.882487999999995 39.69875 16384
2025-07-10T18:05:55.011000 54.855344 39.6875 16384
2025-07-10T18:05:56.010000 54.843799999999995 39.705 16384
2025-07-10T18:05:57.010000 54.83566199999999 39.75 0
2025-07-10T18:05:58.010000 54.808275 39.75 0
2025-07-10T18:05:59.010000 54.79355714285715 39.75 16384
2025-07-10T18:06:00.010000 54.78080400000001 39.75 16384
2025-07-10T18:06:01.010000 54.77389600000001 39.75 16384
2025-07-10T18:06:02.010000 54.78520000000001 39.75 0
2025-07-10T18:06:03.010000 54.78520000000001 39.75 0
2025-07-10T18:06:04.011000 54.78520000000001 39.75 0
2025-07-10T18:06:05.010000 54.781746000000005 39.75 0
2025-07-10T18:06:06.010000 54.772954 39.74 0
2025-07-10T18:06:07.010000 54.781746000000005 39.6875 0
2025-07-10T18:06:08.011000 54.766068 39.6875 0
2025-07-10T18:06:09.010000 54.757332 39.72625 0
2025-07-10T18:06:10.010000 54.766068 39.75 0
2025-07-10T18:06:11.010000 54.753899999999994 39.75 0
2025-07-10T18:06:12.010000 54.74703600000001 39.75 16384
2025-07-10T18:06:13.010000 54.72270000000001 39.75 16384
2025-07-10T18:06:14.010000 54.72270000000001 39.75 16384
2025-07-10T18:06:15.010000 54.715188000000005 39.75 0
2025-07-10T18:06:16.010000 54.691399999999994 39.75 0
2025-07-10T18:06:17.010000 54.691399999999994 39.75 0
2025-07-10T18:06:18.011000 54.691399999999994 39.75 0
2025-07-10T18:06:19.010000 54.695144 39.75 0
2025-07-10T18:06:20.010000 54.703256 39.75 0
2025-07-10T18:06:21.010000 54.691399999999994 39.75 0
2025-07-10T18:06:22.010000 54.691399999999994 39.75 0
2025-07-10T18:06:23.010000 54.695299999999996 39.75 0
2025-07-10T18:06:24.010000 54.702861224489794 39.75 0
2025-07-10T18:06:25.010000 54.68835800000001 39.75 0
2025-07-10T18:06:26.010000 54.686797999999996 39.75 0
2025-07-10T18:06:27.010000 54.702943999999995 39.75 0
2025-07-10T18:06:28.010000 54.691399999999994 39.75 0
2025-07-10T18:06:29.010000 54.691399999999994 39.75 0
2025-07-10T18:06:30.010000 54.69545599999999 39.75 0
2025-07-10T18:06:31.010000 54.711082000000005 39.75 0
2025-07-10T18:06:32.010000 54.72270000000001 39.75 0
2025-07-10T18:06:33.010000 54.72270000000001 39.75 0
2025-07-10T18:06:34.011000 54.71830400000001 39.75 0
2025-07-10T18:06:35.010000 54.71139600000001 39.75 0
2025-07-10T18:06:36.010000 54.71830400000001 39.75 0
2025-07-10T18:06:37.010000 54.70700000000001 39.75 0
2025-07-10T18:06:38.010000 54.71139600000001 39.75 0
2025-07-10T18:06:39.010000 54.72270000000001 39.75 0
2025-07-10T18:06:40.010000 54.72270000000001 39.75 0
2025-07-10T18:06:41.011000 54.72270000000001 39.75 0
2025-07-10T18:06:42.010000 54.72270000000001 39.75 0
2025-07-10T18:06:43.010000 54.72270000000001 39.75 0
2025-07-10T18:06:44.010000 54.726132 39.75 0
2025-07-10T18:06:45.010000 54.734868000000006 39.75 0
2025-07-10T18:06:46.010000 54.726132 39.75 0
2025-07-10T18:06:47.010000 54.741732 39.75 0
2025-07-10T18:06:48.010000 54.750468 39.75 0
2025-07-10T18:06:49.010000 54.7383 39.75 0
2025-07-10T18:06:50.010000 54.7383 39.75 0
2025-07-10T18:06:51.010000 54.74204400000001 39.75 0
2025-07-10T18:06:52.010000 54.753899999999994 39.75 0
2025-07-10T18:06:53.010000 54.753899999999994 39.75 0
2025-07-10T18:06:54.010000 54.757644 39.75 0
2025-07-10T18:06:55.010000 54.76950000000001 39.75 0
2025-07-10T18:06:56.010000 54.76950000000001 39.75 0
2025-07-10T18:06:57.010000 54.76950000000001 39.75 0
2025-07-10T18:06:58.010000 54.77326800000001 39.75 0
2025-07-10T18:06:59.010000 54.781432 39.75 0
2025-07-10T18:07:00.010000 54.76950000000001 39.75 0
2025-07-10T18:07:01.010000 54.76950000000001 39.75 0
2025-07-10T18:07:02.010000 54.773582000000005 39.73 0
2025-07-10T18:07:03.010000 54.78520000000001 39.6875 0
2025-07-10T18:07:04.010000 54.788242 39.6875 0
2025-07-10T18:07:05.010000 54.789776 39.6875 0
2025-07-10T18:07:06.010000 54.773582000000005 39.6875 0
2025-07-10T18:07:07.010000 54.78520000000001 39.705 16384
2025-07-10T18:07:08.010000 54.78520000000001 39.75 16384
2025-07-10T18:07:09.010000 54.79229800000001 39.75 16384
2025-07-10T18:07:10.010000 54.80813199999999 39.75 16384
2025-07-10T18:07:11.010000 54.79385800000001 39.75 16384
2025-07-10T18:07:12.011000 54.792844 39.75 16384
2025-07-10T18:07:13.010000 54.80813199999999 39.75 0
2025-07-10T18:07:14.010000 54.79690000000001 39.75 0
2025-07-10T18:07:15.010000 54.79690000000001 39.75 0
2025-07-10T18:07:16.010000 54.79690000000001 39.75 0
2025-07-10T18:07:17.010000 54.801268 39.75 0
2025-07-10T18:07:18.010000 54.80804285714285 39.75 0
2025-07-10T18:07:19.031000 54.7969 39.75 0
2025-07-10T18:07:20.010000 54.800332 39.71375 0
2025-07-10T18:07:21.010000 54.809067999999996 39.6875 0
2025-07-10T18:07:22.011000 54.800332 39.6875 0
2025-07-10T18:07:23.010000 54.819385999999994 39.6875 0
2025-07-10T18:07:24.010000 54.836914 39.6875 0
2025-07-10T18:07:25.011000 54.819385999999994 39.6875 0
2025-07-10T18:07:26.010000 54.836288 39.6875 0
2025-07-10T18:07:27.010000 54.8125 39.68875 0
2025-07-10T18:07:28.010000 54.8125 39.75 0
2025-07-10T18:07:29.010000 54.816244000000005 39.75 0
2025-07-10T18:07:30.010000 54.82809999999999 39.72 0
2025-07-10T18:07:31.011000 54.824355999999995 39.6875 0
2025-07-10T18:07:32.010000 54.816244000000005 39.6875 0
2025-07-10T18:07:33.010000 54.82809999999999 39.6875 0
2025-07-10T18:07:34.010000 54.83561199999999 39.6875 0
2025-07-10T18:07:35.010000 54.85188800000001 39.6875 0
2025-07-10T18:07:36.010000 54.82809999999999 39.6875 0
2025-07-10T18:07:37.010000 54.832181999999996 39.6875 0
2025-07-10T18:07:38.010000 54.839718000000005 39.6875 0
2025-07-10T18:07:39.010000 54.82809999999999 39.6875 0
2025-07-10T18:07:40.011000 54.82809999999999 39.6875 0
2025-07-10T18:07:41.010000 54.832181999999996 39.6875 0
2025-07-10T18:07:42.010000 54.839718000000005 39.6875 0
2025-07-10T18:07:43.010000 54.82809999999999 39.6875 0
2025-07-10T18:07:44.010000 54.832181999999996 39.6875 0
2025-07-10T18:07:45.011000 54.843799999999995 39.6875 0
2025-07-10T18:07:46.010000 54.843799999999995 39.6875 0
2025-07-10T18:07:47.010000 54.843799999999995 39.6875 0
2025-07-10T18:07:48.010000 54.843799999999995 39.6875 0
2025-07-10T18:07:49.010000 54.843799999999995 39.6875 0
2025-07-10T18:07:50.010000 54.843799999999995 39.6875 0
2025-07-10T18:07:51.010000 54.84816800000001 39.6875 0
2025-07-10T18:07:52.010000 54.855032 39.6875 0
2025-07-10T18:07:53.010000 54.84816800000001 39.6875 0
2025-07-10T18:07:54.010000 54.855032 39.6875 0
2025-07-10T18:07:55.010000 54.843799999999995 39.6875 0
2025-07-10T18:07:56.010000 54.84816800000001 39.6875 0
2025-07-10T18:07:57.010000 54.85940000000001 39.6875 0
2025-07-10T18:07:58.010000 54.855968000000004 39.6875 0
2025-07-10T18:07:59.013000 54.850663999999995 39.6875 0
2025-07-10T18:08:00.010000 54.86813599999999 39.6875 0
2025-07-10T18:08:01.011000 54.847232000000005 39.6875 0
2025-07-10T18:08:02.011000 54.862832 39.6875 0
2025-07-10T18:08:03.010000 54.871567999999996 39.6875 0
2025-07-10T18:08:04.010000 54.85940000000001 39.6875 0
2025-07-10T18:08:05.010000 54.863144000000005 39.6875 0
2025-07-10T18:08:06.010000 54.871255999999995 39.6875 0
2025-07-10T18:08:07.010000 54.867040816326536 39.6875 0
2025-07-10T18:08:08.010000 54.8867 39.6875 0
2025-07-10T18:08:09.010000 54.875 39.6875 0
2025-07-10T18:08:10.010000 54.875 39.6875 0
2025-07-10T18:08:11.010000 54.878744000000005 39.6875 0
2025-07-10T18:08:12.010000 54.89059999999999 39.6875 0
2025-07-10T18:08:13.010000 54.886855999999995 39.6875 0
2025-07-10T18:08:14.010000 54.878744000000005 39.6875 0
2025-07-10T18:08:15.010000 54.886543999999994 39.6875 0
2025-07-10T18:08:16.010000 54.875 39.6875 0
2025-07-10T18:08:17.011000 54.879056 39.6875 0
2025-07-10T18:08:18.010000 54.89059999999999 39.66875 0
2025-07-10T18:08:19.010000 54.89059999999999 39.625 0
2025-07-10T18:08:20.010000 54.886543999999994 39.625 0
2025-07-10T18:08:21.011000 54.883112000000004 39.625 0
2025-07-10T18:08:22.010000 54.906200000000005 39.625 0
2025-07-10T18:08:23.010000 54.902144 39.63875 0
2025-07-10T18:08:24.010000 54.894656 39.6875 0
2025-07-10T18:08:25.010000 54.913324 39.6875 0
2025-07-10T18:08:26.010000 54.925928000000006 39.645 0
2025-07-10T18:08:27.010000 54.906200000000005 39.625 0
2025-07-10T18:08:28.010000 54.90183199999999 39.625 0
2025-07-10T18:08:29.010000 54.894968 39.625 0
2025-07-10T18:08:30.010000 54.906200000000005 39.625 0
2025-07-10T18:08:31.010000 54.906200000000005 39.625 0
2025-07-10T18:08:32.010000 54.909504 39.625 0
2025-07-10T18:08:33.010000 54.914696000000006 39.625 0
2025-07-10T18:08:34.010000 54.90183199999999 39.625 0
2025-07-10T18:08:35.010000 54.894968 39.625 0
2025-07-10T18:08:36.010000 54.908796 39.625 0
2025-07-10T18:08:37.010000 54.91799999999999 39.625 0
2025-07-10T18:08:38.010000 54.915403999999995 39.625 0
2025-07-10T18:08:39.010000 54.908796 39.625 0
2025-07-10T18:08:40.010000 54.921432 39.625 0
2025-07-10T18:08:41.010000 54.933600000000006 39.625 0
2025-07-10T18:08:42.010000 54.933600000000006 39.625 0
2025-07-10T18:08:43.010000 54.933600000000006 39.625 0
2025-07-10T18:08:44.010000 54.937344 39.625 0
2025-07-10T18:08:45.010000 54.9492 39.625 0
2025-07-10T18:08:46.010000 54.94545599999999 39.625 0
2025-07-10T18:08:47.010000 54.933600000000006 39.625 0
2025-07-10T18:08:48.010000 54.929856 39.625 0
2025-07-10T18:08:49.013000 54.91799999999999 39.625 0
2025-07-10T18:08:50.010000 54.921744 39.625 0
2025-07-10T18:08:51.010000 54.933600000000006 39.625 0
2025-07-10T18:08:52.010000 54.933600000000006 39.625 0
2025-07-10T18:08:53.010000 54.933600000000006 39.625 0
2025-07-10T18:08:54.010000 54.937656000000004 39.57875 0
2025-07-10T18:08:55.010000 54.9492 39.5625 0
2025-07-10T18:08:56.010000 54.945144 39.575 0
2025-07-10T18:08:57.010000 54.937656000000004 39.625 0
2025-07-10T18:08:58.010000 54.95325599999999 39.625 0
2025-07-10T18:08:59.010000 54.95668799999999 39.625 0
2025-07-10T18:09:00.010000 54.92242 39.625 0
2025-07-10T18:09:01.010000 54.89059999999999 39.61625 0
2025-07-10T18:09:02.010000 54.89059999999999 39.5625 0
2025-07-10T18:09:03.010000 54.89059999999999 39.5625 0
2025-07-10T18:09:04.010000 54.898272 39.5625 0
2025-07-10T18:09:05.013000 54.914696000000006 39.5625 0
2025-07-10T18:09:06.010000 54.906200000000005 39.5625 0
2025-07-10T18:09:07.010000 54.909504 39.5625 0
2025-07-10T18:09:08.010000 54.91799999999999 39.5625 0
2025-07-10T18:09:09.010000 54.91799999999999 39.5625 0
2025-07-10T18:09:10.010000 54.9148693877551 39.5625 0
2025-07-10T18:09:11.011000 54.90939583333333 39.5625 0
2025-07-10T18:09:12.011000 54.91799999999999 39.5625 0
2025-07-10T18:09:13.010000 54.922368000000006 39.5625 0
2025-07-10T18:09:14.010000 54.930168 39.5625 0
2025-07-10T18:09:15.010000 54.91799999999999 39.5625 0
2025-07-10T18:09:16.011000 54.921432 39.5625 0
2025-07-10T18:09:17.010000 54.930168 39.5625 0
2025-07-10T18:09:18.010000 54.91799999999999 39.5625 0
2025-07-10T18:09:19.010000 54.91799999999999 39.5625 0
2025-07-10T18:09:20.010000 54.91799999999999 39.5625 0
2025-07-10T18:09:21.011000 54.918 39.5625 0
2025-07-10T18:09:22.014000 54.921575 39.5625 0
2025-07-10T18:09:23.011000 54.937344 39.5625 0
2025-07-10T18:09:24.010000 54.941711999999995 39.5625 0
2025-07-10T18:09:25.010000 54.925488 39.5625 0
2025-07-10T18:09:26.010000 54.94219591836734 39.5625 0
2025-07-10T18:09:27.002000 54.92534117647059 39.5625 0
2025-07-10T18:09:28.010000 54.9492 39.5625 0
2025-07-10T18:09:29.010000 54.9492 39.5625 0
2025-07-10T18:09:30.010000 54.95294399999999 39.5625 0
2025-07-10T18:09:31.010000 54.95668799999999 39.5625 0
2025-07-10T18:09:32.010000 54.941711999999995 39.5625 0
2025-07-10T18:09:33.010000 54.960575000000006 39.5625 0
2025-07-10T18:09:34.034000 54.9492 39.5625 0
2025-07-10T18:09:35.010000 54.95325599999999 39.5625 0
2025-07-10T18:09:36.010000 54.960744 39.5625 0
2025-07-10T18:09:37.010000 54.9492 39.5625 0
2025-07-10T18:09:38.010000 54.9492 39.5625 0
2025-07-10T18:09:39.010000 54.95325599999999 39.5625 0
2025-07-10T18:09:40.010000 54.960744 39.5625 0
2025-07-10T18:09:41.010000 54.953568 39.5625 0
2025-07-10T18:09:42.010000 54.960432 39.52375 0
2025-07-10T18:09:43.010000 54.9492 39.5 0
2025-07-10T18:09:44.010000 54.944832 39.5 0
2025-07-10T18:09:45.010000 54.933600000000006 39.5 0
2025-07-10T18:09:46.010000 54.937968 39.5 0
2025-07-10T18:09:47.010000 54.9492 39.5 0
2025-07-10T18:09:48.010000 54.944832 39.5 0
2025-07-10T18:09:49.010000 54.942336 39.5 0
2025-07-10T18:09:50.010000 54.956064 39.5 0
2025-07-10T18:09:51.010000 54.933600000000006 39.5 0
2025-07-10T18:09:52.010000 54.9336 39.5 0
2025-07-10T18:09:53.010000 54.930168 39.5 0
2025-07-10T18:09:54.010000 54.915403999999995 39.5 0
2025-07-10T18:09:55.010000 54.908796 39.5 0
2025-07-10T18:09:56.010000 54.911972 39.5 0
2025-07-10T18:09:57.010000 54.894344000000004 39.5 0
2025-07-10T18:09:58.010000 54.898711999999996 39.5 0
2025-07-10T18:09:59.010000 54.875 39.5 0
2025-07-10T18:10:00.010000 54.875 39.5 0
2025-07-10T18:10:01.010000 54.882488 39.5 0
2025-07-10T18:10:02.010000 54.902456 39.5 0
2025-07-10T18:10:03.010000 54.894344000000004 39.5 0
2025-07-10T18:10:04.010000 54.898711999999996 39.5 0
2025-07-10T18:10:05.010000 54.878744000000005 39.5 0
2025-07-10T18:10:06.011000 54.89059999999999 39.5 0
2025-07-10T18:10:07.010000 54.894344000000004 39.5 0
2025-07-10T18:10:08.010000 54.902456 39.5 0
2025-07-10T18:10:09.010000 54.89059999999999 39.5 0
2025-07-10T18:10:10.010000 54.894656 39.5 0
2025-07-10T18:10:11.010000 54.906200000000005 39.5 0
2025-07-10T18:10:12.010000 54.906200000000005 39.5 0
2025-07-10T18:10:13.010000 54.902144 39.5 0
2025-07-10T18:10:14.012000 54.894656 39.5 0
2025-07-10T18:10:15.010000 54.902144 39.4675 0
2025-07-10T18:10:16.010000 54.894656 39.4375 0
2025-07-10T18:10:17.010000 54.909268000000004 39.4375 0
2025-07-10T18:10:18.010000 54.91799999999999 39.49625 0
2025-07-10T18:10:19.010000 54.914696000000006 39.5 0
2025-07-10T18:10:20.010000 54.909504 39.475 0
2025-07-10T18:10:21.010000 54.91799999999999 39.4375 0
2025-07-10T18:10:22.010000 54.914696000000006 39.4375 0
2025-07-10T18:10:23.010000 54.91387200000001 39.4375 0
2025-07-10T18:10:24.010000 54.925928000000006 39.4375 0
2025-07-10T18:10:25.010000 54.90183199999999 39.4375 0
2025-07-10T18:10:26.010000 54.894968 39.4375 0
2025-07-10T18:10:27.010000 54.90183199999999 39.4375 0
2025-07-10T18:10:28.010000 54.89059999999999 39.4375 0
2025-07-10T18:10:29.010000 54.89059999999999 39.4375 0
2025-07-10T18:10:30.010000 54.89059999999999 39.4375 0
2025-07-10T18:10:31.010000 54.894031999999996 39.4375 0
2025-07-10T18:10:32.010000 54.906200000000005 39.4375 0
2025-07-10T18:10:33.010000 54.906200000000005 39.4375 0
2025-07-10T18:10:34.010000 54.906200000000005 39.4375 0
2025-07-10T18:10:35.010000 54.906200000000005 39.4375 0
2025-07-10T18:10:36.010000 54.91291020408164 39.4375 0
2025-07-10T18:10:37.010000 54.929856 39.4375 0
2025-07-10T18:10:38.010000 54.911424 39.4375 0
2025-07-10T18:10:39.011000 54.89059999999999 39.4375 0
2025-07-10T18:10:40.011000 54.886855999999995 39.4375 0
2025-07-10T18:10:41.010000 54.878744000000005 39.4375 0
2025-07-10T18:10:42.010000 54.894344000000004 39.4375 0
2025-07-10T18:10:43.010000 54.902456 39.4375 0
2025-07-10T18:10:44.010000 54.89059999999999 39.4375 0
2025-07-10T18:10:45.010000 54.89059999999999 39.4375 0
2025-07-10T18:10:46.010000 54.89059999999999 39.4375 0
2025-07-10T18:10:47.010000 54.89059999999999 39.4375 0
2025-07-10T18:10:48.010000 54.89059999999999 39.4375 0
2025-07-10T18:10:49.010000 54.894738775510206 39.4375 0
2025-07-10T18:10:50.010000 54.906200000000005 39.43375 0
2025-07-10T18:10:51.011000 54.906200000000005 39.375 0
2025-07-10T18:10:52.010000 54.906200000000005 39.375 0
2025-07-10T18:10:53.010000 54.909268000000004 39.375 0
2025-07-10T18:10:54.010000 54.91799999999999 39.375 0
2025-07-10T18:10:55.011000 54.914932 39.375 0
2025-07-10T18:10:56.010000 54.913324 39.375 0
2025-07-10T18:10:57.010000 54.92617916666668 39.375 0
2025-07-10T18:10:58.012000 54.9062 39.375 0
2025-07-10T18:10:59.010000 54.909504 39.375 0
2025-07-10T18:11:00.010000 54.914696000000006 39.375 0
2025-07-10T18:11:01.010000 54.909504 39.375 0
2025-07-10T18:11:02.010000 54.91799999999999 39.375 0
2025-07-10T18:11:03.012000 54.91799999999999 39.375 0
2025-07-10T18:11:04.010000 54.91799999999999 39.375 0
2025-07-10T18:11:05.010000 54.91799999999999 39.375 0
2025-07-10T18:11:06.010000 54.914696000000006 39.375 0
2025-07-10T18:11:07.010000 54.90974 39.375 0
2025-07-10T18:11:08.010000 54.918 39.375 0
2025-07-10T18:11:09.010000 54.918 39.375 0
2025-07-10T18:11:10.010000 54.921432 39.375 0
2025-07-10T18:11:11.010000 54.927024 39.375 0
2025-07-10T18:11:12.010000 54.906200000000005 39.375 0
2025-07-10T18:11:13.011000 54.906200000000005 39.375 0
2025-07-10T18:11:14.010000 54.902456 39.375 0
2025-07-10T18:11:15.010000 54.886855999999995 39.375 0
2025-07-10T18:11:16.010000 54.875 39.375 0
2025-07-10T18:11:17.010000 54.871255999999995 39.375 0
2025-07-10T18:11:18.011000 54.86688800000001 39.375 0
2025-07-10T18:11:19.010000 54.89059999999999 39.375 0
2025-07-10T18:11:20.010000 54.882959183673464 39.375 0
2025-07-10T18:11:21.010000 54.86688800000001 39.375 0
2025-07-10T18:11:22.010000 54.878432 39.375 0
2025-07-10T18:11:23.010000 54.847856 39.37125 0
2025-07-10T18:11:24.010000 54.85940000000001 39.3125 0
2025-07-10T18:11:25.010000 54.85940000000001 39.3125 0
2025-07-10T18:11:26.011000 54.85940000000001 39.34375 0
2025-07-10T18:11:27.010000 54.85940000000001 39.375 0
2025-07-10T18:11:28.010000 54.8594 39.375 0
2025-07-10T18:11:29.010000 54.85092291666667 39.375 0
2025-07-10T18:11:30.010000 54.84029399999999 39.375 0
2025-07-10T18:11:31.010000 54.870944 39.375 0
2025-07-10T18:11:32.010000 54.85940000000001 39.375 0
2025-07-10T18:11:33.010000 54.85940000000001 39.375 0
2025-07-10T18:11:34.010000 54.85940000000001 39.3225 0
2025-07-10T18:11:35.010000 54.863768 39.3125 0
2025-07-10T18:11:36.010000 54.861868 39.3125 0
2025-07-10T18:11:37.010000 54.84054285714286 39.3125 0
2025-07-10T18:11:38.010000 54.870775 39.3125 0
2025-07-10T18:11:39.010000 54.85940000000001 39.3125 0
2025-07-10T18:11:40.010000 54.855032 39.3125 0
2025-07-10T18:11:41.010000 54.85690399999999 39.3125 0
2025-07-10T18:11:42.011000 54.885920000000006 39.3125 0
2025-07-10T18:11:43.011000 54.87031999999999 39.3125 0
2025-07-10T18:11:44.010000 54.86876 39.3125 0
2025-07-10T18:11:45.010000 54.88124 39.3125 0
2025-07-10T18:11:46.010000 54.864079999999994 39.3125 0
2025-07-10T18:11:47.010000 54.875 39.3125 0
2025-07-10T18:11:48.010000 54.871255999999995 39.3125 0
2025-07-10T18:11:49.010000 54.863144000000005 39.3125 0
2025-07-10T18:11:50.010000 54.875 39.3125 0
2025-07-10T18:11:51.010000 54.878744000000005 39.3125 0
2025-07-10T18:11:52.010000 54.886855999999995 39.3125 0
2025-07-10T18:11:53.010000 54.882488 39.3125 0
2025-07-10T18:11:54.010000 54.902456 39.3125 0
2025-07-10T18:11:55.013000 54.894344000000004 39.3125 0
2025-07-10T18:11:56.010000 54.906200000000005 39.3125 0
2025-07-10T18:11:57.010000 54.898711999999996 39.3125 0
2025-07-10T18:11:58.010000 54.882488 39.3125 0
2025-07-10T18:11:59.010000 54.906200000000005 39.285 0
2025-07-10T18:12:00.010000 54.89808800000001 39.25 0
2025-07-10T18:12:01.010000 54.883112000000004 39.25 0
2025-07-10T18:12:02.010000 54.902144 39.25 0
2025-07-10T18:12:03.010000 54.894656 39.25 0
2025-07-10T18:12:04.011000 54.906200000000005 39.275 0
2025-07-10T18:12:05.010000 54.909268000000004 39.3125 0
2025-07-10T18:12:06.010000 54.91799999999999 39.3125 0
2025-07-10T18:12:07.010000 54.91799999999999 39.25875 0
2025-07-10T18:12:08.010000 54.91799999999999 39.25 0
2025-07-10T18:12:09.010000 54.914696000000006 39.25 0
2025-07-10T18:12:10.010000 54.91387200000001 39.25 0
2025-07-10T18:12:11.010000 54.929232 39.25 0
2025-07-10T18:12:12.012000 54.91799999999999 39.25 0
2025-07-10T18:12:13.010000 54.91799999999999 39.25 0
2025-07-10T18:12:14.010000 54.914696000000006 39.25 0
2025-07-10T18:12:15.010000 54.906200000000005 39.25 0
2025-07-10T18:12:16.010000 54.906200000000005 39.25 0
2025-07-10T18:12:17.011000 54.90183199999999 39.25 0
2025-07-10T18:12:18.010000 54.898272 39.25 0
2025-07-10T18:12:19.013000 54.922138775510206 39.25 0
2025-07-10T18:12:20.010000 54.925608333333344 39.25 0
2025-07-10T18:12:21.010000 54.90974 39.25 0
2025-07-10T18:12:22.010000 54.91799999999999 39.25 0
2025-07-10T18:12:23.010000 54.91799999999999 39.25 0
2025-07-10T18:12:24.010000 54.91446 39.25 0
2025-07-10T18:12:25.010000 54.912776 39.25 0
2025-07-10T18:12:26.010000 54.929856 39.25 0
2025-07-10T18:12:27.010000 54.91799999999999 39.25 0
2025-07-10T18:12:28.011000 54.921744 39.25 0
2025-07-10T18:12:29.010000 54.933600000000006 39.25 0
2025-07-10T18:12:30.010000 54.933600000000006 39.25 0
2025-07-10T18:12:31.010000 54.9336 39.25 0
2025-07-10T18:12:32.010000 54.93009795918368 39.25 0
2025-07-10T18:12:33.010000 54.925488 39.25 0
2025-07-10T18:12:34.011000 54.9492 39.25 0
2025-07-10T18:12:35.010000 54.945144 39.25 0
2025-07-10T18:12:36.010000 54.92954400000001 39.25 0
2025-07-10T18:12:37.010000 54.926111999999996 39.25 0
2025-07-10T18:12:38.010000 54.945144 39.25 0
2025-07-10T18:12:39.010000 54.937656000000004 39.25 0
2025-07-10T18:12:40.010000 54.941088 39.195 0
2025-07-10T18:12:41.010000 54.926111999999996 39.1875 0
2025-07-10T18:12:42.025000 54.9492 39.1875 0
2025-07-10T18:12:43.010000 54.941088 39.1875 0
2025-07-10T18:12:44.010000 54.930167999999995 39.1875 0
2025-07-10T18:12:45.010000 54.956064 39.23875 0
2025-07-10T18:12:46.011000 54.933600000000006 39.25 0
2025-07-10T18:12:47.010000 54.937968 39.25 0
2025-07-10T18:12:48.010000 54.9492 39.25 0
2025-07-10T18:12:49.010000 54.9492 39.25 0
2025-07-10T18:12:50.010000 54.9492 39.20375 0
2025-07-10T18:12:51.010000 54.944742857142856 39.1875 0
2025-07-10T18:12:52.017000 54.942336 39.1875 0
2025-07-10T18:12:53.010000 54.960432 39.1875 0
2025-07-10T18:12:54.011000 54.9492 39.1875 0
2025-07-10T18:12:55.010000 54.9492 39.1875 0
2025-07-10T18:12:56.010000 54.94451999999999 39.1875 0
2025-07-10T18:12:57.010000 54.92892 39.1875 0
2025-07-10T18:12:58.010000 54.91799999999999 39.1875 0
2025-07-10T18:12:59.010000 54.90977999999999 39.1875 0
2025-07-10T18:13:00.010000 54.8906 39.1875 0
2025-07-10T18:13:01.010000 54.8906 39.1875 0
2025-07-10T18:13:02.012000 54.89881999999999 39.1875 0
2025-07-10T18:13:03.010000 54.911424 39.1875 0
2025-07-10T18:13:04.010000 54.894344000000004 39.1875 0
2025-07-10T18:13:05.010000 54.902456 39.1875 0
2025-07-10T18:13:06.010000 54.89059999999999 39.1875 0
2025-07-10T18:13:07.010000 54.894344000000004 39.1875 0
2025-07-10T18:13:08.011000 54.902456 39.1875 0
2025-07-10T18:13:09.010000 54.894344000000004 39.1875 0
2025-07-10T18:13:10.010000 54.902456 39.1875 0
2025-07-10T18:13:11.010000 54.894344000000004 39.1875 0
2025-07-10T18:13:12.010000 54.906200000000005 39.1875 0
2025-07-10T18:13:13.010000 54.906200000000005 39.1875 0
2025-07-10T18:13:14.010000 54.906200000000005 39.1875 0
2025-07-10T18:13:15.010000 54.906200000000005 39.1875 0
2025-07-10T18:13:16.010000 54.906200000000005 39.1875 0
2025-07-10T18:13:17.010000 54.906200000000005 39.1875 0
2025-07-10T18:13:18.010000 54.906200000000005 39.1875 0
2025-07-10T18:13:19.010000 54.909268000000004 39.1875 0
2025-07-10T18:13:20.010000 54.91799999999999 39.1875 0
2025-07-10T18:13:21.010000 54.91799999999999 39.1875 0
2025-07-10T18:13:22.010000 54.914696000000006 39.1875 0
2025-07-10T18:13:23.010000 54.909504 39.1875 0
2025-07-10T18:13:24.010000 54.91799999999999 39.1875 0
2025-07-10T18:13:25.010000 54.91799999999999 39.16875 0
2025-07-10T18:13:26.010000 54.91799999999999 39.125 0
2025-07-10T18:13:27.010000 54.91799999999999 39.125 0
2025-07-10T18:13:28.010000 54.922368000000006 39.125 0
2025-07-10T18:13:29.010000 54.933600000000006 39.125 0
2025-07-10T18:13:30.011000 54.929232 39.13875 0
2025-07-10T18:13:31.010000 54.91799999999999 39.1875 0
2025-07-10T18:13:32.010000 54.91799999999999 39.1875 0
2025-07-10T18:13:33.010000 54.91799999999999 39.14625 0
2025-07-10T18:13:34.010000 54.92268 39.125 0
2025-07-10T18:13:35.010000 54.933600000000006 39.125 0
2025-07-10T18:13:36.010000 54.933600000000006 39.125 0
2025-07-10T18:13:37.010000 54.933600000000006 39.125 0
2025-07-10T18:13:38.010000 54.933600000000006 39.125 0
2025-07-10T18:13:39.010000 54.933600000000006 39.125 0
2025-07-10T18:13:40.010000 54.92892 39.125 0
2025-07-10T18:13:41.010000 54.915167999999994 39.125 0
2025-07-10T18:13:42.010000 54.912776 39.125 0
2025-07-10T18:13:43.010000 54.927024 39.125 0
2025-07-10T18:13:44.010000 54.898711999999996 39.125 0
2025-07-10T18:13:45.010000 54.878744000000005 39.125 0
2025-07-10T18:13:46.014000 54.88311199999999 39.125 0
2025-07-10T18:13:47.011000 54.86688800000001 39.125 0
2025-07-10T18:13:48.010000 54.882487999999995 39.125 0
2025-07-10T18:13:49.010000 54.863456000000006 39.125 0
2025-07-10T18:13:50.010000 54.879056 39.125 0
2025-07-10T18:13:51.010000 54.886543999999994 39.125 0
2025-07-10T18:13:52.010000 54.875 39.125 0
2025-07-10T18:13:53.010000 54.866887999999996 39.125 0
2025-07-10T18:13:54.010000 54.85191199999999 39.125 0
2025-07-10T18:13:55.011000 54.866887999999996 39.125 0
2025-07-10T18:13:56.010000 54.843799999999995 39.125 0
2025-07-10T18:13:57.010000 54.843799999999995 39.125 0
2025-07-10T18:13:58.010000 54.839718000000005 39.125 0
2025-07-10T18:13:59.010000 54.82809999999999 39.125 0
2025-07-10T18:14:00.010000 54.82809999999999 39.125 0
2025-07-10T18:14:01.010000 54.82809999999999 39.125 0
2025-07-10T18:14:02.010000 54.82809999999999 39.125 0
2025-07-10T18:14:03.010000 54.82809999999999 39.125 0
2025-07-10T18:14:04.010000 54.83249599999999 39.125 0
2025-07-10T18:14:05.010000 54.839403999999995 39.125 0
2025-07-10T18:14:06.010000 54.82809999999999 39.125 0
2025-07-10T18:14:07.011000 54.82809999999999 39.125 0
2025-07-10T18:14:08.010000 54.83249599999999 39.125 0
2025-07-10T18:14:09.010000 54.83909 39.125 0
2025-07-10T18:14:10.010000 54.82809999999999 39.125 0
2025-07-10T18:14:11.010000 54.83281 39.0825 0
2025-07-10T18:14:12.010000 54.83909 39.0625 0
2025-07-10T18:14:13.010000 54.83281 39.0725 0
2025-07-10T18:14:14.010000 54.83909 39.125 0
2025-07-10T18:14:15.010000 54.83281 39.125 0
2025-07-10T18:14:16.010000 54.83909 39.125 16384
2025-07-10T18:14:17.010000 54.823420000000006 39.125 16384
2025-07-10T18:14:18.010000 54.81718000000001 39.125 16384
2025-07-10T18:14:19.011000 54.82809999999999 39.125 0
2025-07-10T18:14:20.010000 54.82809999999999 39.125 0
2025-07-10T18:14:21.010000 54.83169791666666 39.125 0
2025-07-10T18:14:22.010000 54.83995510204082 39.125 0
2025-07-10T18:14:23.010000 54.82809999999999 39.125 0
2025-07-10T18:14:24.010000 54.83186799999999 39.125 0
2025-07-10T18:14:25.010000 54.847544 39.125 0
2025-07-10T18:14:26.010000 54.84720600000001 39.095 0
2025-07-10T18:14:27.010000 54.824694 39.0625 0
2025-07-10T18:14:28.010000 54.85940000000001 39.0625 0
2025-07-10T18:14:29.012000 54.85940000000001 39.0625 0
2025-07-10T18:14:30.010000 54.855344 39.0625 0
2025-07-10T18:14:31.010000 54.843799999999995 39.0625 0
2025-07-10T18:14:32.011000 54.85191199999999 39.0625 0
2025-07-10T18:14:33.010000 54.870944 39.0625 0
2025-07-10T18:14:34.010000 54.85940000000001 39.0625 0
2025-07-10T18:14:35.011000 54.85940000000001 39.0625 0
2025-07-10T18:14:36.010000 54.863456000000006 39.0625 0
2025-07-10T18:14:37.010000 54.883736000000006 39.0625 0
2025-07-10T18:14:38.010000 54.90183199999999 39.0625 0
2025-07-10T18:14:39.010000 54.886232 39.0625 0
2025-07-10T18:14:40.010000 54.875 39.0625 0
2025-07-10T18:14:41.010000 54.875 39.0625 0
2025-07-10T18:14:42.010000 54.87936800000001 39.0625 0
2025-07-10T18:14:43.010000 54.886232 39.0625 0
2025-07-10T18:14:44.010000 54.875 39.0625 0
2025-07-10T18:14:45.010000 54.87936800000001 39.0625 0
2025-07-10T18:14:46.010000 54.886232 39.0625 0
2025-07-10T18:14:47.010000 54.875 39.0625 0
2025-07-10T18:14:48.010000 54.87968000000001 39.0625 0
2025-07-10T18:14:49.010000 54.885920000000006 39.0625 0
2025-07-10T18:14:50.010000 54.88436000000001 39.0625 0
2025-07-10T18:14:51.010000 54.90974 39.0625 0
2025-07-10T18:14:52.010000 54.91799999999999 39.0625 0
2025-07-10T18:14:53.010000 54.90977999999999 39.0625 0
2025-07-10T18:14:54.010000 54.89528 39.0625 0
2025-07-10T18:14:55.010000 54.90152 39.0625 0
2025-07-10T18:14:56.010000 54.8906 39.0625 0
2025-07-10T18:14:57.010000 54.89442040816326 39.0625 0
2025-07-10T18:14:58.010000 54.894968 39.0625 0
2025-07-10T18:14:59.010000 54.87063200000001 39.0625 0
2025-07-10T18:15:00.010000 54.906200000000005 39.0625 0
2025-07-10T18:15:01.010000 54.902456 39.0625 0
2025-07-10T18:15:02.010000 54.894344000000004 39.0625 0
2025-07-10T18:15:03.010000 54.902456 39.0625 0
2025-07-10T18:15:04.010000 54.886543999999994 39.0625 0
2025-07-10T18:15:05.010000 54.883112000000004 39.0625 0
2025-07-10T18:15:06.010000 54.902144 39.0625 0
2025-07-10T18:15:07.011000 54.886543999999994 39.0625 0
2025-07-10T18:15:08.010000 54.875 39.0625 0
2025-07-10T18:15:09.011000 54.875 39.0625 0
2025-07-10T18:15:10.010000 54.875 39.0625 0
2025-07-10T18:15:11.010000 54.879056 39.0625 0
2025-07-10T18:15:12.010000 54.89059999999999 39.0625 0
2025-07-10T18:15:13.010000 54.882487999999995 39.0625 0
2025-07-10T18:15:14.010000 54.863768 39.0625 0
2025-07-10T18:15:15.010000 54.86655 39.0625 0
2025-07-10T18:15:16.011000 54.83931428571429 39.0625 0
2025-07-10T18:15:17.010000 54.83249599999999 39.0625 0
2025-07-10T18:15:18.010000 54.843799999999995 39.0625 0
2025-07-10T18:15:19.010000 54.843799999999995 39.0625 0
2025-07-10T18:15:20.010000 54.84816800000001 39.0625 0
2025-07-10T18:15:21.010000 54.855032 39.0625 0
2025-07-10T18:15:22.010000 54.852536 39.0625 0
2025-07-10T18:15:23.010000 54.87063199999999 39.0625 0
2025-07-10T18:15:24.010000 54.863768 39.0625 0
2025-07-10T18:15:25.010000 54.87031999999999 39.0625 0
2025-07-10T18:15:26.010000 54.864079999999994 39.0625 0
2025-07-10T18:15:27.010000 54.87031999999999 39.01875 0
2025-07-10T18:15:28.010000 54.864079999999994 39.0 0
2025-07-10T18:15:29.010000 54.875 39.01125 0
2025-07-10T18:15:30.010000 54.875 39.0625 0
2025-07-10T18:15:31.010000 54.875 39.0625 0
2025-07-10T18:15:32.010000 54.87968000000001 39.0625 16384
2025-07-10T18:15:33.010000 54.88124 39.0625 16384
2025-07-10T18:15:34.010000 54.85940000000001 39.0625 16384
2025-07-10T18:15:35.010000 54.85940000000001 39.0625 0
2025-07-10T18:15:36.011000 54.863144000000005 39.0625 0
2025-07-10T18:15:37.010000 54.871255999999995 39.0625 0
2025-07-10T18:15:38.010000 54.863144000000005 39.0625 0
2025-07-10T18:15:39.011000 54.875 39.0625 0
2025-07-10T18:15:40.010000 54.871255999999995 39.0625 0
2025-07-10T18:15:41.010000 54.863144000000005 39.0625 0
2025-07-10T18:15:42.010000 54.870944 39.0625 0
2025-07-10T18:15:43.010000 54.867512000000005 39.0625 0
2025-07-10T18:15:44.010000 54.882487999999995 39.0625 0
2025-07-10T18:15:45.010000 54.867512000000005 39.0625 0
2025-07-10T18:15:46.010000 54.89059999999999 39.0625 0
2025-07-10T18:15:47.010000 54.886543999999994 39.0625 0
2025-07-10T18:15:48.010000 54.875 39.0625 0
2025-07-10T18:15:49.010000 54.879056 39.0625 0
2025-07-10T18:15:50.010000 54.89059999999999 39.0625 0
2025-07-10T18:15:51.010000 54.89059999999999 39.0625 0
2025-07-10T18:15:52.010000 54.886232 39.03625 0
2025-07-10T18:15:53.010000 54.875 39.0 0
2025-07-10T18:15:54.010000 54.88704 39.0 0
2025-07-10T18:15:55.010000 54.914696000000006 39.05375 0
2025-07-10T18:15:56.010000 54.906200000000005 39.0625 0
2025-07-10T18:15:57.010000 54.90183199999999 39.04125 16384
2025-07-10T18:15:58.010000 54.894968 39.0 16384
2025-07-10T18:15:59.010000 54.906200000000005 39.0 16384
2025-07-10T18:16:00.013000 54.906200000000005 39.05125 0
2025-07-10T18:16:01.010000 54.906200000000005 39.0625 0
2025-07-10T18:16:02.010000 54.906200000000005 39.0625 16384
2025-07-10T18:16:03.010000 54.906200000000005 39.0625 16384
2025-07-10T18:16:04.010000 54.90974 39.0625 16384
2025-07-10T18:16:05.010000 54.91799999999999 39.0625 0
2025-07-10T18:16:06.010000 54.91799999999999 39.0625 0
2025-07-10T18:16:07.015000 54.91799999999999 39.0625 0
2025-07-10T18:16:08.010000 54.91799999999999 39.0625 0
2025-07-10T18:16:09.010000 54.92268 39.0625 0
2025-07-10T18:16:10.010000 54.92892 39.0625 0
2025-07-10T18:16:11.010000 54.91799999999999 39.0625 0
2025-07-10T18:16:12.010000 54.92268 39.0625 0
2025-07-10T18:16:13.010000 54.92892 39.0625 0
2025-07-10T18:16:14.010000 54.915167999999994 39.0625 0
2025-07-10T18:16:15.010000 54.909032 39.0625 0
2025-07-10T18:16:16.010000 54.91799999999999 39.0625 0
2025-07-10T18:16:17.010000 54.91799999999999 39.0625 0
2025-07-10T18:16:18.010000 54.925488 39.0625 0
2025-07-10T18:16:19.010000 54.94545599999999 39.0625 0
2025-07-10T18:16:20.010000 54.92954400000001 39.02625 0
2025-07-10T18:16:21.011000 54.926111999999996 39.0 0
2025-07-10T18:16:22.010000 54.945144 39.0 0
2025-07-10T18:16:23.010000 54.937656000000004 39.0 0
2025-07-10T18:16:24.010000 54.945144 39.0 0
2025-07-10T18:16:25.010000 54.94187755102041 39.03188775510204 0
2025-07-10T18:16:26.010000 54.960744 39.0625 0
2025-07-10T18:16:27.010000 54.9492 39.0625 0
2025-07-10T18:16:28.010000 54.945144 39.0625 16384
2025-07-10T18:16:29.010000 54.937656000000004 39.0625 16384
2025-07-10T18:16:30.010000 54.941088 39.0375 16384
2025-07-10T18:16:31.010000 54.91799999999999 39.0 0
2025-07-10T18:16:32.010000 54.918 39.0 0
2025-07-10T18:16:33.010000 54.91000833333334 39.052083333333336 0
2025-07-10T18:16:34.010000 54.886232 39.0625 0
2025-07-10T18:16:35.010000 54.87936800000001 39.0625 16384
2025-07-10T18:16:36.010000 54.894968 39.0625 16384
2025-07-10T18:16:37.010000 54.906200000000005 39.0625 16384
2025-07-10T18:16:38.010000 54.909504 39.0625 0
2025-07-10T18:16:39.010000 54.91032799999999 39.0625 0
2025-07-10T18:16:40.010000 54.89059999999999 39.0625 0
2025-07-10T18:16:41.010000 54.89881999999999 39.0625 0
2025-07-10T18:16:42.010000 54.91446 39.0625 0
2025-07-10T18:16:43.010000 54.90152 39.0625 0
2025-07-10T18:16:44.010000 54.89059999999999 39.0625 0
2025-07-10T18:16:45.010000 54.89881999999999 39.0625 0
2025-07-10T18:16:46.010000 54.91446 39.0625 0
2025-07-10T18:16:47.010000 54.906200000000005 39.0625 0
2025-07-10T18:16:48.010000 54.906200000000005 39.0625 0
2025-07-10T18:16:49.010000 54.906200000000005 39.0625 0
2025-07-10T18:16:50.010000 54.906200000000005 39.0625 0
2025-07-10T18:16:51.010000 54.906200000000005 39.0625 0
2025-07-10T18:16:52.010000 54.906200000000005 39.0625 0
2025-07-10T18:16:53.013000 54.902456 39.0625 0
2025-07-10T18:16:54.010000 54.89059999999999 39.0625 0
2025-07-10T18:16:55.011000 54.89059999999999 39.0625 0
2025-07-10T18:16:56.010000 54.894344000000004 39.0625 0
2025-07-10T18:16:57.011000 54.909268000000004 39.0625 0
2025-07-10T18:16:58.010000 54.910876 39.0625 0
2025-07-10T18:16:59.010000 54.894656 39.0625 0
2025-07-10T18:17:00.010000 54.909268000000004 39.0625 0
2025-07-10T18:17:01.010000 54.91799999999999 39.0625 0
2025-07-10T18:17:02.010000 54.91799999999999 39.0625 0
2025-07-10T18:17:03.010000 54.914932 39.0625 0
2025-07-10T18:17:04.010000 54.909268000000004 39.0625 0
2025-07-10T18:17:05.010000 54.91799999999999 39.0625 0
2025-07-10T18:17:06.010000 54.91799999999999 39.0625 0
2025-07-10T18:17:07.010000 54.91799999999999 39.0625 0
2025-07-10T18:17:08.010000 54.91799999999999 39.0625 0
2025-07-10T18:17:09.010000 54.922368000000006 39.0625 0
2025-07-10T18:17:10.010000 54.929232 39.0625 0
2025-07-10T18:17:11.010000 54.91799999999999 39.0625 0
2025-07-10T18:17:12.010000 54.922368000000006 39.0625 0
2025-07-10T18:17:13.010000 54.929232 39.0625 0
2025-07-10T18:17:14.010000 54.926736 39.0625 0
2025-07-10T18:17:15.010000 54.944832 39.0625 0
2025-07-10T18:17:16.010000 54.937968 39.0625 0
2025-07-10T18:17:17.010000 54.9450612244898 39.0625 0
2025-07-10T18:17:18.010000 54.933600000000006 39.0625 0
2025-07-10T18:17:19.010000 54.938280000000006 39.0625 0
2025-07-10T18:17:20.010000 54.94451999999999 39.0625 0
2025-07-10T18:17:21.010000 54.938280000000006 39.0625 0
2025-07-10T18:17:22.010000 54.9492 39.0625 0
2025-07-10T18:17:23.010000 54.9492 39.0625 0
2025-07-10T18:17:24.010000 54.9492 39.0625 0
2025-07-10T18:17:25.010000 54.94451999999999 39.0625 0
2025-07-10T18:17:26.010000 54.938280000000006 39.0625 0
2025-07-10T18:17:27.010000 54.9492 39.0625 0
2025-07-10T18:17:28.010000 54.9492 39.0625 0
2025-07-10T18:17:29.010000 54.944207999999996 39.0625 0
2025-07-10T18:17:30.012000 54.937344 39.0625 0
2025-07-10T18:17:31.010000 54.95294399999999 39.0625 0
2025-07-10T18:17:32.010000 54.968568 39.0625 16384
2025-07-10T18:17:33.010000 54.97697551020408 39.0625 16384
2025-07-10T18:17:34.003000 54.96479999999999 39.0625 16384
2025-07-10T18:17:35.010000 54.960744 39.0625 16384
2025-07-10T18:17:36.010000 54.95325599999999 39.08125 16384
2025-07-10T18:17:37.011000 54.96479999999999 39.125 16384
2025-07-10T18:17:38.010000 54.96479999999999 39.125 16384
2025-07-10T18:17:39.033000 54.96479999999999 39.125 16384
2025-07-10T18:17:40.010000 54.968881999999994 39.125 16384
2025-07-10T18:17:41.010000 54.976417999999995 39.125 16384
2025-07-10T18:17:42.010000 54.968881999999994 39.125 0
2025-07-10T18:17:43.010000 54.97610399999999 39.125 0
2025-07-10T18:17:44.022000 54.96479999999999 39.125 0
2025-07-10T18:17:45.010000 54.96919599999999 39.125 0
2025-07-10T18:17:46.010000 54.97601428571428 39.125 0
2025-07-10T18:17:47.010000 54.96928571428571 39.125 0
2025-07-10T18:17:48.010000 54.98049999999999 39.125 0
2025-07-10T18:17:49.010000 54.97610399999999 39.125 0
2025-07-10T18:17:50.010000 54.973563999999996 39.125 0
2025-07-10T18:17:51.010000 54.996100000000006 39.125 0
2025-07-10T18:17:52.010000 54.991732 39.125 0
2025-07-10T18:17:53.010000 54.97610399999999 39.125 0
2025-07-10T18:17:54.011000 54.96919599999999 39.125 0
2025-07-10T18:17:55.010000 54.98518 39.125 0
2025-07-10T18:17:56.010000 54.996100000000006 39.125 0
2025-07-10T18:17:57.010000 54.996100000000006 39.125 0
2025-07-10T18:17:58.010000 55.000780000000006 39.125 0
2025-07-10T18:17:59.010000 55.00234 39.125 0
2025-07-10T18:18:00.010000 54.98049999999999 39.125 0
2025-07-10T18:18:01.010000 54.98986000000001 39.125 0
2025-07-10T18:18:02.010000 55.00701999999999 39.125 0
2025-07-10T18:18:03.010000 54.996100000000006 39.125 0
2025-07-10T18:18:04.010000 54.99142 39.125 0
2025-07-10T18:18:05.010000 54.985491999999994 39.125 0
2025-07-10T18:18:06.011000 54.996100000000006 39.125 0
2025-07-10T18:18:07.010000 54.996100000000006 39.125 16384
2025-07-10T18:18:08.010000 54.996100000000006 39.125 16384
2025-07-10T18:18:09.010000 54.9961 39.125 16384
2025-07-10T18:18:10.010000 54.996100000000006 39.125 0
2025-07-10T18:18:11.010000 55.000156000000004 39.125 0
2025-07-10T18:18:12.010000 55.003588 39.17375 0
2025-07-10T18:18:13.010000 54.98049999999999 39.1875 0
2025-07-10T18:18:14.010000 54.984556000000005 39.1725 0
2025-07-10T18:18:15.010000 54.99204400000001 39.125 16384
2025-07-10T18:18:16.010000 54.988611999999996 39.125 16384
2025-07-10T18:18:17.010000 55.007644 39.125 0
2025-07-10T18:18:18.010000 54.996100000000006 39.125 0
2025-07-10T18:18:19.010000 54.996100000000006 39.13625 0
2025-07-10T18:18:20.012000 55.000468 39.1875 16384
2025-07-10T18:18:21.010000 55.007332 39.1875 16384
2025-07-10T18:18:22.010000 54.991732 39.1875 16384
2025-07-10T18:18:23.011000 54.98049999999999 39.1875 16384
2025-07-10T18:18:24.010000 54.98049999999999 39.1875 16384
2025-07-10T18:18:25.010000 54.97610399999999 39.1875 0
2025-07-10T18:18:26.010000 54.973563999999996 39.1875 0
2025-07-10T18:18:27.010000 54.991732 39.1875 0
2025-07-10T18:18:28.010000 54.98049999999999 39.1875 0
2025-07-10T18:18:29.010000 54.97610399999999 39.1875 0
2025-07-10T18:18:30.010000 54.96951 39.1875 0
2025-07-10T18:18:31.010000 54.975789999999996 39.1875 0
2025-07-10T18:18:32.010000 54.96951 39.1875 0
2025-07-10T18:18:33.010000 54.98049999999999 39.1875 0
2025-07-10T18:18:34.010000 54.975789999999996 39.1875 0
2025-07-10T18:18:35.010000 54.96951 39.1875 0
2025-07-10T18:18:36.010000 54.975789999999996 39.1875 0
2025-07-10T18:18:37.010000 54.96012 39.1875 0
2025-07-10T18:18:38.010000 54.95388 39.1875 0
2025-07-10T18:18:39.011000 54.96012 39.1875 0
2025-07-10T18:18:40.012000 54.9492 39.1875 16384
2025-07-10T18:18:41.010000 54.954192000000006 39.1875 16384
2025-07-10T18:18:42.010000 54.969823999999996 39.1875 16384
2025-07-10T18:18:43.010000 54.98049999999999 39.1875 16384
2025-07-10T18:18:44.010000 54.975476 39.1875 16384
2025-07-10T18:18:45.010000 54.96479999999999 39.24 16384
2025-07-10T18:18:46.010000 54.968881999999994 39.25 16384
2025-07-10T18:18:47.010000 54.976417999999995 39.25 16384
2025-07-10T18:18:48.010000 54.968881999999994 39.25 16384
2025-07-10T18:18:49.010000 54.98049999999999 39.25 16384
2025-07-10T18:18:50.010000 54.976417999999995 39.25 0
2025-07-10T18:18:51.010000 54.968881999999994 39.25 0
2025-07-10T18:18:52.010000 54.976417999999995 39.25 0
2025-07-10T18:18:53.010000 54.96479999999999 39.25 0
2025-07-10T18:18:54.010000 54.96479999999999 39.25 0
2025-07-10T18:18:55.010000 54.968881999999994 39.25 0
2025-07-10T18:18:56.010000 54.98049999999999 39.25 0
2025-07-10T18:18:57.010000 54.98049999999999 39.25 0
2025-07-10T18:18:58.010000 54.971736 39.25 0
2025-07-10T18:18:59.011000 54.962331999999996 39.25 0
2025-07-10T18:19:00.010000 54.996100000000006 39.25 0
2025-07-10T18:19:01.010000 54.991732 39.25 0
2025-07-10T18:19:02.010000 54.97610399999999 39.25 0
2025-07-10T18:19:03.011000 54.96919599999999 39.25 0
2025-07-10T18:19:04.010000 54.984868000000006 39.25 0
2025-07-10T18:19:05.010000 54.991732 39.25 0
2025-07-10T18:19:06.010000 54.984868000000006 39.25 0
2025-07-10T18:19:07.010000 54.99142 39.25 0
2025-07-10T18:19:08.010000 54.98049999999999 39.25 0
2025-07-10T18:19:09.010000 54.98518 39.25 0
2025-07-10T18:19:10.010000 54.9961 39.25 16384
2025-07-10T18:19:11.003000 54.99151176470588 39.25 16384
2025-07-10T18:19:12.010000 54.98986000000001 39.25 16384
2025-07-10T18:19:13.012000 55.00234 39.25 16384
2025-07-10T18:19:14.010000 54.98518 39.25 16384
2025-07-10T18:19:15.010000 54.996100000000006 39.275 16384
2025-07-10T18:19:16.010000 54.996100000000006 39.3125 16384
2025-07-10T18:19:17.010000 54.996100000000006 39.3125 16384
2025-07-10T18:19:18.010000 54.996100000000006 39.3125 0
2025-07-10T18:19:19.010000 54.991108000000004 39.3125 0
2025-07-10T18:19:20.010000 54.985491999999994 39.3125 0
2025-07-10T18:19:21.010000 54.986709999999995 39.3125 0
2025-07-10T18:19:22.010000 54.96479999999999 39.3125 0
2025-07-10T18:19:23.010000 54.969823999999996 39.2625 0
2025-07-10T18:19:24.010000 54.976417999999995 39.25 0
2025-07-10T18:19:25.011000 54.96479999999999 39.26875 0
2025-07-10T18:19:26.010000 54.97293799999999 39.3125 0
2025-07-10T18:19:27.010000 54.99204400000001 39.3125 0
2025-07-10T18:19:28.011000 54.98049999999999 39.3125 16384
2025-07-10T18:19:29.010000 54.98049999999999 39.3125 16384
2025-07-10T18:19:30.010000 54.98049999999999 39.3125 16384
2025-07-10T18:19:31.010000 54.98049999999999 39.3125 0
2025-07-10T18:19:32.010000 54.984638775510206 39.3125 0
2025-07-10T18:19:33.010000 54.996100000000006 39.3125 0
2025-07-10T18:19:34.010000 54.996100000000006 39.3125 0
2025-07-10T18:19:35.010000 54.996100000000006 39.3125 0
2025-07-10T18:19:36.010000 54.996100000000006 39.3125 0
2025-07-10T18:19:37.010000 54.991732 39.3125 0
2025-07-10T18:19:38.010000 54.984868000000006 39.3125 0
2025-07-10T18:19:39.010000 54.996100000000006 39.3125 0
2025-07-10T18:19:40.010000 55.000468 39.3125 0
2025-07-10T18:19:41.010000 55.0117 39.3125 16384
2025-07-10T18:19:42.010000 55.007332 39.3125 16384
2025-07-10T18:19:43.010000 55.00429 39.3125 16384
2025-07-10T18:19:44.010000 55.015756 39.3125 0
2025-07-10T18:19:45.010000 55.000780000000006 39.3125 0
2025-07-10T18:19:46.010000 55.00701999999999 39.37125 16384
2025-07-10T18:19:47.010000 55.000780000000006 39.375 16384
2025-07-10T18:19:48.011000 55.00701999999999 39.34875 16384
2025-07-10T18:19:49.010000 55.000780000000006 39.3125 16384
2025-07-10T18:19:50.010000 55.0117 39.3125 16384
2025-07-10T18:19:51.010000 55.00701999999999 39.3675 0
2025-07-10T18:19:52.010000 55.00429 39.375 0
2025-07-10T18:19:53.010000 55.01521 39.375 16384
2025-07-10T18:19:54.010000 54.996100000000006 39.375 16384
2025-07-10T18:19:55.010000 54.996100000000006 39.375 16384
2025-07-10T18:19:56.011000 54.996100000000006 39.375 0
2025-07-10T18:19:57.013000 54.996100000000006 39.375 0
2025-07-10T18:19:58.010000 54.996100000000006 39.375 0
2025-07-10T18:19:59.010000 54.991108000000004 39.375 0
2025-07-10T18:20:00.010000 54.98049999999999 39.375 0
2025-07-10T18:20:01.010000 54.98049999999999 39.375 0
2025-07-10T18:20:02.010000 54.975476 39.375 0
2025-07-10T18:20:03.010000 54.97293799999999 39.375 0
2025-07-10T18:20:04.010000 54.987961999999996 39.375 0
2025-07-10T18:20:05.010000 54.97293799999999 39.375 0
2025-07-10T18:20:06.010000 54.987961999999996 39.375 0
2025-07-10T18:20:07.010000 54.95668799999999 39.375 0
2025-07-10T18:20:08.010000 54.92954400000001 39.375 0
2025-07-10T18:20:09.010000 54.926111999999996 39.375 0
2025-07-10T18:20:10.010000 54.944832 39.375 0
2025-07-10T18:20:11.010000 54.929232 39.375 0
2025-07-10T18:20:12.010000 54.91799999999999 39.375 0
2025-07-10T18:20:13.010000 54.91799999999999 39.375 0
2025-07-10T18:20:14.010000 54.922368000000006 39.375 16384
2025-07-10T18:20:15.010000 54.929232 39.375 16384
2025-07-10T18:20:16.010000 54.91799999999999 39.375 16384
2025-07-10T18:20:17.010000 54.922368000000006 39.375 0
2025-07-10T18:20:18.010000 54.929232 39.375 0
2025-07-10T18:20:19.010000 54.922368000000006 39.43 16384
2025-07-10T18:20:20.010000 54.929232 39.4375 16384
2025-07-10T18:20:21.010000 54.92268 39.41625 16384
2025-07-10T18:20:22.010000 54.92892 39.375 16384
2025-07-10T18:20:23.010000 54.92268 39.375 16384
2025-07-10T18:20:24.010000 54.933600000000006 39.42375 0
2025-07-10T18:20:25.010000 54.933600000000006 39.4375 0
2025-07-10T18:20:26.010000 54.933600000000006 39.4375 16384
2025-07-10T18:20:27.010000 54.933600000000006 39.4375 16384
2025-07-10T18:20:28.010000 54.938280000000006 39.4375 16384
2025-07-10T18:20:29.010000 54.94451999999999 39.4375 0
2025-07-10T18:20:30.010000 54.933600000000006 39.4375 0
2025-07-10T18:20:31.010000 54.91984 39.4375 0
2025-07-10T18:20:32.010000 54.899367999999996 39.4375 0
2025-07-10T18:20:33.010000 54.914224 39.4375 0
2025-07-10T18:20:34.010000 54.901208000000004 39.4375 0
2025-07-10T18:20:35.013000 54.880616 39.4375 0
2025-07-10T18:20:36.011000 54.864391999999995 39.4375 0
2025-07-10T18:20:37.011000 54.875 39.4375 0
2025-07-10T18:20:38.010000 54.884984 39.4375 0
2025-07-10T18:20:39.010000 54.906200000000005 39.4375 16384
2025-07-10T18:20:40.011000 54.906200000000005 39.4375 16384
2025-07-10T18:20:41.010000 54.906200000000005 39.4375 16384
2025-07-10T18:20:42.012000 54.906200000000005 39.4375 0
2025-07-10T18:20:43.010000 54.91291020408164 39.4375 0
2025-07-10T18:20:44.010000 54.918949999999995 39.470052083333336 0
2025-07-10T18:20:45.010000 54.879056 39.5 0
2025-07-10T18:20:46.010000 54.894656 39.5 0
2025-07-10T18:20:47.010000 54.897464 39.4425 0
2025-07-10T18:20:48.010000 54.883736000000006 39.4375 0
2025-07-10T18:20:49.010000 54.897464 39.4375 0
2025-07-10T18:20:50.010000 54.87913877551021 39.4375 0
2025-07-10T18:20:51.010000 54.8906 39.4375 0
2025-07-10T18:20:52.010000 54.886232 39.4375 16384
2025-07-10T18:20:53.010000 54.883736000000006 39.4375 16384
2025-07-10T18:20:54.010000 54.90183199999999 39.45625 16384
2025-07-10T18:20:55.010000 54.89059999999999 39.5 16384
2025-07-10T18:20:56.010000 54.894968 39.5 16384
2025-07-10T18:20:57.010000 54.90183199999999 39.5 16384
2025-07-10T18:20:58.010000 54.89528 39.5 16384
2025-07-10T18:20:59.010000 54.90974 39.5 16384
2025-07-10T18:21:00.010000 54.91446 39.5 0
2025-07-10T18:21:01.010000 54.90957142857144 39.5 0
2025-07-10T18:21:02.007000 54.9145294117647 39.5 0
2025-07-10T18:21:03.010000 54.906200000000005 39.5 0
2025-07-10T18:21:04.010000 54.90974 39.5 0
2025-07-10T18:21:05.010000 54.91446 39.5 0
2025-07-10T18:21:06.010000 54.91442000000001 39.5 0
2025-07-10T18:21:07.010000 54.92892 39.5 0
2025-07-10T18:21:08.010000 54.91799999999999 39.5 0
2025-07-10T18:21:09.010000 54.922991999999994 39.5 0
2025-07-10T18:21:10.024000 54.933600000000006 39.5 0
2025-07-10T18:21:11.010000 54.92483200000001 39.5 0
2025-07-10T18:21:12.011000 54.91496800000001 39.5 0
2025-07-10T18:21:13.012000 54.933600000000006 39.5 0
2025-07-10T18:21:14.010000 54.938693877551025 39.5 0
2025-07-10T18:21:15.010000 54.9492 39.5 0
2025-07-10T18:21:16.010000 54.9492 39.5 0
2025-07-10T18:21:17.010000 54.954192000000006 39.5 16384
2025-07-10T18:21:18.010000 54.954816 39.5 16384
2025-07-10T18:21:19.010000 54.941711999999995 39.5 16384
2025-07-10T18:21:20.010000 54.960744 39.5 16384
2025-07-10T18:21:21.010000 54.957338 39.5 16384
2025-07-10T18:21:22.010000 54.972362 39.525 16384
2025-07-10T18:21:23.010000 54.945144 39.5625 16384
2025-07-10T18:21:24.010000 54.937656000000004 39.5625 16384
2025-07-10T18:21:25.010000 54.953568 39.5625 16384
2025-07-10T18:21:26.010000 54.956064 39.5625 16384
2025-07-10T18:21:27.010000 54.937968 39.5625 16384
2025-07-10T18:21:28.010000 54.9492 39.5625 0
2025-07-10T18:21:29.010000 54.944832 39.5625 0
2025-07-10T18:21:30.011000 54.942336 39.5625 0
2025-07-10T18:21:31.010000 54.960432 39.5625 0
2025-07-10T18:21:32.010000 54.9492 39.5625 0
2025-07-10T18:21:33.010000 54.953568 39.5625 0
2025-07-10T18:21:34.010000 54.960432 39.5625 0
2025-07-10T18:21:35.010000 54.953568 39.5625 0
2025-07-10T18:21:36.010000 54.96479999999999 39.5625 0
2025-07-10T18:21:37.010000 54.96479999999999 39.5625 0
2025-07-10T18:21:38.010000 54.97419 39.5625 0
2025-07-10T18:21:39.010000 54.987336 39.5625 0
2025-07-10T18:21:40.010000 54.96479999999999 39.5625 0
2025-07-10T18:21:41.010000 54.96951 39.5625 0
2025-07-10T18:21:42.010000 54.975789999999996 39.5625 0
2025-07-10T18:21:43.010000 54.96951 39.5625 0
2025-07-10T18:21:44.010000 54.98518 39.5625 0
2025-07-10T18:21:45.010000 54.99142 39.5625 0
2025-07-10T18:21:46.010000 54.985491999999994 39.5625 0
2025-07-10T18:21:47.010000 54.98608399999999 39.5625 0
2025-07-10T18:21:48.010000 54.974816000000004 39.5625 0
2025-07-10T18:21:49.010000 54.996100000000006 39.5625 0
2025-07-10T18:21:50.010000 54.991108000000004 39.5625 0
2025-07-10T18:21:51.010000 54.990483999999995 39.5625 0
2025-07-10T18:21:52.011000 55.006707999999996 39.5625 0
2025-07-10T18:21:53.010000 54.996100000000006 39.5625 0
2025-07-10T18:21:54.010000 55.00109200000001 39.5625 0
2025-07-10T18:21:55.010000 55.0117 39.5625 16384
2025-07-10T18:21:56.010000 55.00660612244898 39.5625 16384
2025-07-10T18:21:57.010000 55.000156000000004 39.5625 16384
2025-07-10T18:21:58.010000 55.007644 39.5625 16384
2025-07-10T18:21:59.010000 55.00319799999999 39.5625 16384
2025-07-10T18:22:00.010000 55.02035800000001 39.5825 16384
2025-07-10T18:22:01.010000 55.0117 39.625 16384
2025-07-10T18:22:02.010000 55.0117 39.625 16384
2025-07-10T18:22:03.010000 55.007332 39.625 16384
2025-07-10T18:22:04.010000 54.991732 39.625 16384
2025-07-10T18:22:05.010000 54.98049999999999 39.625 16384
2025-07-10T18:22:06.010000 54.992512 39.625 0
2025-07-10T18:22:07.010000 55.020124 39.625 0
2025-07-10T18:22:08.010000 55.0117 39.625 0
2025-07-10T18:22:09.010000 55.0117 39.625 0
2025-07-10T18:22:10.010000 55.0117 39.625 0
2025-07-10T18:22:11.011000 55.0117 39.625 0
2025-07-10T18:22:12.010000 55.0117 39.625 0
2025-07-10T18:22:13.010000 55.0117 39.625 0
2025-07-10T18:22:14.010000 55.01520999999999 39.625 0
2025-07-10T18:22:15.010000 55.019890000000004 39.625 0
2025-07-10T18:22:16.011000 55.01520999999999 39.625 0
2025-07-10T18:22:17.010000 55.0234 39.625 0
2025-07-10T18:22:18.010000 55.019890000000004 39.625 0
2025-07-10T18:22:19.010000 55.0117 39.625 0
2025-07-10T18:22:20.010000 55.02008775510204 39.625 0
2025-07-10T18:22:21.010000 55.03439 39.625 0
2025-07-10T18:22:22.010000 55.0234 39.625 0
2025-07-10T18:22:23.010000 55.02811 39.625 0
2025-07-10T18:22:24.010000 55.0391 39.625 0
2025-07-10T18:22:25.010000 55.034076 39.625 0
2025-07-10T18:22:26.010000 55.033415999999995 39.625 0
2025-07-10T18:22:27.010000 55.04970800000001 39.625 0
2025-07-10T18:22:28.010000 55.044092 39.625 0
2025-07-10T18:22:29.012000 55.04970800000001 39.625 0
2025-07-10T18:22:30.010000 55.034076 39.625 0
2025-07-10T18:22:31.010000 55.0234 39.625 0
2025-07-10T18:22:32.010000 55.0234 39.625 0
2025-07-10T18:22:33.010000 55.028424 39.625 0
2025-07-10T18:22:34.010000 55.0391 39.625 0
2025-07-10T18:22:35.011000 55.043155999999996 39.625 0
2025-07-10T18:22:36.010000 55.05064400000001 39.625 0
2025-07-10T18:22:37.010000 55.043155999999996 39.625 0
2025-07-10T18:22:38.012000 55.058755999999995 39.625 0
2025-07-10T18:22:39.010000 55.062188000000006 39.625 0
2025-07-10T18:22:40.010000 55.0391 39.625 0
2025-07-10T18:22:41.010000 55.043155999999996 39.625 0
2025-07-10T18:22:42.010000 55.05470000000001 39.625 0
2025-07-10T18:22:43.010000 55.05470000000001 39.625 0
2025-07-10T18:22:44.010000 55.05906799999999 39.625 0
2025-07-10T18:22:45.010000 55.07029999999999 39.625 0
2025-07-10T18:22:46.016000 55.07029999999999 39.625 0
2025-07-10T18:22:47.010000 55.06593200000001 39.625 0
2025-07-10T18:22:48.010000 55.05906799999999 39.625 0
2025-07-10T18:22:49.010000 55.06593200000001 39.625 0
2025-07-10T18:22:50.010000 55.050332000000004 39.625 0
2025-07-10T18:22:51.010000 55.04346799999999 39.625 0
2025-07-10T18:22:52.010000 55.05937999999999 39.625 0
2025-07-10T18:22:53.010000 55.07029999999999 39.625 0
2025-07-10T18:22:54.010000 55.07029999999999 39.625 0
2025-07-10T18:22:55.010000 55.07029999999999 39.625 0
2025-07-10T18:22:56.010000 55.07029999999999 39.625 16384
2025-07-10T18:22:57.010000 55.06562000000001 39.625 16384
2025-07-10T18:22:58.010000 55.05937999999999 39.625 16384
2025-07-10T18:22:59.010000 55.07029999999999 39.625 0
2025-07-10T18:23:00.010000 55.07029999999999 39.625 0
2025-07-10T18:23:01.010000 55.07029999999999 39.65 0
2025-07-10T18:23:02.010000 55.06562000000001 39.6875 0
2025-07-10T18:23:03.010000 55.064684 39.6875 0
2025-07-10T18:23:04.010000 55.0859 39.635 16384
2025-07-10T18:23:05.010000 55.080908 39.625 16384
2025-07-10T18:23:06.012000 55.07529199999999 39.625 16384
2025-07-10T18:23:07.010000 55.080908 39.625 0
2025-07-10T18:23:08.010000 55.07529199999999 39.625 0
2025-07-10T18:23:09.010000 55.0859 39.6725 16384
2025-07-10T18:23:10.010000 55.0859 39.6875 16384
2025-07-10T18:23:11.010000 55.0859 39.6875 16384
2025-07-10T18:23:12.010000 55.090924 39.6875 16384
2025-07-10T18:23:13.010000 55.093462 39.6875 16384
2025-07-10T18:23:14.010000 55.07435599999999 39.6875 0
2025-07-10T18:23:15.010000 55.089982 39.6875 0
2025-07-10T18:23:16.010000 55.097518 39.6875 0
2025-07-10T18:23:17.010000 55.0859 39.6875 0
2025-07-10T18:23:18.010000 55.0859 39.6875 0
2025-07-10T18:23:19.010000 55.08153200000001 39.6875 0
2025-07-10T18:23:20.011000 55.074667999999996 39.6875 0
2025-07-10T18:23:21.010000 55.08153200000001 39.6875 0
2025-07-10T18:23:22.010000 55.074667999999996 39.6875 0
2025-07-10T18:23:23.010000 55.08153200000001 39.6875 0
2025-07-10T18:23:24.010000 55.07029999999999 39.6875 0
2025-07-10T18:23:25.010000 55.07029999999999 39.6875 0
2025-07-10T18:23:26.010000 55.06593200000001 39.6875 0
2025-07-10T18:23:27.010000 55.050332000000004 39.6875 0
2025-07-10T18:23:28.010000 55.04346799999999 39.6875 0
2025-07-10T18:23:29.010000 55.05470000000001 39.6875 0
2025-07-10T18:23:30.010000 55.05470000000001 39.6875 0
2025-07-10T18:23:31.010000 55.05470000000001 39.6875 0
2025-07-10T18:23:32.010000 55.05470000000001 39.6875 0
2025-07-10T18:23:33.010000 55.05470000000001 39.6875 0
2025-07-10T18:23:34.010000 55.05470000000001 39.6875 0
2025-07-10T18:23:35.010000 55.05470000000001 39.6875 0
2025-07-10T18:23:36.010000 55.05937999999999 39.6875 0
2025-07-10T18:23:37.010000 55.06094000000001 39.6875 0
2025-07-10T18:23:38.010000 55.04378 39.6875 0
2025-07-10T18:23:39.010000 55.05470000000001 39.6875 0
2025-07-10T18:23:40.010000 55.05937999999999 39.6875 0
2025-07-10T18:23:41.010000 55.060316 39.6875 0
2025-07-10T18:23:42.010000 55.044092 39.6875 0
2025-07-10T18:23:43.010000 55.05470000000001 39.6875 0
2025-07-10T18:23:44.010000 55.04970800000001 39.6875 0
2025-07-10T18:23:45.010000 55.044092 39.6875 0
2025-07-10T18:23:46.010000 55.059692 39.6875 0
2025-07-10T18:23:47.010000 55.065308 39.6475 0
2025-07-10T18:23:48.010000 55.05470000000001 39.625 0
2025-07-10T18:23:49.010000 55.05470000000001 39.63125 0
2025-07-10T18:23:50.010000 55.04939600000001 39.6875 0
2025-07-10T18:23:51.010000 55.047212 39.6875 0
2025-07-10T18:23:52.010000 55.07029999999999 39.6875 16384
2025-07-10T18:23:53.010000 55.06607500000001 39.6875 16384
2025-07-10T18:23:54.010000 55.05470000000001 39.6875 16384
2025-07-10T18:23:55.010000 55.05470000000001 39.6875 0
2025-07-10T18:23:56.014000 55.05470000000001 39.6875 0
2025-07-10T18:23:57.010000 55.05906799999999 39.6875 0
2025-07-10T18:23:58.010000 55.061564000000004 39.6875 0
2025-07-10T18:23:59.010000 55.0391 39.6875 0
2025-07-10T18:24:00.010000 55.03493469387755 39.6875 0
2025-07-10T18:24:01.010000 55.02023125 39.6875 0
2025-07-10T18:24:02.010000 55.0117 39.6875 0
2025-07-10T18:24:03.010000 55.0117 39.6875 0
2025-07-10T18:24:04.010000 55.01497599999999 39.6875 0
2025-07-10T18:24:05.010000 55.0234 39.6875 0
2025-07-10T18:24:06.010000 55.019890000000004 39.6875 0
2025-07-10T18:24:07.010000 55.01520999999999 39.6875 0
2025-07-10T18:24:08.011000 55.02811 39.6875 0
2025-07-10T18:24:09.010000 55.0391 39.6875 0
2025-07-10T18:24:10.010000 55.0391 39.6875 0
2025-07-10T18:24:11.010000 55.03439 39.6875 0
2025-07-10T18:24:12.017000 55.02811 39.6775 0
2025-07-10T18:24:13.010000 55.0391 39.625 0
2025-07-10T18:24:14.010000 55.04355714285714 39.625 0
2025-07-10T18:24:15.004000 55.05011176470589 39.66299019607843 0
2025-07-10T18:24:16.011000 55.03386666666666 39.6875 0
2025-07-10T18:24:17.031000 55.0234 39.6875 0
2025-07-10T18:24:18.010000 55.0234 39.6875 16384
2025-07-10T18:24:19.010000 55.0234 39.6875 16384
2025-07-10T18:24:20.010000 55.0234 39.6875 16384
2025-07-10T18:24:21.010000 55.028424 39.6875 0
2025-07-10T18:24:22.010000 55.0391 39.6875 0
2025-07-10T18:24:23.010000 55.0391 39.6875 0
2025-07-10T18:24:24.010000 55.044092 39.6875 0
2025-07-10T18:24:25.010000 55.04970800000001 39.6875 0
2025-07-10T18:24:26.010000 55.04440400000001 39.6875 0
2025-07-10T18:24:27.010000 55.04917500000001 39.6875 0
2025-07-10T18:24:28.010000 55.0391 39.6875 0
2025-07-10T18:24:29.010000 55.0391 39.6875 0
2025-07-10T18:24:30.010000 55.0391 39.6675 0
2025-07-10T18:24:31.010000 55.043155999999996 39.625 0
2025-07-10T18:24:32.010000 55.05470000000001 39.625 0
2025-07-10T18:24:33.010000 55.05470000000001 39.67375 0
2025-07-10T18:24:34.010000 55.05470000000001 39.6875 0
2025-07-10T18:24:35.010000 55.05470000000001 39.6875 16384
2025-07-10T18:24:36.010000 55.05906799999999 39.6875 16384
2025-07-10T18:24:37.010000 55.07029999999999 39.6875 16384
2025-07-10T18:24:38.010000 55.05716799999999 39.6875 0
2025-07-10T18:24:39.010000 55.032163999999995 39.6875 0
2025-07-10T18:24:40.010000 55.05906799999999 39.6875 0
2025-07-10T18:24:41.010000 55.06593200000001 39.6875 0
2025-07-10T18:24:42.010000 55.05470000000001 39.6875 0
2025-07-10T18:24:43.010000 55.05937999999999 39.64875 0
2025-07-10T18:24:44.010000 55.06562000000001 39.625 0
2025-07-10T18:24:45.010000 55.05002 39.63125 0
2025-07-10T18:24:46.010000 55.048460000000006 39.6875 0
2025-07-10T18:24:47.010000 55.07029999999999 39.6875 0
2025-07-10T18:24:48.010000 55.06575000000001 39.6875 0
2025-07-10T18:24:49.010000 55.059475510204074 39.6875 0
2025-07-10T18:24:50.010000 55.06094000000001 39.6875 0
2025-07-10T18:24:51.010000 55.04378 39.6875 0
2025-07-10T18:24:52.010000 55.05470000000001 39.6875 0
2025-07-10T18:24:53.010000 55.05470000000001 39.6575 0
2025-07-10T18:24:54.010000 55.05470000000001 39.625 0
2025-07-10T18:24:55.014000 55.05470000000001 39.625 0
2025-07-10T18:24:56.010000 55.05470000000001 39.625 0
2025-07-10T18:24:57.010000 55.059692 39.625 0
2025-07-10T18:24:58.010000 55.060316 39.625 0
2025-07-10T18:24:59.010000 55.044092 39.625 0
2025-07-10T18:25:00.010000 55.05470000000001 39.625 0
2025-07-10T18:25:01.011000 55.05470000000001 39.625 0
2025-07-10T18:25:02.010000 55.05470000000001 39.625 0
2025-07-10T18:25:03.010000 55.04939600000001 39.625 0
2025-07-10T18:25:04.010000 55.04440400000001 39.625 0
2025-07-10T18:25:05.010000 55.04939600000001 39.625 0
2025-07-10T18:25:06.010000 55.029784 39.625 0
2025-07-10T18:25:07.010000 55.01567799999999 39.625 0
2025-07-10T18:25:08.010000 55.020124 39.625 0
2025-07-10T18:25:09.010000 55.01497599999999 39.625 0
2025-07-10T18:25:10.010000 55.020124 39.625 0
2025-07-10T18:25:11.010000 55.01497599999999 39.625 0
2025-07-10T18:25:12.010000 55.0234 39.625 0
2025-07-10T18:25:13.010000 55.020124 39.625 0
2025-07-10T18:25:14.010000 55.0117 39.625 0
2025-07-10T18:25:15.010000 55.0117 39.625 0
2025-07-10T18:25:16.010000 55.007332 39.625 0
2025-07-10T18:25:17.010000 54.996100000000006 39.625 0
2025-07-10T18:25:18.010000 54.996100000000006 39.625 0
2025-07-10T18:25:19.010000 54.996100000000006 39.625 0
2025-07-10T18:25:20.010000 54.996100000000006 39.625 0
2025-07-10T18:25:21.010000 55.000780000000006 39.625 0
2025-07-10T18:25:22.010000 55.0117 39.625 0
2025-07-10T18:25:23.010000 55.00234 39.625 0
2025-07-10T18:25:24.010000 54.98986000000001 39.625 0
2025-07-10T18:25:25.010000 55.0117 39.625 0
2025-07-10T18:25:26.010000 55.006924489795914 39.625 0
2025-07-10T18:25:27.010000 54.99142 39.625 0
2025-07-10T18:25:28.010000 54.98049999999999 39.625 0
2025-07-10T18:25:29.010000 54.98049999999999 39.625 0
2025-07-10T18:25:30.010000 54.985491999999994 39.625 0
2025-07-10T18:25:31.010000 54.996100000000006 39.625 0
2025-07-10T18:25:32.010000 54.996100000000006 39.625 0
2025-07-10T18:25:33.010000 54.996100000000006 39.625 0
2025-07-10T18:25:34.010000 54.991108000000004 39.625 0
2025-07-10T18:25:35.010000 54.99422799999999 39.625 0
2025-07-10T18:25:36.010000 55.014664 39.625 0
2025-07-10T18:25:37.010000 55.000975000000004 39.625 0
2025-07-10T18:25:38.010000 55.0117 39.625 0
2025-07-10T18:25:39.010000 55.006707999999996 39.625 0
2025-07-10T18:25:40.010000 54.991108000000004 39.625 0
2025-07-10T18:25:41.010000 54.98580400000001 39.625 0
2025-07-10T18:25:42.010000 55.001404 39.625 0
2025-07-10T18:25:43.010000 55.0117 39.625 0
2025-07-10T18:25:44.010000 55.001092 39.625 0
2025-07-10T18:25:45.010000 54.9909 39.625 0
2025-07-10T18:25:46.010000 55.015042857142845 39.625 0
2025-07-10T18:25:47.010000 55.020124 39.625 0
2025-07-10T18:25:48.011000 55.0117 39.625 0
2025-07-10T18:25:49.010000 55.0117 39.625 0
2025-07-10T18:25:50.010000 55.0117 39.625 0
2025-07-10T18:25:51.010000 55.01497599999999 39.625 0
2025-07-10T18:25:52.010000 55.015756 39.625 0
2025-07-10T18:25:53.024000 55.000468 39.625 0
2025-07-10T18:25:54.010000 55.0117 39.625 0
2025-07-10T18:25:55.010000 55.0117 39.625 0
2025-07-10T18:25:56.010000 55.01520999999999 39.625 0
2025-07-10T18:25:57.010000 55.02811 39.625 0
2025-07-10T18:25:58.010000 55.0391 39.625 0
2025-07-10T18:25:59.010000 55.03419375000001 39.595052083333336 0
2025-07-10T18:26:00.010000 55.03279 39.5625 0
2025-07-10T18:26:01.010000 55.05002 39.5625 0
2025-07-10T18:26:02.010000 55.0391 39.6175 0
2025-07-10T18:26:03.010000 55.0391 39.625 0
2025-07-10T18:26:04.010000 55.0391 39.60459183673469 0
2025-07-10T18:26:05.010000 55.0443 39.5625 0
2025-07-10T18:26:06.010000 55.05470000000001 39.5625 0
2025-07-10T18:26:07.010000 55.05470000000001 39.5625 0
2025-07-10T18:26:08.011000 55.05470000000001 39.5625 0
2025-07-10T18:26:09.010000 55.05470000000001 39.5625 0
2025-07-10T18:26:10.010000 55.05470000000001 39.5625 0
2025-07-10T18:26:11.013000 55.059692 39.5625 0
2025-07-10T18:26:12.010000 55.07029999999999 39.5625 0
2025-07-10T18:26:13.010000 55.07529199999999 39.5625 0
2025-07-10T18:26:14.010000 55.075916 39.5625 0
2025-07-10T18:26:15.010000 55.06970800000001 39.5625 0
2025-07-10T18:26:16.010000 55.1016 39.5625 0
2025-07-10T18:26:17.010000 55.1016 39.5625 0
2025-07-10T18:26:18.010000 55.09626199999999 39.5625 0
2025-07-10T18:26:19.010000 55.0859 39.5625 0
2025-07-10T18:26:20.010000 55.0859 39.5625 0
2025-07-10T18:26:21.010000 55.0859 39.5625 0
2025-07-10T18:26:22.010000 55.09123800000001 39.5625 0
2025-07-10T18:26:23.010000 55.1016 39.5625 0
2025-07-10T18:26:24.015000 55.097204000000005 39.5625 0
2025-07-10T18:26:25.010000 55.0859 39.5625 0
2025-07-10T18:26:26.010000 55.090295999999995 39.5625 0
2025-07-10T18:26:27.010000 55.1016 39.5625 0
2025-07-10T18:26:28.010000 55.097204000000005 39.5625 0
2025-07-10T18:26:29.010000 55.0859 39.5625 0
2025-07-10T18:26:30.010000 55.090295999999995 39.5625 0
2025-07-10T18:26:31.010000 55.09221 39.5625 0
2025-07-10T18:26:32.010000 55.07969000000001 39.5625 0
2025-07-10T18:26:33.010000 55.097204000000005 39.5625 0
2025-07-10T18:26:34.010000 55.09529 39.5625 0
2025-07-10T18:26:35.010000 55.10780999999999 39.5625 0
2025-07-10T18:26:36.010000 55.09061 39.5625 0
2025-07-10T18:26:37.010000 55.1016 39.5625 0
2025-07-10T18:26:38.010000 55.1016 39.5625 0
2025-07-10T18:26:39.010000 55.09689 39.5625 0
2025-07-10T18:26:40.010000 55.0859 39.51625 0
2025-07-10T18:26:41.010000 55.080908 39.5 0
2025-07-10T18:26:42.010000 55.07029999999999 39.51375 0
2025-07-10T18:26:43.010000 55.07029999999999 39.5625 0
2025-07-10T18:26:44.010000 55.060316 39.5625 0
2025-07-10T18:26:45.011000 55.0391 39.5625 16384
2025-07-10T18:26:46.010000 55.049084 39.5625 16384
2025-07-10T18:26:47.010000 55.065308 39.5625 16384
2025-07-10T18:26:48.010000 55.05470000000001 39.5625 0
2025-07-10T18:26:49.010000 55.059692 39.5625 0
2025-07-10T18:26:50.010000 55.065308 39.5625 0
2025-07-10T18:26:51.010000 55.059793877551016 39.5625 0
2025-07-10T18:26:52.010000 55.060316 39.5575 0
2025-07-10T18:26:53.010000 55.04440400000001 39.5 0
2025-07-10T18:26:54.010000 55.04939600000001 39.5 0
2025-07-10T18:26:55.010000 55.04440400000001 39.5 0
2025-07-10T18:26:56.010000 55.05470000000001 39.5 0
2025-07-10T18:26:57.010000 55.06530799999999 39.5 0
2025-07-10T18:26:58.010000 55.08059599999999 39.5 16384
2025-07-10T18:26:59.010000 55.07029999999999 39.5 16384
2025-07-10T18:27:00.010000 55.0755 39.5 16384
2025-07-10T18:27:01.010000 55.075292 39.5 0
2025-07-10T18:27:02.010000 55.05906799999999 39.5 0
2025-07-10T18:27:03.010000 55.06593200000001 39.55625 0
2025-07-10T18:27:04.010000 55.05470000000001 39.5625 0
2025-07-10T18:27:05.010000 55.05906799999999 39.54125 0
2025-07-10T18:27:06.010000 55.07029999999999 39.5 0
2025-07-10T18:27:07.010000 55.07029999999999 39.5 0
2025-07-10T18:27:08.010000 55.07029999999999 39.5 0
2025-07-10T18:27:09.010000 55.07029999999999 39.5 0
2025-07-10T18:27:10.010000 55.06562000000001 39.5 0
2025-07-10T18:27:11.010000 55.06405999999999 39.5 0
2025-07-10T18:27:12.011000 55.0859 39.5 0
2025-07-10T18:27:13.010000 55.0859 39.5 0
2025-07-10T18:27:14.010000 55.08122 39.5 0
2025-07-10T18:27:15.010000 55.07498 39.5 0
2025-07-10T18:27:16.010000 55.0859 39.5 0
2025-07-10T18:27:17.010000 55.0859 39.5 0
2025-07-10T18:27:18.011000 55.0859 39.5 0
2025-07-10T18:27:19.010000 55.0859 39.5 0
2025-07-10T18:27:20.010000 55.0859 39.5 0
2025-07-10T18:27:21.010000 55.0859 39.5 0
2025-07-10T18:27:22.010000 55.0859 39.5 0
2025-07-10T18:27:23.010000 55.080908 39.5 0
2025-07-10T18:27:24.010000 55.07529199999999 39.5 0
2025-07-10T18:27:25.010000 55.0859 39.5 0
2025-07-10T18:27:26.010000 55.090924 39.5 0
2025-07-10T18:27:27.010000 55.1016 39.5 0
2025-07-10T18:27:28.010000 55.096576 39.5 0
2025-07-10T18:27:29.010000 55.090924 39.5 0
2025-07-10T18:27:30.012000 55.096576 39.5 0
2025-07-10T18:27:31.010000 55.0859 39.5 0
2025-07-10T18:27:32.010000 55.0859 39.5 0
2025-07-10T18:27:33.010000 55.0859 39.5 0
2025-07-10T18:27:34.010000 55.09123800000001 39.5 0
2025-07-10T18:27:35.010000 55.1016 39.5 0
2025-07-10T18:27:36.010000 55.1016 39.5 0
2025-07-10T18:27:37.010000 55.09636666666666 39.5 0
2025-07-10T18:27:38.010000 55.09123800000001 39.5 0
2025-07-10T18:27:39.010000 55.090958 39.5 0
2025-07-10T18:27:40.010000 55.07906400000001 39.5 0
2025-07-10T18:27:41.010000 55.1016 39.5 0
2025-07-10T18:27:42.010000 55.097204000000005 39.5 0
2025-07-10T18:27:43.010000 55.0859 39.5 0
2025-07-10T18:27:44.010000 55.0859 39.5 0
2025-07-10T18:27:45.010000 55.0859 39.5 0
2025-07-10T18:27:46.010000 55.0859 39.45625 0
2025-07-10T18:27:47.010000 55.0859 39.4375 0
2025-07-10T18:27:48.010000 55.09061 39.4375 0
2025-07-10T18:27:49.010000 55.1016 39.4375 0
2025-07-10T18:27:50.010000 55.09221 39.4375 0
2025-07-10T18:27:51.032000 55.07988163265306 39.4375 0
2025-07-10T18:27:52.010000 55.09689 39.4375 0
2025-07-10T18:27:53.010000 55.0859 39.4375 0
2025-07-10T18:27:54.010000 55.0859 39.4375 0
2025-07-10T18:27:55.024000 55.0859 39.4375 0
2025-07-10T18:27:56.010000 55.08122 39.4375 0
2025-07-10T18:27:57.010000 55.080316 39.4375 0
2025-07-10T18:27:58.012000 55.1016 39.4375 0
2025-07-10T18:27:59.010000 55.1016 39.4375 0
2025-07-10T18:28:00.010000 55.106592 39.4375 0
2025-07-10T18:28:01.011000 55.107184 39.4375 0
2025-07-10T18:28:02.010000 55.095915999999995 39.4375 0
2025-07-10T18:28:03.010000 55.11720000000001 39.4375 0
2025-07-10T18:28:04.010000 55.11220800000001 39.4375 0
2025-07-10T18:28:05.010000 55.106592 39.4375 0
2025-07-10T18:28:06.010000 55.11720000000001 39.4375 0
2025-07-10T18:28:07.010000 55.11220800000001 39.4375 0
2025-07-10T18:28:08.010000 55.1016 39.4375 0
2025-07-10T18:28:09.010000 55.090958 39.4375 0
2025-07-10T18:28:10.010000 55.08115918367348 39.4375 0
2025-07-10T18:28:11.010000 55.090958 39.4375 0
2025-07-10T18:28:12.010000 55.07560399999999 39.4375 0
2025-07-10T18:28:13.010000 55.0859 39.4375 0
2025-07-10T18:28:14.010000 55.0859 39.4375 0
2025-07-10T18:28:15.010000 55.0859 39.4375 0
2025-07-10T18:28:16.010000 55.0859 39.4375 0
2025-07-10T18:28:17.010000 55.0859 39.4375 0
2025-07-10T18:28:18.010000 55.0859 39.4375 0
2025-07-10T18:28:19.010000 55.0859 39.4375 0
2025-07-10T18:28:20.010000 55.08153200000001 39.4375 0
2025-07-10T18:28:21.011000 55.07029999999999 39.4375 0
2025-07-10T18:28:22.010000 55.07029999999999 39.4375 0
2025-07-10T18:28:23.010000 55.07029999999999 39.4375 0
2025-07-10T18:28:24.010000 55.07029999999999 39.4375 0
2025-07-10T18:28:25.010000 55.07029999999999 39.4375 0
2025-07-10T18:28:26.010000 55.07029999999999 39.4375 0
2025-07-10T18:28:27.010000 55.070299999999996 39.4375 0
2025-07-10T18:28:28.010000 55.07507551020407 39.4375 0
2025-07-10T18:28:29.010000 55.08122 39.4025 0
2025-07-10T18:28:30.010000 55.07029999999999 39.375 0
2025-07-10T18:28:31.010000 55.07029999999999 39.3775 0
2025-07-10T18:28:32.011000 55.07029999999999 39.4375 0
2025-07-10T18:28:33.010000 55.07498 39.4375 0
2025-07-10T18:28:34.010000 55.0859 39.40625 16384
2025-07-10T18:28:35.010000 55.0859 39.375 16384
2025-07-10T18:28:36.010000 55.090924 39.375 16384
2025-07-10T18:28:37.010000 55.096576 39.4375 0
2025-07-10T18:28:38.010000 55.090924 39.4375 0
2025-07-10T18:28:39.010000 55.091584000000005 39.4375 0
2025-07-10T18:28:40.010000 55.080316 39.4375 0
2025-07-10T18:28:41.010000 55.096576 39.4375 0
2025-07-10T18:28:42.010000 55.0859 39.4375 0
2025-07-10T18:28:43.010000 55.090924 39.4375 0
2025-07-10T18:28:44.010000 55.09689 39.41875 0
2025-07-10T18:28:45.010000 55.0859 39.375 0
2025-07-10T18:28:46.010000 55.0859 39.375 0
2025-07-10T18:28:47.010000 55.0859 39.375 0
2025-07-10T18:28:48.010000 55.0859 39.375 0
2025-07-10T18:28:49.010000 55.08059599999999 39.375 0
2025-07-10T18:28:50.010000 55.07029999999999 39.375 0
2025-07-10T18:28:51.011000 55.07560399999999 39.375 0
2025-07-10T18:28:52.010000 55.0859 39.375 0
2025-07-10T18:28:53.010000 55.08059599999999 39.375 0
2025-07-10T18:28:54.011000 55.07560399999999 39.375 0
2025-07-10T18:28:55.010000 55.08059599999999 39.375 0
2025-07-10T18:28:56.010000 55.07560399999999 39.375 0
2025-07-10T18:28:57.010000 55.08153200000001 39.375 0
2025-07-10T18:28:58.010000 55.07029999999999 39.375 0
2025-07-10T18:28:59.010000 55.07029999999999 39.375 0
2025-07-10T18:29:00.010000 55.07906400000001 39.375 0
2025-07-10T18:29:01.010000 55.092836000000005 39.375 0
2025-07-10T18:29:02.010000 55.06593200000001 39.375 0
2025-07-10T18:29:03.010000 55.06405999999999 39.375 0
2025-07-10T18:29:04.010000 55.09061 39.375 0
2025-07-10T18:29:05.010000 55.09689 39.375 0
2025-07-10T18:29:06.010000 55.0859 39.375 0
2025-07-10T18:29:07.010000 55.0859 39.375 0
2025-07-10T18:29:08.012000 55.0859 39.375 0
2025-07-10T18:29:09.010000 55.09061 39.375 0
2025-07-10T18:29:10.010000 55.09221 39.375 0
2025-07-10T18:29:11.011000 55.07498 39.375 0
2025-07-10T18:29:12.010000 55.09061 39.375 0
2025-07-10T18:29:13.010000 55.1016 39.375 0
2025-07-10T18:29:14.010000 55.096576 39.375 0
2025-07-10T18:29:15.010000 55.080908 39.375 0
2025-07-10T18:29:16.010000 55.080316 39.375 0
2025-07-10T18:29:17.010000 55.096576 39.375 0
2025-07-10T18:29:18.010000 55.090924 39.375 0
2025-07-10T18:29:19.010000 55.096576 39.375 0
2025-07-10T18:29:20.010000 55.075916 39.375 0
2025-07-10T18:29:21.010000 55.064684 39.375 0
2025-07-10T18:29:22.010000 55.090924 39.375 0
2025-07-10T18:29:23.010000 55.1016 39.375 0
2025-07-10T18:29:24.010000 55.1016 39.375 0
2025-07-10T18:29:25.010000 55.1016 39.375 0
2025-07-10T18:29:26.010000 55.1016 39.375 0
2025-07-10T18:29:27.010000 55.1016 39.375 0
2025-07-10T18:29:28.010000 55.10690400000001 39.375 0
2025-07-10T18:29:29.010000 55.11189600000001 39.375 0
2025-07-10T18:29:30.010000 55.1016 39.375 0
2025-07-10T18:29:31.010000 55.09626199999999 39.375 0
2025-07-10T18:29:32.010000 55.0859 39.37109375 0
2025-07-10T18:29:33.010000 55.080487755102034 39.3125 0
2025-07-10T18:29:34.010000 55.06499600000001 39.3125 0
2025-07-10T18:29:35.010000 55.063435999999996 39.345 0
2025-07-10T18:29:36.010000 55.0859 39.375 0
2025-07-10T18:29:37.010000 55.08153200000001 39.375 0
2025-07-10T18:29:38.010000 55.07029999999999 39.375 0
2025-07-10T18:29:39.010000 55.07029999999999 39.375 0
2025-07-10T18:29:40.010000 55.07029999999999 39.34625 0
2025-07-10T18:29:41.010000 55.06562000000001 39.3125 0
2025-07-10T18:29:42.010000 55.05937999999999 39.3125 0
2025-07-10T18:29:43.010000 55.07029999999999 39.3125 0
2025-07-10T18:29:44.010000 55.07029999999999 39.3125 0
2025-07-10T18:29:45.010000 55.07485 39.3125 0
2025-07-10T18:29:46.010000 55.0859 39.3125 0
2025-07-10T18:29:47.010000 55.0859 39.3125 0
2025-07-10T18:29:48.010000 55.08122 39.3125 16384
2025-07-10T18:29:49.012000 55.07029999999999 39.3125 16384
2025-07-10T18:29:50.010000 55.065308 39.3125 16384
2025-07-10T18:29:51.010000 55.05470000000001 39.3125 0
2025-07-10T18:29:52.010000 55.064684 39.3125 0
2025-07-10T18:29:53.010000 55.0859 39.36 0
2025-07-10T18:29:54.010000 55.0859 39.375 0
2025-07-10T18:29:55.010000 55.080908 39.36 0
2025-07-10T18:29:56.010000 55.065308 39.3125 0
2025-07-10T18:29:57.011000 55.059692 39.3125 0
2025-07-10T18:29:58.010000 55.07029999999999 39.3125 0
2025-07-10T18:29:59.010000 55.065308 39.3125 0
2025-07-10T18:30:00.010000 55.059692 39.3125 0
2025-07-10T18:30:01.010000 55.07529199999999 39.3125 0
2025-07-10T18:30:02.010000 55.08059599999999 39.3125 0
2025-07-10T18:30:03.010000 55.07560399999999 39.3125 0
2025-07-10T18:30:04.010000 55.0859 39.3125 0
2025-07-10T18:30:05.011000 55.08059599999999 39.3125 0
2025-07-10T18:30:06.010000 55.07560399999999 39.3125 0
2025-07-10T18:30:07.010000 55.075292 39.3125 0
2025-07-10T18:30:08.010000 55.06000399999999 39.3125 0
2025-07-10T18:30:09.010000 55.06499600000001 39.3125 0
2025-07-10T18:30:10.010000 55.05470000000001 39.3125 0
2025-07-10T18:30:11.010000 55.05470000000001 39.3125 0
2025-07-10T18:30:12.011000 55.05470000000001 39.3125 0
2025-07-10T18:30:13.010000 55.054700000000004 39.3125 0
2025-07-10T18:30:14.010000 55.05470000000001 39.3125 0
2025-07-10T18:30:15.010000 55.05906799999999 39.3125 0
2025-07-10T18:30:16.010000 55.07029999999999 39.3125 0
2025-07-10T18:30:17.010000 55.06562000000001 39.3125 0
2025-07-10T18:30:18.010000 55.05470000000001 39.3125 0
2025-07-10T18:30:19.010000 55.05470000000001 39.3125 0
2025-07-10T18:30:20.010000 55.05937999999999 39.3125 0
2025-07-10T18:30:21.010000 55.07498 39.3125 0
2025-07-10T18:30:22.010000 55.076539999999994 39.3125 0
2025-07-10T18:30:23.010000 55.059475510204074 39.3125 0
2025-07-10T18:30:24.010000 55.070299999999996 39.3125 0
2025-07-10T18:30:25.010000 55.07029999999999 39.3125 0
2025-07-10T18:30:26.010000 55.06562000000001 39.3125 0
2025-07-10T18:30:27.010000 55.05470000000001 39.3125 0
2025-07-10T18:30:28.010000 55.059692 39.3125 0
2025-07-10T18:30:29.014000 55.06562000000001 39.3125 0
2025-07-10T18:30:30.010000 55.064684 39.3125 0
2025-07-10T18:30:31.010000 55.0859 39.3125 0
2025-07-10T18:30:32.010000 55.0859 39.3125 0
2025-07-10T18:30:33.010000 55.080908 39.3125 0
2025-07-10T18:30:34.010000 55.07029999999999 39.3125 0
2025-07-10T18:30:35.010000 55.07029999999999 39.3125 0
2025-07-10T18:30:36.010000 55.07529199999999 39.3125 0
2025-07-10T18:30:37.010000 55.0859 39.3125 0
2025-07-10T18:30:38.010000 55.08059599999999 39.31 0
2025-07-10T18:30:39.010000 55.06499600000001 39.25 0
2025-07-10T18:30:40.010000 55.06530799999999 39.25 0
2025-07-10T18:30:41.010000 55.075292 39.28 0
2025-07-10T18:30:42.010000 55.06000399999999 39.3125 0
2025-07-10T18:30:43.010000 55.07029999999999 39.3125 0
2025-07-10T18:30:44.010000 55.07560399999999 39.25375 0
2025-07-10T18:30:45.010000 55.0859 39.25 0
2025-07-10T18:30:46.010000 55.0859 39.25 0
2025-07-10T18:30:47.010000 55.0859 39.25 0
2025-07-10T18:30:48.010000 55.08028399999999 39.25 0
2025-07-10T18:30:49.010000 55.081568000000004 39.25 0
2025-07-10T18:30:50.010000 55.08471600000001 39.25 0
2025-07-10T18:30:51.010000 55.063435999999996 39.25 0
2025-07-10T18:30:52.010000 55.08153200000001 39.25 0
2025-07-10T18:30:53.010000 55.07029999999999 39.25 0
2025-07-10T18:30:54.010000 55.07029999999999 39.25 0
2025-07-10T18:30:55.010000 55.07029999999999 39.25 0
2025-07-10T18:30:56.010000 55.07029999999999 39.25 0
2025-07-10T18:30:57.010000 55.07029999999999 39.25 0
2025-07-10T18:30:58.010000 55.07029999999999 39.25 0
2025-07-10T18:30:59.010000 55.07029999999999 39.25 0
2025-07-10T18:31:00.010000 55.06584285714286 39.25 0
2025-07-10T18:31:01.010000 55.06405999999999 39.25 0
2025-07-10T18:31:02.010000 55.076539999999994 39.25 0
2025-07-10T18:31:03.010000 55.05470000000001 39.25 0
2025-07-10T18:31:04.010000 55.05470000000001 39.25 0
2025-07-10T18:31:05.010000 55.05470000000001 39.25 0
2025-07-10T18:31:06.011000 55.05470000000001 39.25 0
2025-07-10T18:31:07.012000 55.04970800000001 39.25 0
2025-07-10T18:31:08.011000 55.0391 39.25 0
2025-07-10T18:31:09.010000 55.044092 39.25 0
2025-07-10T18:31:10.010000 55.05470000000001 39.25 0
2025-07-10T18:31:11.011000 55.05470000000001 39.25 0
2025-07-10T18:31:12.010000 55.05470000000001 39.25 0
2025-07-10T18:31:13.010000 55.05470000000001 39.25 0
2025-07-10T18:31:14.010000 55.059692 39.25 0
2025-07-10T18:31:15.010000 55.05969200000001 39.25 0
2025-07-10T18:31:16.010000 55.0391 39.25 0
2025-07-10T18:31:17.010000 55.04440400000001 39.25 0
2025-07-10T18:31:18.010000 55.05470000000001 39.25 0
2025-07-10T18:31:19.010000 55.06000399999999 39.25 0
2025-07-10T18:31:20.010000 55.05969200000001 39.25 0
2025-07-10T18:31:21.010000 55.04440400000001 39.25 0
2025-07-10T18:31:22.011000 55.06000399999999 39.25 0
2025-07-10T18:31:23.010000 55.07029999999999 39.25 0
2025-07-10T18:31:24.014000 55.06499600000001 39.25 0
2025-07-10T18:31:25.010000 55.05470000000001 39.25 0
2025-07-10T18:31:26.010000 55.060315999999986 39.25 0
2025-07-10T18:31:27.010000 55.07029999999999 39.25 0
2025-07-10T18:31:28.010000 55.064684000000014 39.25 0
2025-07-10T18:31:29.010000 55.05906799999999 39.25 0
2025-07-10T18:31:30.010000 55.07029999999999 39.25 0
2025-07-10T18:31:31.010000 55.07029999999999 39.25 0
2025-07-10T18:31:32.010000 55.07029999999999 39.25 0
2025-07-10T18:31:33.010000 55.06562000000001 39.25 0
2025-07-10T18:31:34.010000 55.05002 39.25 0
2025-07-10T18:31:35.010000 55.04378 39.25 0
2025-07-10T18:31:36.010000 55.05937999999999 39.25 0
2025-07-10T18:31:37.010000 55.07498 39.25 0
2025-07-10T18:31:38.010000 55.071859999999994 39.25 0
2025-07-10T18:31:39.010000 55.048460000000006 39.25 0
2025-07-10T18:31:40.010000 55.065308 39.25 0
2025-07-10T18:31:41.011000 55.05470000000001 39.25 0
2025-07-10T18:31:42.010000 55.05470000000001 39.215 0
2025-07-10T18:31:43.010000 55.05470000000001 39.1875 0
2025-07-10T18:31:44.010000 55.05470000000001 39.1875 0
2025-07-10T18:31:45.010000 55.04970800000001 39.1875 0
2025-07-10T18:31:46.010000 55.044092 39.1875 0
2025-07-10T18:31:47.010000 55.05470000000001 39.21875 0
2025-07-10T18:31:48.010000 55.044684 39.25 0
2025-07-10T18:31:49.010000 55.019656000000005 39.25 0
2025-07-10T18:31:50.010000 55.006707999999996 39.19 16384
2025-07-10T18:31:51.010000 55.001404 39.1875 16384
2025-07-10T18:31:52.010000 55.01567799999999 39.1875 16384
2025-07-10T18:31:53.010000 55.014117999999996 39.1875 0
2025-07-10T18:31:54.010000 54.996100000000006 39.1875 0
2025-07-10T18:31:55.010000 54.985458 39.245 16384
2025-07-10T18:31:56.010000 54.970138 39.25 16384
2025-07-10T18:31:57.010000 54.98049999999999 39.25 16384
2025-07-10T18:31:58.010000 54.98049999999999 39.25 0
2025-07-10T18:31:59.010000 54.98580400000001 39.25 0
2025-07-10T18:32:00.010000 54.99079600000001 39.25 0
2025-07-10T18:32:01.010000 54.97516199999999 39.25 0
2025-07-10T18:32:02.010000 54.96479999999999 39.23125 0
2025-07-10T18:32:03.010000 54.959496 39.1875 0
2025-07-10T18:32:04.011000 54.9492 39.1875 0
2025-07-10T18:32:05.011000 54.9549306122449 39.235969387755105 0
2025-07-10T18:32:06.011000 54.953568000000004 39.25 0
2025-07-10T18:32:07.010000 54.938280000000006 39.25 0
2025-07-10T18:32:08.010000 54.95388 39.25 0
2025-07-10T18:32:09.010000 54.95076 39.25 0
2025-07-10T18:32:10.010000 54.91799999999999 39.25 0
2025-07-10T18:32:11.010000 54.91799999999999 39.25 0
2025-07-10T18:32:12.011000 54.92268 39.23875 0
2025-07-10T18:32:13.010000 54.92892 39.1875 0
2025-07-10T18:32:14.010000 54.91799999999999 39.1875 0
2025-07-10T18:32:15.010000 54.91446 39.1875 0
2025-07-10T18:32:16.010000 54.90152 39.1875 0
2025-07-10T18:32:17.010000 54.89559199999999 39.1875 0
2025-07-10T18:32:18.010000 54.90997600000001 39.1875 0
2025-07-10T18:32:19.010000 54.909231999999996 39.1875 0
2025-07-10T18:32:20.015000 54.89559199999999 39.1875 0
2025-07-10T18:32:21.010000 54.901208000000004 39.1875 0
2025-07-10T18:32:22.010000 54.89559199999999 39.1875 0
2025-07-10T18:32:23.010000 54.901208000000004 39.1875 0
2025-07-10T18:32:24.010000 54.89559199999999 39.1875 0
2025-07-10T18:32:25.010000 54.906200000000005 39.1875 0
2025-07-10T18:32:26.010000 54.901208000000004 39.1875 0
2025-07-10T18:32:27.010000 54.89059999999999 39.1875 0
2025-07-10T18:32:28.010000 54.885296 39.1875 0
2025-07-10T18:32:29.010000 54.875 39.1875 0
2025-07-10T18:32:30.007000 54.875 39.1875 0
2025-07-10T18:32:31.010000 54.880303999999995 39.1875 0
2025-07-10T18:32:32.010000 54.89059999999999 39.1875 0
2025-07-10T18:32:33.010000 54.89059999999999 39.1875 0
2025-07-10T18:32:34.010000 54.885296 39.1875 0
2025-07-10T18:32:35.010000 54.864391999999995 39.1875 0
2025-07-10T18:32:36.010000 54.85440800000001 39.1875 0
2025-07-10T18:32:37.010000 54.869696000000005 39.1875 0
2025-07-10T18:32:38.010000 54.87063199999999 39.1875 0
2025-07-10T18:32:39.010000 54.89059999999999 39.1875 0
2025-07-10T18:32:40.012000 54.884984 39.1875 0
2025-07-10T18:32:41.010000 54.886232 39.1875 0
2025-07-10T18:32:42.010000 54.894968 39.1875 0
2025-07-10T18:32:43.011000 54.880616 39.1875 0
2025-07-10T18:32:44.011000 54.884984 39.1875 0
2025-07-10T18:32:45.010000 54.880616 39.1875 0
2025-07-10T18:32:46.010000 54.89059999999999 39.1875 0
2025-07-10T18:32:47.010000 54.89059999999999 39.1875 0
2025-07-10T18:32:48.010000 54.89528 39.1875 0
2025-07-10T18:32:49.012000 54.90152 39.1875 0
2025-07-10T18:32:50.010000 54.89059999999999 39.1875 0
2025-07-10T18:32:51.010000 54.89881999999999 39.1875 0
2025-07-10T18:32:52.010000 54.91446 39.1875 0
2025-07-10T18:32:53.010000 54.89683999999999 39.1875 0
2025-07-10T18:32:54.010000 54.879992 39.1875 0
2025-07-10T18:32:55.010000 54.89559199999999 39.1875 0
2025-07-10T18:32:56.010000 54.906200000000005 39.1875 0
2025-07-10T18:32:57.010000 54.901208000000004 39.1875 0
2025-07-10T18:32:58.011000 54.89559199999999 39.1875 0
2025-07-10T18:32:59.010000 54.906200000000005 39.1875 0
2025-07-10T18:33:00.010000 54.906200000000005 39.1875 0
2025-07-10T18:33:01.010000 54.906200000000005 39.1875 0
2025-07-10T18:33:02.010000 54.906200000000005 39.1875 0
2025-07-10T18:33:03.010000 54.90997600000001 39.1875 0
2025-07-10T18:33:04.010000 54.913987999999996 39.1875 0
2025-07-10T18:33:05.010000 54.915516000000004 39.1875 0
2025-07-10T18:33:06.010000 54.92829600000001 39.1875 0
2025-07-10T18:33:07.010000 54.91799999999999 39.1875 0
2025-07-10T18:33:08.010000 54.91799999999999 39.1875 0
2025-07-10T18:33:09.011000 54.92330400000001 39.1875 0
2025-07-10T18:33:10.010000 54.933600000000006 39.1875 0
2025-07-10T18:33:11.010000 54.92829600000001 39.1875 0
2025-07-10T18:33:12.010000 54.928608000000004 39.1875 0
2025-07-10T18:33:13.010000 54.943896 39.1875 0
2025-07-10T18:33:14.010000 54.933600000000006 39.1875 0
2025-07-10T18:33:15.010000 54.944207999999996 39.1875 0
2025-07-10T18:33:16.010000 54.953568000000004 39.1875 0
2025-07-10T18:33:17.010000 54.927983999999995 39.1875 0
2025-07-10T18:33:18.010000 54.929232 39.1875 0
2025-07-10T18:33:19.010000 54.943584 39.1875 0
2025-07-10T18:33:20.015000 54.933600000000006 39.1875 0
2025-07-10T18:33:21.010000 54.933600000000006 39.1875 0
2025-07-10T18:33:22.010000 54.93921600000001 39.1875 0
2025-07-10T18:33:23.011000 54.9492 39.1875 0
2025-07-10T18:33:24.010000 54.94451999999999 39.1875 0
2025-07-10T18:33:25.010000 54.933600000000006 39.1875 0
2025-07-10T18:33:26.010000 54.938280000000006 39.1875 0
2025-07-10T18:33:27.010000 54.9492 39.1875 0
2025-07-10T18:33:28.010000 54.9492 39.1875 0
2025-07-10T18:33:29.010000 54.95388 39.1875 0
2025-07-10T18:33:30.010000 54.96479999999999 39.1875 0
2025-07-10T18:33:31.010000 54.96479999999998 39.1875 0
2025-07-10T18:33:32.010000 54.96479999999999 39.1875 0
2025-07-10T18:33:33.010000 54.969823999999996 39.1875 0
2025-07-10T18:33:34.010000 54.975476 39.1875 0
2025-07-10T18:33:35.010000 54.96479999999999 39.1875 0
2025-07-10T18:33:36.010000 54.96479999999999 39.1875 0
2025-07-10T18:33:37.010000 54.969823999999996 39.1875 0
2025-07-10T18:33:38.010000 54.975476 39.1875 0
2025-07-10T18:33:39.010000 54.96479999999999 39.1875 0
2025-07-10T18:33:40.010000 54.96479999999999 39.1875 0
2025-07-10T18:33:41.010000 54.970138 39.1875 0
2025-07-10T18:33:42.010000 54.98049999999999 39.1875 0
2025-07-10T18:33:43.010000 54.98580400000001 39.1875 0
2025-07-10T18:33:44.010000 54.985458 39.1875 0
2025-07-10T18:33:45.010000 54.970138 39.1875 0
2025-07-10T18:33:46.010000 54.98580400000001 39.1875 0
2025-07-10T18:33:47.010000 54.996100000000006 39.1875 0
2025-07-10T18:33:48.010000 54.985458 39.1875 0
2025-07-10T18:33:49.010000 54.975442 39.1875 0
2025-07-10T18:33:50.010000 54.99079600000001 39.1875 0
2025-07-10T18:33:51.010000 54.98580400000001 39.1875 0
2025-07-10T18:33:52.010000 54.996100000000006 39.1875 0
2025-07-10T18:33:53.010000 55.00171600000001 39.1875 0
2025-07-10T18:33:54.010000 55.006084 39.1875 0
2025-07-10T18:33:55.010000 55.00592799999998 39.1875 0
2025-07-10T18:33:56.010000 55.013572 39.1875 0
2025-07-10T18:33:57.012000 54.996100000000006 39.1875 0
2025-07-10T18:33:58.010000 54.996100000000006 39.1875 0
2025-07-10T18:33:59.011000 55.00171600000001 39.1875 0
2025-07-10T18:34:00.010000 55.0117 39.1875 0
2025-07-10T18:34:01.010000 55.0117 39.1875 0
2025-07-10T18:34:02.010000 55.0117 39.1875 0
2025-07-10T18:34:03.010000 55.01520999999999 39.1875 0
2025-07-10T18:34:04.010000 55.019890000000004 39.1875 0
2025-07-10T18:34:05.010000 55.01992 39.1875 0
2025-07-10T18:34:06.010000 55.03439 39.1875 0
2025-07-10T18:34:07.010000 55.019890000000004 39.1875 0
2025-07-10T18:34:08.010000 55.0117 39.1875 0
2025-07-10T18:34:09.010000 55.020468 39.1875 0
2025-07-10T18:34:10.010000 55.0391 39.1875 0
2025-07-10T18:34:11.010000 55.034076 39.1875 0
2025-07-10T18:34:12.011000 55.0234 39.1875 0
2025-07-10T18:34:13.010000 55.019656000000005 39.1875 0
2025-07-10T18:34:14.010000 55.01544399999999 39.1875 0
2025-07-10T18:34:15.011000 55.019656000000005 39.1875 0
2025-07-10T18:34:16.010000 55.0117 39.1875 0
2025-07-10T18:34:17.011000 55.0117 39.1875 0
2025-07-10T18:34:18.010000 55.0117 39.1875 0
2025-07-10T18:34:19.010000 55.006396 39.1875 0
2025-07-10T18:34:20.010000 55.00538199999999 39.1875 0
2025-07-10T18:34:21.010000 55.019422000000006 39.1875 0
2025-07-10T18:34:22.010000 55.01567799999999 39.1875 0
2025-07-10T18:34:23.010000 55.0234 39.1875 0
2025-07-10T18:34:24.010000 55.019422000000006 39.1875 0
2025-07-10T18:34:25.010000 55.0117 39.1875 0
2025-07-10T18:34:26.010000 55.0117 39.1875 0
2025-07-10T18:34:27.010000 55.0117 39.1875 0
2025-07-10T18:34:28.010000 55.0117 39.1875 0
2025-07-10T18:34:29.010000 55.015911999999986 39.1875 0
2025-07-10T18:34:30.010000 55.01918800000001 39.1875 0
2025-07-10T18:34:31.011000 55.0117 39.1875 0
2025-07-10T18:34:32.010000 55.0117 39.1875 0
2025-07-10T18:34:33.010000 55.000468 39.1875 0
2025-07-10T18:34:34.010000 54.98049999999999 39.1875 0
2025-07-10T18:34:35.010000 54.969232000000005 39.1875 0
2025-07-10T18:34:36.010000 54.9492 39.1875 0
2025-07-10T18:34:37.010000 54.9492 39.1875 0
2025-07-10T18:34:38.010000 54.960468 39.1875 0
2025-07-10T18:34:39.015000 54.969232000000005 39.1875 0
2025-07-10T18:34:40.010000 54.95388 39.1875 0
2025-07-10T18:34:41.015000 54.96479999999999 39.1875 0
2025-07-10T18:34:42.010000 54.96479999999999 39.1875 16384
2025-07-10T18:34:43.010000 54.96479999999999 39.1875 16384
2025-07-10T18:34:44.010000 54.96479999999999 39.1875 16384
2025-07-10T18:34:45.011000 54.96951 39.1875 0
2025-07-10T18:34:46.010000 54.98049999999999 39.1875 0
2025-07-10T18:34:47.010000 54.970484 39.23 0
2025-07-10T18:34:48.010000 54.954192000000006 39.25 0
2025-07-10T18:34:49.010000 54.96479999999999 39.24 0
2025-07-10T18:34:50.010000 54.96479999999999 39.1875 0
2025-07-10T18:34:51.014000 54.969823999999996 39.1875 0
2025-07-10T18:34:52.010000 54.975476 39.1875 0
2025-07-10T18:34:53.010000 54.969823999999996 39.1875 0
2025-07-10T18:34:54.010000 54.98049999999999 39.1875 0
2025-07-10T18:34:55.010000 54.98049999999999 39.1875 0
2025-07-10T18:34:56.010000 54.98049999999999 39.1875 0
2025-07-10T18:34:57.010000 54.97516199999999 39.1875 16384
2025-07-10T18:34:58.010000 54.970138 39.1875 16384
2025-07-10T18:34:59.012000 54.98049999999999 39.1875 16384
2025-07-10T18:35:00.010000 54.98049999999999 39.1875 0
2025-07-10T18:35:01.010000 54.98049999999999 39.1875 0
2025-07-10T18:35:02.010000 54.98580400000001 39.2175 16384
2025-07-10T18:35:03.010000 54.99079600000001 39.25 16384
2025-07-10T18:35:04.010000 54.98580400000001 39.25 16384
2025-07-10T18:35:05.010000 54.996100000000006 39.19 16384
2025-07-10T18:35:06.010000 54.996100000000006 39.1875 16384
2025-07-10T18:35:07.011000 54.996100000000006 39.21375 0
2025-07-10T18:35:08.010000 54.996100000000006 39.25 0
2025-07-10T18:35:09.010000 54.990483999999995 39.25 0
2025-07-10T18:35:10.010000 54.991732 39.25 16384
2025-07-10T18:35:11.010000 55.0117 39.25 16384
2025-07-10T18:35:12.010000 55.006084 39.22625 16384
2025-07-10T18:35:13.010000 54.996100000000006 39.1875 0
2025-07-10T18:35:14.010000 54.996100000000006 39.1875 0
2025-07-10T18:35:15.010000 55.00171600000001 39.24125 0
2025-07-10T18:35:16.010000 55.000468 39.25 0
2025-07-10T18:35:17.010000 54.991732 39.25 16384
2025-07-10T18:35:18.010000 55.0117 39.25 16384
2025-07-10T18:35:19.010000 55.00701999999999 39.25 16384
2025-07-10T18:35:20.010000 55.00900000000001 39.25 0
2025-07-10T18:35:21.011000 55.030879999999996 39.25 0
2025-07-10T18:35:22.010000 55.0117 39.25 0
2025-07-10T18:35:23.010000 55.01520999999999 39.25 0
2025-07-10T18:35:24.010000 55.02811 39.25 0
2025-07-10T18:35:25.010000 55.030332 39.25 0
2025-07-10T18:35:26.010000 55.0117 39.25 0
2025-07-10T18:35:27.010000 55.01544399999999 39.25 0
2025-07-10T18:35:28.010000 55.0234 39.25 0
2025-07-10T18:35:29.010000 55.028424 39.25 0
2025-07-10T18:35:30.010000 55.0391 39.25 0
2025-07-10T18:35:31.010000 55.034076 39.25 0
2025-07-10T18:35:32.010000 55.028424 39.25 0
2025-07-10T18:35:33.010000 55.034076 39.25 0
2025-07-10T18:35:34.010000 55.028424 39.25 0
2025-07-10T18:35:35.010000 55.0391 39.25 0
2025-07-10T18:35:36.010000 55.0391 39.25 0
2025-07-10T18:35:37.010000 55.0391 39.25 0
2025-07-10T18:35:38.010000 55.0391 39.25 0
2025-07-10T18:35:39.010000 55.0391 39.25 0
2025-07-10T18:35:40.010000 55.0391 39.25 0
2025-07-10T18:35:41.010000 55.0391 39.25 0
2025-07-10T18:35:42.010000 55.0391 39.25 0
2025-07-10T18:35:43.010000 55.0391 39.25 0
2025-07-10T18:35:44.010000 55.03376199999999 39.25 0
2025-07-10T18:35:45.010000 55.034042 39.25 0
2025-07-10T18:35:46.010000 55.05470000000001 39.25 0
2025-07-10T18:35:47.010000 55.05470000000001 39.25 0
2025-07-10T18:35:48.010000 55.049084 39.25 0
2025-07-10T18:35:49.010000 55.0391 39.25 0
2025-07-10T18:35:50.010000 55.0391 39.25 0
2025-07-10T18:35:51.010000 55.03344799999999 39.25 16384
2025-07-10T18:35:52.010000 55.02905200000001 39.25 16384
2025-07-10T18:35:53.011000 55.0391 39.25 16384
2025-07-10T18:35:54.010000 55.04471600000001 39.25 0
2025-07-10T18:35:55.010000 55.05470000000001 39.26125 0
2025-07-10T18:35:56.010000 55.05002 39.3125 0
2025-07-10T18:35:57.010000 55.0391 39.3125 0
2025-07-10T18:35:58.010000 55.03439 39.2725 16384
2025-07-10T18:35:59.011000 55.0234 39.25 16384
2025-07-10T18:36:00.010000 55.0234 39.25 16384
2025-07-10T18:36:01.010000 55.0234 39.25 0
2025-07-10T18:36:02.010000 55.0234 39.25 0
2025-07-10T18:36:03.010000 55.0234 39.28625 16384
2025-07-10T18:36:04.010000 55.028424 39.3125 16384
2025-07-10T18:36:05.010000 55.0391 39.3125 16384
2025-07-10T18:36:06.010000 55.0391 39.3125 0
2025-07-10T18:36:07.010000 55.0391 39.3125 0
2025-07-10T18:36:08.010000 55.0391 39.3125 0
2025-07-10T18:36:09.010000 55.0391 39.3125 0
2025-07-10T18:36:10.010000 55.03419375000001 39.3125 0
2025-07-10T18:36:11.017000 55.0234 39.25255102040816 0
2025-07-10T18:36:12.010000 55.0234 39.25 0
2025-07-10T18:36:13.010000 55.0234 39.2775 0
2025-07-10T18:36:14.010000 55.0234 39.3125 0
2025-07-10T18:36:15.010000 55.034042 39.3125 0
2025-07-10T18:36:16.010000 55.04939600000001 39.3125 16384
2025-07-10T18:36:17.010000 55.0391 39.3125 16384
2025-07-10T18:36:18.010000 55.03376199999999 39.3125 16384
2025-07-10T18:36:19.010000 55.034042 39.3125 0
2025-07-10T18:36:20.010000 55.04939600000001 39.3125 0
2025-07-10T18:36:21.010000 55.0391 39.3125 0
2025-07-10T18:36:22.010000 55.0391 39.3125 0
2025-07-10T18:36:23.010000 55.04471600000001 39.3125 0
2025-07-10T18:36:24.010000 55.05470000000001 39.3125 0
2025-07-10T18:36:25.010000 55.05470000000001 39.3125 0
2025-07-10T18:36:26.010000 55.049084 39.3125 0
2025-07-10T18:36:27.010000 55.0391 39.3125 0
2025-07-10T18:36:28.010000 55.03344799999999 39.3125 0
2025-07-10T18:36:29.010000 55.02905200000001 39.3125 0
2025-07-10T18:36:30.015000 55.03344799999999 39.3125 0
2025-07-10T18:36:31.010000 55.01918800000001 39.3125 0
2025-07-10T18:36:32.010000 55.015911999999986 39.3125 0
2025-07-10T18:36:33.010000 55.0234 39.3125 0
2025-07-10T18:36:34.010000 55.0234 39.3125 0
2025-07-10T18:36:35.010000 55.01521 39.3125 0
2025-07-10T18:36:36.010000 55.000780000000006 39.3125 0
2025-07-10T18:36:37.010000 55.0117 39.3125 0
2025-07-10T18:36:38.010000 55.0117 39.3125 0
2025-07-10T18:36:39.010000 55.01520999999999 39.3125 0
2025-07-10T18:36:40.010000 55.0234 39.3125 0
2025-07-10T18:36:41.010000 55.019656000000005 39.3125 0
2025-07-10T18:36:42.011000 55.01544399999999 39.3125 0
2025-07-10T18:36:43.010000 55.014664 39.3125 0
2025-07-10T18:36:44.010000 55.00986000000001 39.3125 0
2025-07-10T18:36:45.010000 55.030332 39.3125 0
2025-07-10T18:36:46.010000 55.01544399999999 39.3125 16384
2025-07-10T18:36:47.010000 55.019656000000005 39.3125 16384
2025-07-10T18:36:48.010000 55.01567799999999 39.3125 16384
2025-07-10T18:36:49.010000 55.02873800000001 39.3125 0
2025-07-10T18:36:50.010000 55.0391 39.3125 0
2025-07-10T18:36:51.010000 55.03376199999999 39.34125 0
2025-07-10T18:36:52.010000 55.02873800000001 39.375 0
2025-07-10T18:36:53.010000 55.029784 39.375 0
2025-07-10T18:36:54.010000 55.021016 39.3175 16384
2025-07-10T18:36:55.010000 55.03376199999999 39.3125 16384
2025-07-10T18:36:56.010000 55.02873800000001 39.3125 16384
2025-07-10T18:36:57.010000 55.03376199999999 39.3125 0
2025-07-10T18:36:58.010000 55.034042 39.3125 0
2025-07-10T18:36:59.010000 55.05470000000001 39.36625 16384
2025-07-10T18:37:00.010000 55.049084 39.375 16384
2025-07-10T18:37:01.010000 55.0391 39.375 16384
2025-07-10T18:37:02.010000 55.04471600000001 39.375 16384
2025-07-10T18:37:03.010000 55.05470000000001 39.375 16384
2025-07-10T18:37:04.010000 55.05470000000001 39.375 0
2025-07-10T18:37:05.010000 55.043431999999996 39.375 0
2025-07-10T18:37:06.010000 55.02905200000001 39.375 0
2025-07-10T18:37:07.010000 55.0391 39.375 0
2025-07-10T18:37:08.010000 55.03344799999999 39.375 0
2025-07-10T18:37:09.011000 55.0234 39.375 0
2025-07-10T18:37:10.010000 55.0234 39.375 0
2025-07-10T18:37:11.011000 55.0234 39.375 0
2025-07-10T18:37:12.010000 55.02936600000001 39.375 0
2025-07-10T18:37:13.010000 55.03439 39.375 0
2025-07-10T18:37:14.010000 55.0234 39.375 0
2025-07-10T18:37:15.010000 55.0234 39.375 0
2025-07-10T18:37:16.010000 55.028424 39.375 0
2025-07-10T18:37:17.010000 55.0391 39.375 0
2025-07-10T18:37:18.011000 55.034076 39.375 0
2025-07-10T18:37:19.010000 55.028424 39.375 0
2025-07-10T18:37:20.010000 55.0391 39.375 0
2025-07-10T18:37:21.010000 55.044092 39.375 0
2025-07-10T18:37:22.010000 55.05470000000001 39.375 0
2025-07-10T18:37:23.010000 55.04970800000001 39.375 0
2025-07-10T18:37:24.010000 55.0391 39.375 0
2025-07-10T18:37:25.010000 55.044092 39.375 0
2025-07-10T18:37:26.010000 55.04939600000001 39.375 0
2025-07-10T18:37:27.010000 55.0391 39.375 0
2025-07-10T18:37:28.010000 55.0391 39.375 0
2025-07-10T18:37:29.010000 55.0391 39.375 0
2025-07-10T18:37:30.010000 55.03376199999999 39.375 0
2025-07-10T18:37:31.010000 55.02873800000001 39.375 0
2025-07-10T18:37:32.010000 55.0391 39.375 0
2025-07-10T18:37:33.010000 55.03376199999999 39.375 0
2025-07-10T18:37:34.010000 55.02873800000001 39.375 0
2025-07-10T18:37:35.015000 55.0391 39.375 16384
2025-07-10T18:37:36.010000 55.03353958333332 39.375 16384
2025-07-10T18:37:37.015000 55.02905200000001 39.375 16384
2025-07-10T18:37:38.010000 55.03344799999999 39.375 16384
2025-07-10T18:37:39.011000 55.034668 39.39375 16384
2025-07-10T18:37:40.010000 55.049084 39.4375 16384
2025-07-10T18:37:41.010000 55.0391 39.4375 16384
2025-07-10T18:37:42.010000 55.04471600000001 39.4375 0
2025-07-10T18:37:43.012000 55.05470000000001 39.4375 0
2025-07-10T18:37:44.010000 55.05470000000001 39.4375 0
2025-07-10T18:37:45.010000 55.05470000000001 39.4375 0
2025-07-10T18:37:46.010000 55.060627999999994 39.4375 0
2025-07-10T18:37:47.010000 55.064372000000006 39.3925 0
2025-07-10T18:37:48.010000 55.05470000000001 39.375 0
2025-07-10T18:37:49.010000 55.04877200000001 39.38625 0
2025-07-10T18:37:50.010000 55.045028 39.4375 0
2025-07-10T18:37:51.010000 55.05470000000001 39.4375 0
2025-07-10T18:37:52.010000 55.04970800000001 39.4375 16384
2025-07-10T18:37:53.010000 55.044092 39.4375 16384
2025-07-10T18:37:54.010000 55.05470000000001 39.4375 16384
2025-07-10T18:37:55.010000 55.059692 39.4375 0
2025-07-10T18:37:56.010000 55.07029999999999 39.4375 0
2025-07-10T18:37:57.013000 55.060316 39.4375 0
2025-07-10T18:37:58.010000 55.0391 39.4375 0
2025-07-10T18:37:59.010000 55.034076 39.4375 0
2025-07-10T18:38:00.010000 55.033415999999995 39.4375 0
2025-07-10T18:38:01.010000 55.05470000000001 39.4375 0
2025-07-10T18:38:02.010000 55.05470000000001 39.4375 0
2025-07-10T18:38:03.010000 55.04939600000001 39.4375 0
2025-07-10T18:38:04.010000 55.0391 39.4375 0
2025-07-10T18:38:05.010000 55.04440400000001 39.4375 0
2025-07-10T18:38:06.010000 55.04939600000001 39.4375 0
2025-07-10T18:38:07.010000 55.049708 39.4375 0
2025-07-10T18:38:08.010000 55.07029999999999 39.4375 0
2025-07-10T18:38:09.010000 55.06499600000001 39.4375 0
2025-07-10T18:38:10.010000 55.06000399999999 39.4375 0
2025-07-10T18:38:11.012000 55.06499600000001 39.4375 0
2025-07-10T18:38:12.010000 55.05470000000001 39.4375 0
2025-07-10T18:38:13.010000 55.049084 39.4375 0
2025-07-10T18:38:14.010000 55.04440400000001 39.4375 0
2025-07-10T18:38:15.013000 55.060315999999986 39.4375 0
2025-07-10T18:38:16.010000 55.07029999999999 39.4375 0
2025-07-10T18:38:17.010000 55.07029999999999 39.4375 0
2025-07-10T18:38:18.010000 55.07029999999999 39.4375 16384
2025-07-10T18:38:19.010000 55.059068 39.4375 16384
2025-07-10T18:38:20.010000 55.04471600000001 39.4375 16384
2025-07-10T18:38:21.010000 55.049084 39.4375 16384
2025-07-10T18:38:22.010000 55.04471600000001 39.4525 16384
2025-07-10T18:38:23.010000 55.05470000000001 39.5 16384
2025-07-10T18:38:24.010000 55.060627999999994 39.5 16384
2025-07-10T18:38:25.010000 55.064372000000006 39.5 16384
2025-07-10T18:38:26.010000 55.04877200000001 39.5 0
2025-07-10T18:38:27.010000 55.0391 39.5 0
2025-07-10T18:38:28.010000 55.0391 39.5 0
2025-07-10T18:38:29.010000 55.044092 39.5 0
2025-07-10T18:38:30.011000 55.04970800000001 39.46125 0
2025-07-10T18:38:31.010000 55.034076 39.4375 0
2025-07-10T18:38:32.010000 55.019656000000005 39.4425 0
2025-07-10T18:38:33.010000 55.020468 39.5 0
2025-07-10T18:38:34.010000 55.0391 39.5 0
2025-07-10T18:38:35.010000 55.0391 39.5 16384
2025-07-10T18:38:36.010000 55.030332 39.5 16384
2025-07-10T18:38:37.010000 55.01544399999999 39.5 16384
2025-07-10T18:38:38.010000 55.019656000000005 39.5 0
2025-07-10T18:38:39.010000 55.0117 39.5 0
2025-07-10T18:38:40.010000 55.006396 39.5 0
2025-07-10T18:38:41.011000 54.99079600000001 39.5 0
2025-07-10T18:38:42.010000 54.99508599999999 39.5 0
2025-07-10T18:38:43.010000 55.019422000000006 39.5 0
2025-07-10T18:38:44.010000 55.0117 39.5 0
2025-07-10T18:38:45.010000 55.0117 39.5 0
2025-07-10T18:38:46.010000 55.01567799999999 39.5 0
2025-07-10T18:38:47.012000 55.019422000000006 39.5 0
2025-07-10T18:38:48.010000 55.0117 39.5 0
2025-07-10T18:38:49.010000 55.01567799999999 39.5 0
2025-07-10T18:38:50.010000 55.01918800000001 39.5 0
2025-07-10T18:38:51.010000 55.0117 39.5 0
2025-07-10T18:38:52.010000 55.0117 39.5 0
2025-07-10T18:38:53.010000 55.0117 39.5 0
2025-07-10T18:38:54.010000 55.015911999999986 39.5 0
2025-07-10T18:38:55.010000 55.02905200000001 39.5 0
2025-07-10T18:38:56.010000 55.0391 39.5 0
2025-07-10T18:38:57.010000 55.03344799999999 39.5 0
2025-07-10T18:38:58.010000 55.0234 39.5 16384
2025-07-10T18:38:59.010000 55.0234 39.5 16384
2025-07-10T18:39:00.010000 55.0234 39.5 16384
2025-07-10T18:39:01.010000 55.02936600000001 39.5 0
2025-07-10T18:39:02.010000 55.03313399999999 39.5 0
2025-07-10T18:39:03.010000 55.018954 39.54 0
2025-07-10T18:39:04.010000 55.01614599999999 39.5625 0
2025-07-10T18:39:05.010000 55.0234 39.555 0
2025-07-10T18:39:06.011000 55.0234 39.5 16384
2025-07-10T18:39:07.013000 55.019656000000005 39.5 16384
2025-07-10T18:39:08.010000 55.01544399999999 39.5 0
2025-07-10T18:39:09.010000 55.019656000000005 39.5 0
2025-07-10T18:39:10.010000 55.01544399999999 39.505 0
2025-07-10T18:39:11.010000 55.028424 39.5625 0
2025-07-10T18:39:12.010000 55.0391 39.5625 0
2025-07-10T18:39:13.010000 55.0391 39.53 16384
2025-07-10T18:39:14.010000 55.0391 39.5 16384
2025-07-10T18:39:15.010000 55.03376199999999 39.5 16384
2025-07-10T18:39:16.011000 55.02873800000001 39.5 0
2025-07-10T18:39:17.010000 55.0391 39.5 0
2025-07-10T18:39:18.010000 55.0391 39.53 0
2025-07-10T18:39:19.011000 55.0391 39.5625 16384
2025-07-10T18:39:20.010000 55.0391 39.5625 16384
2025-07-10T18:39:21.010000 55.0391 39.5025 16384
2025-07-10T18:39:22.010000 55.0391 39.5 16384
2025-07-10T18:39:23.010000 55.0391 39.52625 16384
2025-07-10T18:39:24.010000 55.03344799999999 39.5625 0
2025-07-10T18:39:25.010000 55.02905200000001 39.5625 0
2025-07-10T18:39:26.010000 55.0391 39.5625 16384
2025-07-10T18:39:27.010000 55.03344799999999 39.5625 16384
2025-07-10T18:39:28.010000 55.0234 39.5625 16384
2025-07-10T18:39:29.010000 55.01918800000001 39.5625 0
2025-07-10T18:39:30.010000 55.015911999999986 39.5625 0
2025-07-10T18:39:31.010000 55.01918800000001 39.5625 0
2025-07-10T18:39:32.010000 55.0117 39.5625 0
2025-07-10T18:39:33.010000 55.0117 39.5625 0
2025-07-10T18:39:34.010000 55.006084 39.5625 0
2025-07-10T18:39:35.010000 55.00202800000001 39.5625 0
2025-07-10T18:39:36.010000 55.0117 39.5625 0
2025-07-10T18:39:37.010000 55.0117 39.5625 0
2025-07-10T18:39:38.010000 55.0117 39.5625 0
2025-07-10T18:39:39.010000 55.0117 39.5625 0
2025-07-10T18:39:40.010000 55.00585 39.5625 0
2025-07-10T18:39:41.010000 54.996100000000006 39.5625 0
2025-07-10T18:39:42.015000 55.00202800000001 39.5625 0
2025-07-10T18:39:43.010000 55.0117 39.5625 0
2025-07-10T18:39:44.010000 55.0117 39.5625 0
2025-07-10T18:39:45.010000 55.01544399999999 39.5625 0
2025-07-10T18:39:46.010000 55.019656000000005 39.5625 0
2025-07-10T18:39:47.010000 55.0117 39.5625 0
2025-07-10T18:39:48.010000 55.01544399999999 39.5625 0
2025-07-10T18:39:49.010000 55.028424 39.5625 0
2025-07-10T18:39:50.010000 55.034076 39.5625 0
2025-07-10T18:39:51.010000 55.0234 39.5625 0
2025-07-10T18:39:52.010000 55.019422000000006 39.5625 0
2025-07-10T18:39:53.010000 55.01567799999999 39.5625 0
2025-07-10T18:39:54.010000 55.0234 39.5625 0
2025-07-10T18:39:55.010000 55.0234 39.5625 0
2025-07-10T18:39:56.010000 55.014117999999996 39.5625 0
2025-07-10T18:39:57.010000 55.001404 39.5625 0
2025-07-10T18:39:58.010000 55.021016 39.5625 0
2025-07-10T18:39:59.010000 55.03376199999999 39.5625 0
2025-07-10T18:40:00.010000 55.0234 39.5625 0
2025-07-10T18:40:01.010000 55.0234 39.5625 0
2025-07-10T18:40:02.010000 55.0234 39.5625 0
2025-07-10T18:40:03.013000 55.02905200000001 39.5625 0
2025-07-10T18:40:04.010000 55.0391 39.5625 0
2025-07-10T18:40:05.010000 55.0391 39.5625 0
2025-07-10T18:40:06.010000 55.0391 39.5625 0
2025-07-10T18:40:07.010000 55.03344799999999 39.5625 0
2025-07-10T18:40:08.010000 55.0234 39.5625 0
2025-07-10T18:40:09.010000 55.034668 39.5625 16384
2025-07-10T18:40:10.010000 55.049084 39.5625 16384
2025-07-10T18:40:11.010000 55.0391 39.5625 16384
2025-07-10T18:40:12.010000 55.03344799999999 39.5625 0
2025-07-10T18:40:13.010000 55.03529399999999 39.5625 0
2025-07-10T18:40:14.032000 55.0487255319149 39.611702127659576 16384
2025-07-10T18:40:15.010000 55.045028 39.625 16384
2025-07-10T18:40:16.014000 55.04877200000001 39.61125 16384
2025-07-10T18:40:17.010000 55.045028 39.5625 16384
2025-07-10T18:40:18.010000 55.05470000000001 39.5625 16384
2025-07-10T18:40:19.010000 55.05470000000001 39.605 0
2025-07-10T18:40:20.010000 55.060627999999994 39.625 0
2025-07-10T18:40:21.010000 55.064372000000006 39.625 0
2025-07-10T18:40:22.010000 55.04877200000001 39.625 0
2025-07-10T18:40:23.010000 55.0391 39.625 0
2025-07-10T18:40:24.010000 55.049084 39.58625 0
2025-07-10T18:40:25.010000 55.065308 39.5625 0
2025-07-10T18:40:26.012000 55.05470000000001 39.5625 0
2025-07-10T18:40:27.010000 55.05470000000001 39.5625 0
2025-07-10T18:40:28.010000 55.059692 39.5625 0
2025-07-10T18:40:29.010000 55.07529199999999 39.59875 16384
2025-07-10T18:40:30.010000 55.075292 39.625 16384
2025-07-10T18:40:31.010000 55.06000399999999 39.625 16384
2025-07-10T18:40:32.010000 55.06499600000001 39.625 16384
2025-07-10T18:40:33.010000 55.05470000000001 39.625 16384
2025-07-10T18:40:34.010000 55.06000399999999 39.625 16384
2025-07-10T18:40:35.010000 55.07029999999999 39.625 0
2025-07-10T18:40:36.010000 55.06499600000001 39.625 0
2025-07-10T18:40:37.010000 55.05470000000001 39.625 0
2025-07-10T18:40:38.010000 55.05470000000001 39.625 0
2025-07-10T18:40:39.010000 55.05470000000001 39.625 0
2025-07-10T18:40:40.010000 55.05470000000001 39.625 0
2025-07-10T18:40:41.010000 55.05470000000001 39.625 0
2025-07-10T18:40:42.010000 55.05470000000001 39.625 0
2025-07-10T18:40:43.010000 55.05470000000001 39.625 0
2025-07-10T18:40:44.010000 55.05470000000001 39.625 0
2025-07-10T18:40:45.010000 55.049084 39.625 0
2025-07-10T18:40:46.010000 55.04471600000001 39.625 0
2025-07-10T18:40:47.010000 55.05470000000001 39.625 0
2025-07-10T18:40:48.010000 55.060315999999986 39.625 0
2025-07-10T18:40:49.010000 55.07029999999999 39.625 0
2025-07-10T18:40:50.011000 55.064684000000014 39.625 0
2025-07-10T18:40:51.010000 55.05470000000001 39.625 0
2025-07-10T18:40:52.011000 55.060627999999994 39.625 0
2025-07-10T18:40:53.010000 55.07622799999999 39.625 0
2025-07-10T18:40:54.010000 55.079972 39.625 0
2025-07-10T18:40:55.010000 55.064372000000006 39.625 0
2025-07-10T18:40:56.010000 55.05470000000001 39.625 0
2025-07-10T18:40:57.010000 55.060627999999994 39.625 0
2025-07-10T18:40:58.010000 55.07029999999999 39.625 0
2025-07-10T18:40:59.010000 55.07029999999999 39.625 0
2025-07-10T18:41:00.010000 55.064372000000006 39.625 0
2025-07-10T18:41:01.010000 55.060627999999994 39.625 0
2025-07-10T18:41:02.010000 55.07529199999999 39.625 0
2025-07-10T18:41:03.010000 55.080908 39.625 0
2025-07-10T18:41:04.010000 55.07529199999999 39.625 0
2025-07-10T18:41:05.010000 55.080908 39.625 0
2025-07-10T18:41:06.010000 55.07529199999999 39.625 0
2025-07-10T18:41:07.010000 55.090924 39.625 0
2025-07-10T18:41:08.010000 55.09074081632653 39.625 0
2025-07-10T18:41:09.010000 55.07560399999999 39.625 0
2025-07-10T18:41:10.010000 55.08059599999999 39.625 0
2025-07-10T18:41:11.010000 55.07029999999999 39.625 0
2025-07-10T18:41:12.010000 55.07560399999999 39.625 0
2025-07-10T18:41:13.010000 55.0859 39.625 0
2025-07-10T18:41:14.010000 55.09123800000001 39.625 0
2025-07-10T18:41:15.010000 55.09626199999999 39.625 0
2025-07-10T18:41:16.010000 55.09123800000001 39.625 0
2025-07-10T18:41:17.010000 55.1016 39.625 0
2025-07-10T18:41:18.010000 55.1016 39.625 0
2025-07-10T18:41:19.010000 55.1016 39.625 0
2025-07-10T18:41:20.010000 55.1016 39.625 0
2025-07-10T18:41:21.010000 55.1016 39.625 0
2025-07-10T18:41:22.010000 55.1016 39.625 0
2025-07-10T18:41:23.011000 55.1016 39.625 0
2025-07-10T18:41:24.010000 55.10721600000001 39.625 0
2025-07-10T18:41:25.010000 55.11720000000001 39.625 0
2025-07-10T18:41:26.010000 55.111584 39.625 0
2025-07-10T18:41:27.010000 55.1016 39.625 0
2025-07-10T18:41:28.010000 55.10721600000001 39.625 0
2025-07-10T18:41:29.010000 55.11720000000001 39.625 0
2025-07-10T18:41:30.010000 55.11720000000001 39.625 0
2025-07-10T18:41:31.010000 55.11720000000001 39.625 0
2025-07-10T18:41:32.010000 55.12164599999999 39.625 0
2025-07-10T18:41:33.011000 55.134828 39.625 0
2025-07-10T18:41:34.010000 55.138572 39.625 0
2025-07-10T18:41:35.010000 55.128899999999994 39.625 0
2025-07-10T18:41:36.010000 55.128899999999994 39.625 0
2025-07-10T18:41:37.010000 55.128899999999994 39.625 0
2025-07-10T18:41:38.010000 55.134828 39.625 0
2025-07-10T18:41:39.010000 55.138572 39.625 0
2025-07-10T18:41:40.011000 55.133891999999996 39.625 0
2025-07-10T18:41:41.010000 55.14450000000001 39.625 0
2025-07-10T18:41:42.012000 55.135764 39.625 0
2025-07-10T18:41:43.010000 55.125936 39.625 0
2025-07-10T18:41:44.010000 55.139508000000006 39.625 0
2025-07-10T18:41:45.010000 55.133891999999996 39.625 0
2025-07-10T18:41:46.010000 55.13919599999999 39.625 0
2025-07-10T18:41:47.010000 55.128899999999994 39.625 0
2025-07-10T18:41:48.010000 55.128899999999994 39.625 0
2025-07-10T18:41:49.010000 55.13420399999999 39.625 0
2025-07-10T18:41:50.010000 55.14983800000001 39.625 0
2025-07-10T18:41:51.010000 55.154862 39.625 0
2025-07-10T18:41:52.010000 55.14450000000001 39.625 0
2025-07-10T18:41:53.010000 55.14983800000001 39.625 0
2025-07-10T18:41:54.010000 55.154862 39.625 0
2025-07-10T18:41:55.010000 55.14983800000001 39.625 0
2025-07-10T18:41:56.010000 55.154862 39.625 0
2025-07-10T18:41:57.010000 55.14450000000001 39.625 0
2025-07-10T18:41:58.010000 55.150152000000006 39.625 0
2025-07-10T18:41:59.010000 55.16020000000001 39.625 0
2025-07-10T18:42:00.010000 55.16020000000001 39.625 0
2025-07-10T18:42:01.010000 55.16581599999999 39.625 0
2025-07-10T18:42:02.010000 55.170184 39.625 0
2025-07-10T18:42:03.010000 55.16581599999999 39.625 0
2025-07-10T18:42:04.010000 55.170184 39.625 0
2025-07-10T18:42:05.010000 55.16581599999999 39.625 0
2025-07-10T18:42:06.010000 55.1758 39.625 0
2025-07-10T18:42:07.010000 55.169872 39.625 0
2025-07-10T18:42:08.011000 55.16020000000001 39.625 0
2025-07-10T18:42:09.010000 55.16020000000001 39.625 0
2025-07-10T18:42:10.010000 55.166127999999986 39.625 0
2025-07-10T18:42:11.010000 55.163906000000004 39.625 0
2025-07-10T18:42:12.010000 55.14450000000001 39.625 0
2025-07-10T18:42:13.010000 55.156394 39.625 0
2025-07-10T18:42:14.010000 55.169872 39.625 0
2025-07-10T18:42:15.010000 55.166127999999986 39.625 0
2025-07-10T18:42:16.010000 55.169872 39.625 0
2025-07-10T18:42:17.010000 55.166127999999986 39.625 0
2025-07-10T18:42:18.010000 55.1758 39.625 0
2025-07-10T18:42:19.010000 55.180792000000004 39.625 0
2025-07-10T18:42:20.010000 55.18640799999999 39.625 0
2025-07-10T18:42:21.010000 55.1758 39.625 0
2025-07-10T18:42:22.010000 55.170807999999994 39.625 0
2025-07-10T18:42:23.010000 55.165192 39.625 0
2025-07-10T18:42:24.010000 55.186408 39.625 0
2025-07-10T18:42:25.010000 55.20169599999999 39.625 0
2025-07-10T18:42:26.010000 55.191399999999994 39.625 0
2025-07-10T18:42:27.010000 55.191399999999994 39.625 0
2025-07-10T18:42:28.011000 55.191399999999994 39.625 0
2025-07-10T18:42:29.010000 55.191399999999994 39.625 0
2025-07-10T18:42:30.010000 55.191399999999994 39.625 0
2025-07-10T18:42:31.010000 55.186096 39.625 0
2025-07-10T18:42:32.010000 55.186408 39.625 0
2025-07-10T18:42:33.010000 55.196391999999996 39.625 0
2025-07-10T18:42:34.010000 55.181416 39.625 0
2025-07-10T18:42:35.010000 55.191399999999994 39.625 0
2025-07-10T18:42:36.010000 55.180168 39.625 0
2025-07-10T18:42:37.010000 55.16020000000001 39.625 0
2025-07-10T18:42:38.010000 55.16020000000001 39.625 0
2025-07-10T18:42:39.011000 55.16020000000001 39.625 0
2025-07-10T18:42:40.010000 55.154548 39.625 0
2025-07-10T18:42:41.010000 55.138884 39.625 0
2025-07-10T18:42:42.010000 55.124688000000006 39.625 0
2025-07-10T18:42:43.010000 55.11720000000001 39.625 0
2025-07-10T18:42:44.010000 55.111584 39.625 0
2025-07-10T18:42:45.010000 55.1016 39.625 0
2025-07-10T18:42:46.010000 55.09563399999999 39.625 0
2025-07-10T18:42:47.010000 55.09779399999999 39.625 0
2025-07-10T18:42:48.010000 55.11720000000001 39.625 0
2025-07-10T18:42:49.010000 55.11127200000001 39.625 0
2025-07-10T18:42:50.010000 55.09563399999999 39.625 0
2025-07-10T18:42:51.010000 55.09186600000001 39.625 0
2025-07-10T18:42:52.010000 55.107528 39.625 0
2025-07-10T18:42:53.010000 55.10530599999999 39.625 0
2025-07-10T18:42:54.010000 55.09186600000001 39.625 0
2025-07-10T18:42:55.010000 55.09563399999999 39.625 0
2025-07-10T18:42:56.010000 55.0859 39.625 0
2025-07-10T18:42:57.010000 55.090924 39.625 0
2025-07-10T18:42:58.013000 55.096576 39.625 0
2025-07-10T18:42:59.010000 55.0859 39.625 0
2025-07-10T18:43:00.010000 55.080908 39.625 0
2025-07-10T18:43:01.010000 55.07029999999999 39.625 0
2025-07-10T18:43:02.010000 55.07560399999999 39.625 0
2025-07-10T18:43:03.013000 55.09123800000001 39.625 0
2025-07-10T18:43:04.010000 55.09626199999999 39.625 0
2025-07-10T18:43:05.010000 55.0859 39.625 0
2025-07-10T18:43:06.010000 55.096542 39.625 0
2025-07-10T18:43:07.010000 55.11189600000001 39.625 0
2025-07-10T18:43:08.010000 55.09626199999999 39.625 0
2025-07-10T18:43:09.010000 55.075292 39.625 0
2025-07-10T18:43:10.010000 55.06530799999999 39.625 0
2025-07-10T18:43:11.010000 55.0859 39.625 0
2025-07-10T18:43:12.010000 55.0859 39.625 0
2025-07-10T18:43:13.011000 55.09155200000001 39.625 0
2025-07-10T18:43:14.010000 55.09594799999999 39.625 0
2025-07-10T18:43:15.010000 55.0859 39.625 0
2025-07-10T18:43:16.010000 55.09155200000001 39.625 0
2025-07-10T18:43:17.011000 55.09594799999999 39.625 0
2025-07-10T18:43:18.010000 55.0859 39.625 0
2025-07-10T18:43:19.011000 55.0859 39.565 0
2025-07-10T18:43:20.010000 55.0859 39.5625 0
2025-07-10T18:43:21.010000 55.08028399999999 39.58875 0
2025-07-10T18:43:22.010000 55.07029999999999 39.625 0
2025-07-10T18:43:23.011000 55.07029999999999 39.625 0
2025-07-10T18:43:24.010000 55.07029999999999 39.625 0
2025-07-10T18:43:25.010000 55.07029999999999 39.625 0
2025-07-10T18:43:26.010000 55.07622799999999 39.6025 0
2025-07-10T18:43:27.010000 55.0859 39.5625 0
2025-07-10T18:43:28.010000 55.0859 39.5625 0
2025-07-10T18:43:29.011000 55.0859 39.5625 0
2025-07-10T18:43:30.010000 55.0859 39.5625 0
2025-07-10T18:43:31.010000 55.0859 39.5625 16384
2025-07-10T18:43:32.010000 55.092180000000006 39.5625 16384
2025-07-10T18:43:33.010000 55.1016 39.5625 16384
2025-07-10T18:43:34.010000 55.1016 39.61125 0
2025-07-10T18:43:35.010000 55.1016 39.625 0
2025-07-10T18:43:36.010000 55.096576 39.625 0
2025-07-10T18:43:37.010000 55.090924 39.625 16384
2025-07-10T18:43:38.010000 55.1016 39.625 16384
2025-07-10T18:43:39.010000 55.09626199999999 39.58 0
2025-07-10T18:43:40.010000 55.08059599999999 39.5625 0
2025-07-10T18:43:41.010000 55.07029999999999 39.57375 0
2025-07-10T18:43:42.010000 55.06499600000001 39.625 0
2025-07-10T18:43:43.014000 55.05470000000001 39.625 0
2025-07-10T18:43:44.010000 55.04939600000001 39.625 0
2025-07-10T18:43:45.010000 55.0391 39.625 0
2025-07-10T18:43:46.010000 55.04440400000001 39.62 0
2025-07-10T18:43:47.010000 55.05470000000001 39.5625 0
2025-07-10T18:43:48.010000 55.05470000000001 39.5625 0
2025-07-10T18:43:49.010000 55.05470000000001 39.5625 0
2025-07-10T18:43:50.010000 55.05470000000001 39.5625 0
2025-07-10T18:43:51.010000 55.05470000000001 39.56375 0
2025-07-10T18:43:52.010000 55.049084 39.625 0
2025-07-10T18:43:53.010000 55.03344799999999 39.625 0
2025-07-10T18:43:54.010000 55.034668 39.59625 0
2025-07-10T18:43:55.010000 55.049084 39.5625 0
2025-07-10T18:43:56.010000 55.0391 39.5625 0
2025-07-10T18:43:57.010000 55.0391 39.5625 0
2025-07-10T18:43:58.010000 55.045028 39.5625 0
2025-07-10T18:43:59.011000 55.05470000000001 39.5625 0
2025-07-10T18:44:00.010000 55.05470000000001 39.5625 0
2025-07-10T18:44:01.010000 55.04877200000001 39.5625 0
2025-07-10T18:44:02.011000 55.03313399999999 39.5625 0
2025-07-10T18:44:03.010000 55.03529399999999 39.5625 0
2025-07-10T18:44:04.010000 55.04877200000001 39.5625 0
2025-07-10T18:44:05.010000 55.045028 39.5625 0
2025-07-10T18:44:06.010000 55.060627999999994 39.5625 0
2025-07-10T18:44:07.010000 55.064372000000006 39.5625 0
2025-07-10T18:44:08.010000 55.060627999999994 39.5625 0
2025-07-10T18:44:09.010000 55.057820000000014 39.5625 0
2025-07-10T18:44:10.013000 55.0391 39.5625 0
2025-07-10T18:44:11.010000 55.032819999999994 39.5625 0
2025-07-10T18:44:12.010000 55.033415999999995 39.5625 0
2025-07-10T18:44:13.010000 55.05470000000001 39.5625 0
2025-07-10T18:44:14.010000 55.06000399999999 39.5625 0
2025-07-10T18:44:15.010000 55.06499600000001 39.5625 0
2025-07-10T18:44:16.010000 55.05470000000001 39.5625 0
2025-07-10T18:44:17.010000 55.04939600000001 39.5625 0
2025-07-10T18:44:18.010000 55.04440400000001 39.5625 0
2025-07-10T18:44:19.010000 55.06000399999999 39.5625 0
2025-07-10T18:44:20.010000 55.06499600000001 39.5625 0
2025-07-10T18:44:21.010000 55.05470000000001 39.5625 0
2025-07-10T18:44:22.010000 55.06000399999999 39.5625 0
2025-07-10T18:44:23.010000 55.06499600000001 39.5625 0
2025-07-10T18:44:24.010000 55.060315999999986 39.5625 0
2025-07-10T18:44:25.010000 55.07029999999999 39.5625 0
2025-07-10T18:44:26.010000 55.064684000000014 39.5625 0
2025-07-10T18:44:27.010000 55.05470000000001 39.5625 0
2025-07-10T18:44:28.010000 55.05470000000001 39.5625 0
2025-07-10T18:44:29.010000 55.05470000000001 39.5625 0
2025-07-10T18:44:30.010000 55.05470000000001 39.5625 0
2025-07-10T18:44:31.010000 55.060315999999986 39.5625 0
2025-07-10T18:44:32.010000 55.075916 39.5625 0
2025-07-10T18:44:33.010000 55.08028399999999 39.5625 0
2025-07-10T18:44:34.010000 55.07622799999999 39.5625 0
2025-07-10T18:44:35.010000 55.074043999999994 39.5625 0
2025-07-10T18:44:36.010000 55.060627999999994 39.5625 0
2025-07-10T18:44:37.010000 55.07622799999999 39.5625 0
2025-07-10T18:44:38.010000 55.079972 39.5625 0
2025-07-10T18:44:39.010000 55.07029999999999 39.5625 0
2025-07-10T18:44:40.010000 55.07622799999999 39.5625 0
2025-07-10T18:44:41.010000 55.079972 39.5625 0
2025-07-10T18:44:42.014000 55.07029999999999 39.5625 0
2025-07-10T18:44:43.010000 55.07029999999999 39.5625 0
2025-07-10T18:44:44.010000 55.064372000000006 39.5625 0
2025-07-10T18:44:45.010000 55.060627999999994 39.5625 0
2025-07-10T18:44:46.010000 55.076539999999994 39.5625 0
2025-07-10T18:44:47.010000 55.079660000000004 39.5625 0
2025-07-10T18:44:48.010000 55.07029999999999 39.5625 0
2025-07-10T18:44:49.010000 55.07029999999999 39.5625 0
2025-07-10T18:44:50.010000 55.076539999999994 39.5625 0
2025-07-10T18:44:51.010000 55.0859 39.5625 0
2025-07-10T18:44:52.010000 55.09123800000001 39.5625 0
2025-07-10T18:44:53.011000 55.1016 39.5625 0
2025-07-10T18:44:54.011000 55.09615306122448 39.5625 0
2025-07-10T18:44:55.010000 55.0859 39.5625 0
2025-07-10T18:44:56.010000 55.09123800000001 39.5625 0
2025-07-10T18:44:57.010000 55.09626199999999 39.5625 0
2025-07-10T18:44:58.010000 55.0859 39.5625 0
2025-07-10T18:44:59.010000 55.0859 39.5625 0
2025-07-10T18:45:00.010000 55.09155200000001 39.5625 0
2025-07-10T18:45:01.010000 55.09594799999999 39.5625 0
2025-07-10T18:45:02.011000 55.09155200000001 39.5625 0
2025-07-10T18:45:03.010000 55.1016 39.5625 0
2025-07-10T18:45:04.010000 55.09594799999999 39.5625 0
2025-07-10T18:45:05.010000 55.0859 39.5625 0
2025-07-10T18:45:06.010000 55.0859 39.5625 0
2025-07-10T18:45:07.010000 55.0859 39.5625 0
2025-07-10T18:45:08.014000 55.08028399999999 39.5 0
2025-07-10T18:45:09.010000 55.07029999999999 39.5 0
2025-07-10T18:45:10.010000 55.08219400000001 39.52875 0
2025-07-10T18:45:11.010000 55.09563399999999 39.5625 0
2025-07-10T18:45:12.010000 55.0859 39.5625 0
2025-07-10T18:45:13.010000 55.09186600000001 39.5625 0
2025-07-10T18:45:14.010000 55.08970600000001 39.5625 0
2025-07-10T18:45:15.010000 55.07029999999999 39.5375 0
2025-07-10T18:45:16.010000 55.07622799999999 39.5 0
2025-07-10T18:45:17.010000 55.079972 39.5 0
2025-07-10T18:45:18.020000 55.064372000000006 39.5 0
2025-07-10T18:45:19.010000 55.060627999999994 39.5 0
2025-07-10T18:45:20.010000 55.064372000000006 39.5 0
2025-07-10T18:45:21.010000 55.06093999999999 39.5 0
2025-07-10T18:45:22.010000 55.06406000000001 39.5 0
2025-07-10T18:45:23.010000 55.048460000000006 39.5 0
2025-07-10T18:45:24.011000 55.045339999999996 39.5 0
2025-07-10T18:45:25.010000 55.05470000000001 39.5 0
2025-07-10T18:45:26.010000 55.048460000000006 39.5 0
2025-07-10T18:45:27.010000 55.032819999999994 39.5 0
2025-07-10T18:45:28.010000 55.029680000000006 39.5 0
2025-07-10T18:45:29.011000 55.03376199999999 39.5 0
2025-07-10T18:45:30.010000 55.0234 39.5 0
2025-07-10T18:45:31.010000 55.019422000000006 39.5 0
2025-07-10T18:45:32.010000 55.0117 39.5 0
2025-07-10T18:45:33.010000 55.01567799999999 39.5 0
2025-07-10T18:45:34.010000 55.019422000000006 39.5 0
2025-07-10T18:45:35.010000 55.01567799999999 39.5 0
2025-07-10T18:45:36.010000 55.019422000000006 39.5 0
2025-07-10T18:45:37.010000 55.0117 39.5 0
2025-07-10T18:45:38.010000 55.015911999999986 39.5 0
2025-07-10T18:45:39.010000 55.01918800000001 39.5 0
2025-07-10T18:45:40.010000 55.006084 39.5 0
2025-07-10T18:45:41.010000 55.00171600000001 39.5 0
2025-07-10T18:45:42.010000 55.0117 39.5 0
2025-07-10T18:45:43.010000 55.0117 39.5 0
2025-07-10T18:45:44.010000 55.0117 39.5 0
2025-07-10T18:45:45.010000 55.0117 39.5 0
2025-07-10T18:45:46.016000 55.015911999999986 39.5 0
2025-07-10T18:45:47.010000 55.018954 39.5 0
2025-07-10T18:45:48.010000 55.01614599999999 39.5 0
2025-07-10T18:45:49.010000 55.013025999999996 39.5 0
2025-07-10T18:45:50.010000 54.996100000000006 39.5 0
2025-07-10T18:45:51.010000 55.00202800000001 39.5 0
2025-07-10T18:45:52.010000 55.01614599999999 39.5 0
2025-07-10T18:45:53.010000 55.0234 39.5 0
2025-07-10T18:45:54.011000 55.0234 39.5 0
2025-07-10T18:45:55.010000 55.018954 39.5 0
2025-07-10T18:45:56.010000 55.0117 39.5 0
2025-07-10T18:45:57.010000 54.99922000000001 39.5 0
2025-07-10T18:45:58.011000 54.99298000000001 39.5 0
2025-07-10T18:45:59.010000 55.0117 39.5 0
2025-07-10T18:46:00.010000 55.0117 39.5 0
2025-07-10T18:46:01.010000 55.0117 39.5 0
2025-07-10T18:46:02.010000 55.0117 39.5 0
2025-07-10T18:46:03.010000 55.00546 39.5 0
2025-07-10T18:46:04.010000 54.996100000000006 39.5 0
2025-07-10T18:46:05.010000 55.002340000000004 39.5 0
2025-07-10T18:46:06.010000 55.0117 39.5 0
2025-07-10T18:46:07.010000 55.006396 39.5 0
2025-07-10T18:46:08.011000 55.001404 39.5 0
2025-07-10T18:46:09.010000 55.0117 39.5 0
2025-07-10T18:46:10.010000 55.0117 39.5 0
2025-07-10T18:46:11.010000 55.006396 39.5 0
2025-07-10T18:46:12.010000 55.001404 39.5 0
2025-07-10T18:46:13.010000 55.0117 39.5 0
2025-07-10T18:46:14.010000 55.0117 39.5 0
2025-07-10T18:46:15.010000 55.0117 39.5 0
2025-07-10T18:46:16.010000 55.015911999999986 39.5 0
2025-07-10T18:46:17.010000 55.0234 39.5 0
2025-07-10T18:46:18.010000 55.0234 39.5 0
2025-07-10T18:46:19.010000 55.013572 39.5 0
2025-07-10T18:46:20.011000 55.00592799999998 39.5 0
2025-07-10T18:46:21.010000 55.013572 39.5 0
2025-07-10T18:46:22.010000 55.00592799999998 39.5 0
2025-07-10T18:46:23.010000 55.0234 39.5 0
2025-07-10T18:46:24.010000 55.0234 39.5 0
2025-07-10T18:46:25.010000 55.0234 39.5 0
2025-07-10T18:46:26.010000 55.0234 39.5 0
2025-07-10T18:46:27.010000 55.02936600000001 39.5 0
2025-07-10T18:46:28.015000 55.03313399999999 39.5 0
2025-07-10T18:46:29.010000 55.018954 39.5 0
2025-07-10T18:46:30.010000 55.01614599999999 39.5 0
2025-07-10T18:46:31.010000 55.0234 39.5 0
2025-07-10T18:46:32.010000 55.02936600000001 39.5 0
2025-07-10T18:46:33.010000 55.0391 39.5 0
2025-07-10T18:46:34.010000 55.03313399999999 39.4425 0
2025-07-10T18:46:35.010000 55.029680000000006 39.4375 0
2025-07-10T18:46:36.010000 55.0391 39.4375 0
2025-07-10T18:46:37.010000 55.032819999999994 39.4375 0
2025-07-10T18:46:38.011000 55.029680000000006 39.4375 0
2025-07-10T18:46:39.011000 55.0391 39.4375 0
2025-07-10T18:46:40.010000 55.0391 39.4375 0
2025-07-10T18:46:41.010000 55.045339999999996 39.4575 0
2025-07-10T18:46:42.010000 55.05470000000001 39.5 0
2025-07-10T18:46:43.011000 55.05470000000001 39.5 0
2025-07-10T18:46:44.010000 55.05470000000001 39.45 0
2025-07-10T18:46:45.010000 55.05470000000001 39.4375 0
2025-07-10T18:46:46.010000 55.044057999999985 39.4375 0
2025-07-10T18:46:47.010000 55.02873800000001 39.4375 0
2025-07-10T18:46:48.010000 55.0391 39.4375 0
2025-07-10T18:46:49.010000 55.03376199999999 39.4375 0
2025-07-10T18:46:50.010000 55.02873800000001 39.4375 0
2025-07-10T18:46:51.010000 55.029236 39.4375 0
2025-07-10T18:46:52.010000 55.015911999999986 39.4375 0
2025-07-10T18:46:53.010000 55.0234 39.4375 0
2025-07-10T18:46:54.014000 55.0234 39.4375 0
2025-07-10T18:46:55.010000 55.02905200000001 39.4375 0
2025-07-10T18:46:56.010000 55.0391 39.4375 0
2025-07-10T18:46:57.010000 55.0391 39.4375 0
2025-07-10T18:46:58.010000 55.03344799999999 39.4375 0
2025-07-10T18:46:59.010000 55.0234 39.4375 0
2025-07-10T18:47:00.010000 55.02905200000001 39.4375 0
2025-07-10T18:47:01.011000 55.03344799999999 39.4375 0
2025-07-10T18:47:02.010000 55.0234 39.4375 0
2025-07-10T18:47:03.011000 55.03529399999999 39.4375 0
2025-07-10T18:47:04.010000 55.04280599999999 39.4375 0
2025-07-10T18:47:05.010000 55.0234 39.4375 0
2025-07-10T18:47:06.010000 55.02936600000001 39.4375 0
2025-07-10T18:47:07.011000 55.045028 39.4375 0
2025-07-10T18:47:08.010000 55.04877200000001 39.4375 0
2025-07-10T18:47:09.010000 55.0391 39.4375 0
2025-07-10T18:47:10.010000 55.045028 39.4375 0
2025-07-10T18:47:11.010000 55.04877200000001 39.4375 0
2025-07-10T18:47:12.010000 55.0391 39.4375 0
2025-07-10T18:47:13.010000 55.0391 39.4375 0
2025-07-10T18:47:14.010000 55.045339999999996 39.4375 0
2025-07-10T18:47:15.010000 55.048460000000006 39.4375 0
2025-07-10T18:47:16.010000 55.045339999999996 39.4375 0
2025-07-10T18:47:17.010000 55.06093999999999 39.4375 0
2025-07-10T18:47:18.010000 55.06406000000001 39.4375 0
2025-07-10T18:47:19.010000 55.06093999999999 39.4375 0
2025-07-10T18:47:20.010000 55.06406000000001 39.4375 0
2025-07-10T18:47:21.010000 55.06093999999999 39.4375 0
2025-07-10T18:47:22.010000 55.06406000000001 39.4375 0
2025-07-10T18:47:23.010000 55.06000399999999 39.4375 0
2025-07-10T18:47:24.010000 55.06499600000001 39.4375 0
2025-07-10T18:47:25.010000 55.06000399999999 39.4375 0
2025-07-10T18:47:26.010000 55.07029999999999 39.4375 0
2025-07-10T18:47:27.010000 55.07029999999999 39.4375 0
2025-07-10T18:47:28.010000 55.06499600000001 39.4375 0
2025-07-10T18:47:29.010000 55.05470000000001 39.4375 0
2025-07-10T18:47:30.010000 55.060315999999986 39.4375 0
2025-07-10T18:47:31.010000 55.059068 39.4375 0
2025-07-10T18:47:32.010000 55.04471600000001 39.4375 0
2025-07-10T18:47:33.010000 55.049084 39.4375 0
2025-07-10T18:47:34.010000 55.04471600000001 39.4375 0
2025-07-10T18:47:35.010000 55.05470000000001 39.4375 0
2025-07-10T18:47:36.010000 55.049084 39.4375 0
2025-07-10T18:47:37.010000 55.0391 39.4375 0
2025-07-10T18:47:38.010000 55.0391 39.4375 0
2025-07-10T18:47:39.010000 55.03344799999999 39.4375 0
2025-07-10T18:47:40.010000 55.02936600000001 39.4375 0
2025-07-10T18:47:41.011000 55.045028 39.4375 0
2025-07-10T18:47:42.010000 55.05470000000001 39.4375 0
2025-07-10T18:47:43.010000 55.05470000000001 39.4375 0
2025-07-10T18:47:44.010000 55.05470000000001 39.4375 0
2025-07-10T18:47:45.010000 55.05470000000001 39.4375 0
2025-07-10T18:47:46.013000 55.05470000000001 39.4375 0
2025-07-10T18:47:47.010000 55.05470000000001 39.41 0
2025-07-10T18:47:48.010000 55.04877200000001 39.375 0
2025-07-10T18:47:49.010000 55.045028 39.375 0
2025-07-10T18:47:50.010000 55.060627999999994 39.4325 0
2025-07-10T18:47:51.010000 55.07029999999999 39.4375 0
2025-07-10T18:47:52.010000 55.07029999999999 39.4375 0
2025-07-10T18:47:53.010000 55.07029999999999 39.4375 0
2025-07-10T18:47:54.010000 55.07029999999999 39.4375 0
2025-07-10T18:47:55.010000 55.07029999999999 39.38375 0
2025-07-10T18:47:56.010000 55.057820000000014 39.375 0
2025-07-10T18:47:57.010000 55.05158 39.375 0
2025-07-10T18:47:58.010000 55.076539999999994 39.375 0
2025-07-10T18:47:59.011000 55.079660000000004 39.375 0
2025-07-10T18:48:00.010000 55.07029999999999 39.375 16384
2025-07-10T18:48:01.010000 55.07029999999999 39.375 16384
2025-07-10T18:48:02.010000 55.06499600000001 39.38875 16384
2025-07-10T18:48:03.010000 55.04939600000001 39.4375 0
2025-07-10T18:48:04.010000 55.049708 39.4375 0
2025-07-10T18:48:05.010000 55.07029999999999 39.4375 0
2025-07-10T18:48:06.010000 55.07029999999999 39.4375 0
2025-07-10T18:48:07.010000 55.07029999999999 39.42875 0
2025-07-10T18:48:08.010000 55.059068 39.375 0
2025-07-10T18:48:09.010000 55.0391 39.375 0
2025-07-10T18:48:10.010000 55.04471600000001 39.375 0
2025-07-10T18:48:11.010000 55.049084 39.375 0
2025-07-10T18:48:12.010000 55.0391 39.375 0
2025-07-10T18:48:13.011000 55.0391 39.375 0
2025-07-10T18:48:14.010000 55.04471600000001 39.375 0
2025-07-10T18:48:15.010000 55.049084 39.41125 0
2025-07-10T18:48:16.010000 55.04471600000001 39.4375 0
2025-07-10T18:48:17.010000 55.05470000000001 39.43375 0
2025-07-10T18:48:18.010000 55.05470000000001 39.375 0
2025-07-10T18:48:19.010000 55.04280599999999 39.375 0
2025-07-10T18:48:20.010000 55.03529399999999 39.375 0
2025-07-10T18:48:21.011000 55.05470000000001 39.375 0
2025-07-10T18:48:22.010000 55.060627999999994 39.375 0
2025-07-10T18:48:23.010000 55.05844400000001 39.375 0
2025-07-10T18:48:24.010000 55.045028 39.375 0
2025-07-10T18:48:25.013000 55.05470000000001 39.375 0
2025-07-10T18:48:26.010000 55.060627999999994 39.375 0
2025-07-10T18:48:27.010000 55.064372000000006 39.375 0
2025-07-10T18:48:28.010000 55.05470000000001 39.375 0
2025-07-10T18:48:29.010000 55.05470000000001 39.375 0
2025-07-10T18:48:30.012000 55.05470000000001 39.375 0
2025-07-10T18:48:31.010000 55.05470000000001 39.375 0
2025-07-10T18:48:32.010000 55.06093999999999 39.375 0
2025-07-10T18:48:33.010000 55.07029999999999 39.375 0
2025-07-10T18:48:34.010000 55.06406000000001 39.375 0
2025-07-10T18:48:35.010000 55.05470000000001 39.375 0
2025-07-10T18:48:36.010000 55.05470000000001 39.375 0
2025-07-10T18:48:37.010000 55.06093999999999 39.375 0
2025-07-10T18:48:38.010000 55.07029999999999 39.375 0
2025-07-10T18:48:39.010000 55.07029999999999 39.375 0
2025-07-10T18:48:40.010000 55.07560399999999 39.375 0
2025-07-10T18:48:41.010000 55.075292 39.375 0
2025-07-10T18:48:42.010000 55.05470000000001 39.375 0
2025-07-10T18:48:43.010000 55.05470000000001 39.375 0
2025-07-10T18:48:44.010000 55.06530799999999 39.375 0
2025-07-10T18:48:45.010000 55.0859 39.375 0
2025-07-10T18:48:46.010000 55.08028399999999 39.375 0
2025-07-10T18:48:47.010000 55.064684000000014 39.375 0
2025-07-10T18:48:48.010000 55.060315999999986 39.375 0
2025-07-10T18:48:49.010000 55.07029999999999 39.375 0
2025-07-10T18:48:50.010000 55.07029999999999 39.375 0
2025-07-10T18:48:51.010000 55.075916 39.375 0
2025-07-10T18:48:52.010000 55.0859 39.375 0
2025-07-10T18:48:53.010000 55.0859 39.375 0
2025-07-10T18:48:54.011000 55.0859 39.375 0
2025-07-10T18:48:55.010000 55.08028399999999 39.375 0
2025-07-10T18:48:56.010000 55.07029999999999 39.375 0
2025-07-10T18:48:57.010000 55.07622799999999 39.375 0
2025-07-10T18:48:58.010000 55.0859 39.375 0
2025-07-10T18:48:59.010000 55.0859 39.375 0
2025-07-10T18:49:00.010000 55.0859 39.375 0
2025-07-10T18:49:01.010000 55.0859 39.375 0
2025-07-10T18:49:02.010000 55.0859 39.375 0
2025-07-10T18:49:03.032000 55.09191276595745 39.375 0
2025-07-10T18:49:04.010000 55.09563399999999 39.375 0
2025-07-10T18:49:05.010000 55.09186600000001 39.375 0
2025-07-10T18:49:06.024000 55.1016 39.375 0
2025-07-10T18:49:07.010000 55.095319999999994 39.375 0
2025-07-10T18:49:08.010000 55.0859 39.375 0
2025-07-10T18:49:09.011000 55.0859 39.375 0
2025-07-10T18:49:10.011000 55.092180000000006 39.375 0
2025-07-10T18:49:11.010000 55.107839999999996 39.375 0
2025-07-10T18:49:12.010000 55.110960000000006 39.375 0
2025-07-10T18:49:13.010000 55.1016 39.375 0
2025-07-10T18:49:14.010000 55.095319999999994 39.375 0
2025-07-10T18:49:15.010000 55.092180000000006 39.375 0
2025-07-10T18:49:16.010000 55.107839999999996 39.375 0
2025-07-10T18:49:17.010000 55.11720000000001 39.375 0
2025-07-10T18:49:18.010000 55.11189600000001 39.375 0
2025-07-10T18:49:19.010000 55.10690400000001 39.375 0
2025-07-10T18:49:20.010000 55.11720000000001 39.375 0
2025-07-10T18:49:21.010000 55.11720000000001 39.375 0
2025-07-10T18:49:22.010000 55.11720000000001 39.375 0
2025-07-10T18:49:23.013000 55.11720000000001 39.375 0
2025-07-10T18:49:24.010000 55.11720000000001 39.375 0
2025-07-10T18:49:25.010000 55.11720000000001 39.375 0
2025-07-10T18:49:26.010000 55.11720000000001 39.375 0
2025-07-10T18:49:27.010000 55.11720000000001 39.375 0
2025-07-10T18:49:28.010000 55.111584 39.375 0
2025-07-10T18:49:29.010000 55.10721600000001 39.375 0
2025-07-10T18:49:30.010000 55.111584 39.375 0
2025-07-10T18:49:31.010000 55.1016 39.375 0
2025-07-10T18:49:32.011000 55.1016 39.375 0
2025-07-10T18:49:33.010000 55.10721600000001 39.375 0
2025-07-10T18:49:34.010000 55.11720000000001 39.375 0
2025-07-10T18:49:35.010000 55.11127200000001 39.375 0
2025-07-10T18:49:36.010000 55.107528 39.375 0
2025-07-10T18:49:37.010000 55.11127200000001 39.375 0
2025-07-10T18:49:38.010000 55.1016 39.375 0
2025-07-10T18:49:39.010000 55.1016 39.375 0
2025-07-10T18:49:40.010000 55.09563399999999 39.375 0
2025-07-10T18:49:41.010000 55.09186600000001 39.375 0
2025-07-10T18:49:42.010000 55.111974000000004 39.375 0
2025-07-10T18:49:43.010000 55.11852600000001 39.375 0
2025-07-10T18:49:44.010000 55.107839999999996 39.375 0
2025-07-10T18:49:45.010000 55.11720000000001 39.375 0
2025-07-10T18:49:46.010000 55.12187999999999 39.375 0
2025-07-10T18:49:47.010000 55.128899999999994 39.375 0
2025-07-10T18:49:48.010000 55.12412448979592 39.375 0
2025-07-10T18:49:49.013000 55.11720000000001 39.375 0
2025-07-10T18:49:50.010000 55.11720000000001 39.375 0
2025-07-10T18:49:51.010000 55.12187999999999 39.375 0
2025-07-10T18:49:52.010000 55.12422000000001 39.375 0
2025-07-10T18:49:53.010000 55.11720000000001 39.375 0
2025-07-10T18:49:54.010000 55.12211399999999 39.375 0
2025-07-10T18:49:55.010000 55.123986 39.375 0
2025-07-10T18:49:56.010000 55.121178 39.37125 0
2025-07-10T18:49:57.010000 55.124922000000005 39.3125 0
2025-07-10T18:49:58.010000 55.11720000000001 39.3125 0
2025-07-10T18:49:59.010000 55.12141199999999 39.345 0
2025-07-10T18:50:00.010000 55.124688000000006 39.375 0
2025-07-10T18:50:01.010000 55.11720000000001 39.375 0
2025-07-10T18:50:02.010000 55.111584 39.3125 16384
2025-07-10T18:50:03.010000 55.10721600000001 39.3125 16384
2025-07-10T18:50:04.010000 55.12141199999999 39.3125 0
2025-07-10T18:50:05.011000 55.124688000000006 39.3125 0
2025-07-10T18:50:06.012000 55.12141199999999 39.3125 0
2025-07-10T18:50:07.010000 55.128899999999994 39.37125 0
2025-07-10T18:50:08.010000 55.128899999999994 39.375 0
2025-07-10T18:50:09.011000 55.128899999999994 39.35 0
2025-07-10T18:50:10.010000 55.128899999999994 39.3125 0
2025-07-10T18:50:11.010000 55.128899999999994 39.3125 0
2025-07-10T18:50:12.010000 55.128899999999994 39.3125 0
2025-07-10T18:50:13.010000 55.12445400000001 39.3125 0
2025-07-10T18:50:14.010000 55.10530599999999 39.3125 0
2025-07-10T18:50:15.010000 55.09186600000001 39.3125 0
2025-07-10T18:50:16.010000 55.107528 39.3125 0
2025-07-10T18:50:17.010000 55.11720000000001 39.3625 0
2025-07-10T18:50:18.010000 55.11720000000001 39.375 0
2025-07-10T18:50:19.010000 55.11720000000001 39.35875 0
2025-07-10T18:50:20.010000 55.11720000000001 39.3125 0
2025-07-10T18:50:21.010000 55.110960000000006 39.3125 0
2025-07-10T18:50:22.010000 55.11252 39.3125 0
2025-07-10T18:50:23.010000 55.11798000000001 39.3125 0
2025-07-10T18:50:24.010000 55.1016 39.3125 0
2025-07-10T18:50:25.010000 55.1016 39.3125 0
2025-07-10T18:50:26.010000 55.107839999999996 39.3125 0
2025-07-10T18:50:27.010000 55.11720000000001 39.3125 0
2025-07-10T18:50:28.010000 55.12187999999999 39.3125 0
2025-07-10T18:50:29.010000 55.12422000000001 39.3125 0
2025-07-10T18:50:30.010000 55.11720000000001 39.3125 0
2025-07-10T18:50:31.010000 55.12211399999999 39.3125 0
2025-07-10T18:50:32.010000 55.123986 39.3125 16384
2025-07-10T18:50:33.010000 55.11720000000001 39.3125 16384
2025-07-10T18:50:34.010000 55.121178 39.3125 16384
2025-07-10T18:50:35.010000 55.124922000000005 39.3125 0
2025-07-10T18:50:36.010000 55.12141199999999 39.3125 0
2025-07-10T18:50:37.010000 55.128899999999994 39.34875 0
2025-07-10T18:50:38.010000 55.128899999999994 39.375 0
2025-07-10T18:50:39.010000 55.124688000000006 39.3725 0
2025-07-10T18:50:40.010000 55.11720000000001 39.3125 0
2025-07-10T18:50:41.010000 55.12141199999999 39.3125 0
2025-07-10T18:50:42.010000 55.124688000000006 39.3125 0
2025-07-10T18:50:43.010000 55.12141199999999 39.3125 0
2025-07-10T18:50:44.010000 55.128899999999994 39.3125 0
2025-07-10T18:50:45.010000 55.128899999999994 39.3125 0
2025-07-10T18:50:46.010000 55.128899999999994 39.3125 0
2025-07-10T18:50:47.010000 55.128899999999994 39.3125 0
2025-07-10T18:50:48.010000 55.134828 39.3125 0
2025-07-10T18:50:49.010000 55.138572 39.3125 0
2025-07-10T18:50:50.014000 55.134828 39.3125 0
2025-07-10T18:50:51.010000 55.138572 39.3125 0
2025-07-10T18:50:52.010000 55.128899999999994 39.3125 0
2025-07-10T18:50:53.010000 55.128899999999994 39.3125 0
2025-07-10T18:50:54.010000 55.14079400000001 39.3125 0
2025-07-10T18:50:55.010000 55.154233999999995 39.3125 0
2025-07-10T18:50:56.010000 55.13412600000001 39.3125 0
2025-07-10T18:50:57.010000 55.13354000000001 39.3125 0
2025-07-10T18:50:58.010000 55.16020000000001 39.3125 0
2025-07-10T18:50:59.010000 55.16020000000001 39.3125 0
2025-07-10T18:51:00.010000 55.15392 39.3125 0
2025-07-10T18:51:01.010000 55.14450000000001 39.3125 0
2025-07-10T18:51:02.010000 55.15078000000001 39.3125 0
2025-07-10T18:51:03.010000 55.15392 39.3125 0
2025-07-10T18:51:04.010000 55.15078000000001 39.3125 0
2025-07-10T18:51:05.010000 55.15392 39.3125 0
2025-07-10T18:51:06.010000 55.14450000000001 39.3125 0
2025-07-10T18:51:07.010000 55.14450000000001 39.3125 0
2025-07-10T18:51:08.010000 55.14450000000001 39.3125 0
2025-07-10T18:51:09.010000 55.14450000000001 39.3125 0
2025-07-10T18:51:10.010000 55.14450000000001 39.3125 0
2025-07-10T18:51:11.010000 55.151094000000015 39.3125 0
2025-07-10T18:51:12.010000 55.16020000000001 39.3125 0
2025-07-10T18:51:13.010000 55.16020000000001 39.3125 0
2025-07-10T18:51:14.010000 55.16020000000001 39.3125 0
2025-07-10T18:51:15.010000 55.16020000000001 39.3125 0
2025-07-10T18:51:16.010000 55.16020000000001 39.3125 0
2025-07-10T18:51:17.010000 55.16020000000001 39.3125 0
2025-07-10T18:51:18.010000 55.16581599999999 39.3125 0
2025-07-10T18:51:19.010000 55.164532 39.3125 0
2025-07-10T18:51:20.010000 55.150152000000006 39.3125 0
2025-07-10T18:51:21.010000 55.16020000000001 39.3125 0
2025-07-10T18:51:22.010000 55.16581599999999 39.3125 0
2025-07-10T18:51:23.010000 55.1758 39.3125 0
2025-07-10T18:51:24.010000 55.169872 39.3125 0
2025-07-10T18:51:25.010000 55.15411224489796 39.3125 16384
2025-07-10T18:51:26.010000 55.138572 39.3125 16384
2025-07-10T18:51:27.010000 55.134828 39.3125 16384
2025-07-10T18:51:28.010000 55.14450000000001 39.3125 0
2025-07-10T18:51:29.010000 55.138572 39.3125 0
2025-07-10T18:51:30.010000 55.128899999999994 39.33625 0
2025-07-10T18:51:31.010000 55.12445400000001 39.375 0
2025-07-10T18:51:32.011000 55.12164599999999 39.375 0
2025-07-10T18:51:33.010000 55.14079400000001 39.32125 0
2025-07-10T18:51:34.010000 55.15392 39.3125 0
2025-07-10T18:51:35.010000 55.13358 39.3125 0
2025-07-10T18:51:36.010000 55.128119999999996 39.3125 0
2025-07-10T18:51:37.010000 55.15078000000001 39.3125 0
2025-07-10T18:51:38.010000 55.14768 39.3125 0
2025-07-10T18:51:39.011000 55.128899999999994 39.3125 0
2025-07-10T18:51:40.010000 55.14142 39.3125 0
2025-07-10T18:51:41.010000 55.15392 39.3125 0
2025-07-10T18:51:42.010000 55.14450000000001 39.3125 0
2025-07-10T18:51:43.010000 55.151094000000015 39.3125 0
2025-07-10T18:51:44.010000 55.153605999999996 39.3125 0
2025-07-10T18:51:45.010000 55.151094000000015 39.3125 0
2025-07-10T18:51:46.013000 55.153605999999996 39.3125 0
2025-07-10T18:51:47.011000 55.14450000000001 39.3125 0
2025-07-10T18:51:48.010000 55.14450000000001 39.3125 0
2025-07-10T18:51:49.010000 55.14450000000001 39.3125 0
2025-07-10T18:51:50.011000 55.150152000000006 39.3125 0
2025-07-10T18:51:51.011000 55.154548 39.3125 0
2025-07-10T18:51:52.010000 55.150152000000006 39.3125 0
2025-07-10T18:51:53.010000 55.16020000000001 39.3125 0
2025-07-10T18:51:54.011000 55.154548 39.3125 0
2025-07-10T18:51:55.010000 55.155767999999995 39.3125 0
2025-07-10T18:51:56.010000 55.158916 39.3125 0
2025-07-10T18:51:57.010000 55.134516000000005 39.3125 0
2025-07-10T18:51:58.010000 55.14450000000001 39.3125 0
2025-07-10T18:51:59.010000 55.15046600000001 39.3125 0
2025-07-10T18:52:00.010000 55.154233999999995 39.3125 0
2025-07-10T18:52:01.013000 55.15046600000001 39.3125 0
2025-07-10T18:52:02.010000 55.16020000000001 39.3125 0
2025-07-10T18:52:03.010000 55.16020000000001 39.3125 0
2025-07-10T18:52:04.010000 55.166127999999986 39.3125 0
2025-07-10T18:52:05.010000 55.169872 39.3125 0
2025-07-10T18:52:06.010000 55.154233999999995 39.3125 0
2025-07-10T18:52:07.010000 55.156394 39.3125 0
2025-07-10T18:52:08.010000 55.169872 39.3125 0
2025-07-10T18:52:09.010000 55.166127999999986 39.3125 0
2025-07-10T18:52:10.010000 55.169560000000004 39.3125 0
2025-07-10T18:52:11.011000 55.166439999999994 39.3125 16384
2025-07-10T18:52:12.010000 55.169560000000004 39.3125 16384
2025-07-10T18:52:13.010000 55.16020000000001 39.3125 16384
2025-07-10T18:52:14.010000 55.166439999999994 39.3125 0
2025-07-10T18:52:15.010000 55.1758 39.3125 0
2025-07-10T18:52:16.011000 55.1758 39.36125 0
2025-07-10T18:52:17.010000 55.169560000000004 39.375 0
2025-07-10T18:52:18.010000 55.166439999999994 39.36125 0
2025-07-10T18:52:19.010000 55.1758 39.3125 0
2025-07-10T18:52:20.010000 55.169560000000004 39.3125 0
2025-07-10T18:52:21.010000 55.166751999999995 39.3125 0
2025-07-10T18:52:22.010000 55.1758 39.3125 0
2025-07-10T18:52:23.011000 55.188904 39.3125 0
2025-07-10T18:52:24.010000 55.200447999999994 39.3125 0
2025-07-10T18:52:25.010000 55.191399999999994 39.3125 0
2025-07-10T18:52:26.010000 55.191399999999994 39.3125 0
2025-07-10T18:52:27.010000 55.184848 39.3125 0
2025-07-10T18:52:28.010000 55.181416 39.3125 0
2025-07-10T18:52:29.010000 55.18578399999999 39.3125 0
2025-07-10T18:52:30.010000 55.18685 39.3125 0
2025-07-10T18:52:31.010000 55.201269387755104 39.3125 0
2025-07-10T18:52:32.010000 55.191399999999994 39.3125 0
2025-07-10T18:52:33.010000 55.197016000000005 39.3125 0
2025-07-10T18:52:34.010000 55.20700000000001 39.3125 0
2025-07-10T18:52:35.011000 55.201072 39.3125 0
2025-07-10T18:52:36.010000 55.197328 39.3125 0
2025-07-10T18:52:37.010000 55.201072 39.3125 0
2025-07-10T18:52:38.010000 55.197328 39.3125 0
2025-07-10T18:52:39.014000 55.20700000000001 39.3125 0
2025-07-10T18:52:40.010000 55.195144 39.3125 0
2025-07-10T18:52:41.010000 55.181728 39.3125 0
2025-07-10T18:52:42.010000 55.18547199999999 39.3125 16384
2025-07-10T18:52:43.012000 55.169872 39.3125 16384
2025-07-10T18:52:44.010000 55.16020000000001 39.3125 0
2025-07-10T18:52:45.010000 55.16020000000001 39.3125 0
2025-07-10T18:52:46.010000 55.166127999999986 39.33125 0
2025-07-10T18:52:47.010000 55.1758 39.375 0
2025-07-10T18:52:48.010000 55.169560000000004 39.375 0
2025-07-10T18:52:49.010000 55.166439999999994 39.32625 0
2025-07-10T18:52:50.010000 55.1758 39.3125 0
2025-07-10T18:52:51.010000 55.1758 39.3125 0
2025-07-10T18:52:52.010000 55.1758 39.3125 0
2025-07-10T18:52:53.001000 55.1758 39.3125 0
2025-07-10T18:52:54.010000 55.1758 39.3125 16384
2025-07-10T18:52:55.010000 55.169560000000004 39.3125 16384
2025-07-10T18:52:56.010000 55.166751999999995 39.3125 16384
2025-07-10T18:52:57.010000 55.18204 39.3125 0
2025-07-10T18:52:58.010000 55.184848 39.3125 0
2025-07-10T18:52:59.010000 55.189171428571434 39.3469387755102 0
2025-07-10T18:53:00.033000 55.19334999999999 39.375 0
2025-07-10T18:53:01.010000 55.182351999999995 39.37375 0
2025-07-10T18:53:02.010000 55.191399999999994 39.3125 16384
2025-07-10T18:53:03.010000 55.191399999999994 39.3125 16384
2025-07-10T18:53:04.010000 55.19795200000001 39.3125 16384
2025-07-10T18:53:05.010000 55.193896 39.3125 0
2025-07-10T18:53:06.010000 55.182351999999995 39.3125 0
2025-07-10T18:53:07.010000 55.191399999999994 39.3725 16384
2025-07-10T18:53:08.010000 55.191399999999994 39.375 16384
2025-07-10T18:53:09.013000 55.197016000000005 39.375 16384
2025-07-10T18:53:10.010000 55.201384 39.375 16384
2025-07-10T18:53:11.010000 55.18578399999999 39.375 16384
2025-07-10T18:53:12.010000 55.181416 39.375 0
2025-07-10T18:53:13.013000 55.197016000000005 39.375 0
2025-07-10T18:53:14.010000 55.20700000000001 39.375 0
2025-07-10T18:53:15.010000 55.195144 39.375 0
2025-07-10T18:53:16.010000 55.181728 39.375 0
2025-07-10T18:53:17.010000 55.197328 39.375 0
2025-07-10T18:53:18.010000 55.20700000000001 39.375 0
2025-07-10T18:53:19.010000 55.20700000000001 39.36 0
2025-07-10T18:53:20.011000 55.201072 39.3125 0
2025-07-10T18:53:21.010000 55.197328 39.3125 0
2025-07-10T18:53:22.010000 55.201072 39.35375 0
2025-07-10T18:53:23.010000 55.197328 39.375 0
2025-07-10T18:53:24.010000 55.20700000000001 39.375 0
2025-07-10T18:53:25.010000 55.21328000000001 39.375 16384
2025-07-10T18:53:26.010000 55.21642 39.375 16384
2025-07-10T18:53:27.010000 55.20700000000001 39.375 16384
2025-07-10T18:53:28.010000 55.20700000000001 39.375 0
2025-07-10T18:53:29.010000 55.21328000000001 39.375 0
2025-07-10T18:53:30.010000 55.21642 39.375 0
2025-07-10T18:53:31.010000 55.20700000000001 39.375 0
2025-07-10T18:53:32.010000 55.20700000000001 39.375 0
2025-07-10T18:53:33.010000 55.20076 39.375 0
2025-07-10T18:53:34.010000 55.191399999999994 39.375 0
2025-07-10T18:53:35.010000 55.19795200000001 39.375 0
2025-07-10T18:53:36.010000 55.20700000000001 39.375 0
2025-07-10T18:53:37.010000 55.20700000000001 39.375 0
2025-07-10T18:53:38.010000 55.213594000000015 39.375 0
2025-07-10T18:53:39.010000 55.216105999999996 39.375 0
2025-07-10T18:53:40.010000 55.213594000000015 39.375 0
2025-07-10T18:53:41.010000 55.22270000000001 39.375 0
2025-07-10T18:53:42.010000 55.216105999999996 39.375 0
2025-07-10T18:53:43.010000 55.20700000000001 39.375 0
2025-07-10T18:53:44.010000 55.20700000000001 39.375 0
2025-07-10T18:53:45.010000 55.212652000000006 39.375 0
2025-07-10T18:53:46.010000 55.217048 39.375 0
2025-07-10T18:53:47.010000 55.20700000000001 39.375 0
2025-07-10T18:53:48.011000 55.212652000000006 39.375 0
2025-07-10T18:53:49.010000 55.217048 39.375 0
2025-07-10T18:53:50.010000 55.20700000000001 39.375 0
2025-07-10T18:53:51.010000 55.20700000000001 39.375 0
2025-07-10T18:53:52.010000 55.218894 39.375 0
2025-07-10T18:53:53.010000 55.2383 39.375 0
2025-07-10T18:53:54.010000 55.232372 39.375 0
2025-07-10T18:53:55.010000 55.22270000000001 39.375 0
2025-07-10T18:53:56.011000 55.216733999999995 39.375 0
2025-07-10T18:53:57.010000 55.21296600000001 39.375 0
2025-07-10T18:53:58.010000 55.228627999999986 39.375 0
2025-07-10T18:53:59.016000 55.2383 39.375 0
2025-07-10T18:54:00.010000 55.242746000000004 39.375 0
2025-07-10T18:54:01.010000 55.25 39.375 0
2025-07-10T18:54:02.010000 55.24531999999999 39.375 0
2025-07-10T18:54:03.010000 55.24298000000001 39.375 0
2025-07-10T18:54:04.010000 55.239080000000016 39.375 0
2025-07-10T18:54:05.010000 55.22270000000001 39.375 0
2025-07-10T18:54:06.010000 55.22270000000001 39.375 0
2025-07-10T18:54:07.010000 55.23362 39.375 0
2025-07-10T18:54:08.010000 55.24531999999999 39.375 0
2025-07-10T18:54:09.010000 55.2383 39.375 0
2025-07-10T18:54:10.011000 55.2383 39.375 0
2025-07-10T18:54:11.010000 55.2383 39.375 0
2025-07-10T18:54:12.010000 55.2383 39.375 0
2025-07-10T18:54:13.010000 55.24321400000001 39.375 0
2025-07-10T18:54:14.010000 55.25 39.375 0
2025-07-10T18:54:15.010000 55.24508599999999 39.375 0
2025-07-10T18:54:16.010000 55.24321400000001 39.375 0
2025-07-10T18:54:17.010000 55.25 39.375 0
2025-07-10T18:54:18.010000 55.256552 39.375 0
2025-07-10T18:54:19.011000 55.259048 39.375 0
2025-07-10T18:54:20.010000 55.24508599999999 39.375 0
2025-07-10T18:54:21.010000 55.2383 39.375 0
2025-07-10T18:54:22.011000 55.249766 39.375 0
2025-07-10T18:54:23.010000 55.259984 39.375 0
2025-07-10T18:54:24.010000 55.255616 39.375 0
2025-07-10T18:54:25.010000 55.259984 39.375 0
2025-07-10T18:54:26.010000 55.255616 39.375 0
2025-07-10T18:54:27.010000 55.259984 39.375 0
2025-07-10T18:54:28.010000 55.255412244897954 39.375 0
2025-07-10T18:54:29.010000 55.2656 39.375 0
2025-07-10T18:54:30.012000 55.26559999999999 39.375 0
2025-07-10T18:54:31.011000 55.271527999999996 39.375 0
2025-07-10T18:54:32.010000 55.275272 39.375 0
2025-07-10T18:54:33.010000 55.26559999999999 39.375 0
2025-07-10T18:54:34.010000 55.26559999999999 39.375 0
2025-07-10T18:54:35.010000 55.259672 39.375 0
2025-07-10T18:54:36.010000 55.24555399999999 39.375 0
2025-07-10T18:54:37.010000 55.242746000000004 39.375 0
2025-07-10T18:54:38.010000 55.255928000000004 39.375 0
2025-07-10T18:54:39.010000 55.26559999999999 39.375 0
2025-07-10T18:54:40.010000 55.259359999999994 39.375 0
2025-07-10T18:54:41.010000 55.25624 39.375 16384
2025-07-10T18:54:42.010000 55.26559999999999 39.375 16384
2025-07-10T18:54:43.010000 55.259359999999994 39.375 16384
2025-07-10T18:54:44.010000 55.25 39.375 0
2025-07-10T18:54:45.010000 55.25624 39.375 0
2025-07-10T18:54:46.010000 55.259359999999994 39.4375 0
2025-07-10T18:54:47.010000 55.25 39.4375 0
2025-07-10T18:54:48.010000 55.25624 39.40875 0
2025-07-10T18:54:49.010000 55.259359999999994 39.375 0
2025-07-10T18:54:50.010000 55.25 39.375 0
2025-07-10T18:54:51.010000 55.256552 39.375 0
2025-07-10T18:54:52.010000 55.259048 39.375 0
2025-07-10T18:54:53.010000 55.25 39.375 16384
2025-07-10T18:54:54.010000 55.25 39.375 16384
2025-07-10T18:54:55.010000 55.256552 39.375 16384
2025-07-10T18:54:56.010000 55.259048 39.42875 16384
2025-07-10T18:54:57.010000 55.25 39.4375 16384
2025-07-10T18:54:58.010000 55.25 39.4375 16384
2025-07-10T18:54:59.010000 55.25 39.4375 16384
2025-07-10T18:55:00.010000 55.24508599999999 39.4375 16384
2025-07-10T18:55:01.010000 55.2383 39.4375 0
2025-07-10T18:55:02.010000 55.232684 39.4375 0
2025-07-10T18:55:03.010000 55.22831599999999 39.4375 0
2025-07-10T18:55:04.010000 55.242512000000005 39.4375 0
2025-07-10T18:55:05.010000 55.25 39.4375 0
2025-07-10T18:55:06.010000 55.25 39.4375 0
2025-07-10T18:55:07.010000 55.24555399999999 39.4375 0
2025-07-10T18:55:08.010000 55.242746000000004 39.4375 0
2025-07-10T18:55:09.010000 55.25 39.4375 0
2025-07-10T18:55:10.010000 55.24555399999999 39.4375 0
2025-07-10T18:55:11.010000 55.2383 39.4375 0
2025-07-10T18:55:12.010000 55.248674 39.4375 0
2025-07-10T18:55:13.010000 55.26559999999999 39.4375 0
2025-07-10T18:55:14.011000 55.255226 39.4375 0
2025-07-10T18:55:15.010000 55.242746000000004 39.4375 0
2025-07-10T18:55:16.010000 55.25 39.4375 0
2025-07-10T18:55:17.010000 55.24555399999999 39.4375 0
2025-07-10T18:55:18.010000 55.22577999999999 39.4375 0
2025-07-10T18:55:19.010000 55.219519999999996 39.4375 0
2025-07-10T18:55:20.010000 55.232060000000004 39.4375 0
2025-07-10T18:55:21.010000 55.22270000000001 39.4375 0
2025-07-10T18:55:22.010000 55.228939999999994 39.4375 0
2025-07-10T18:55:23.010000 55.232060000000004 39.4375 0
2025-07-10T18:55:24.010000 55.22270000000001 39.4375 0
2025-07-10T18:55:25.010000 55.228939999999994 39.4375 0
2025-07-10T18:55:26.010000 55.2383 39.4375 0
2025-07-10T18:55:27.010000 55.2383 39.4375 0
2025-07-10T18:55:28.010000 55.232060000000004 39.4375 0
2025-07-10T18:55:29.010000 55.2162918367347 39.4375 0
2025-07-10T18:55:30.010000 55.2005 39.4375 0
2025-07-10T18:55:31.010000 55.19795200000001 39.4375 0
2025-07-10T18:55:32.010000 55.20700000000001 39.4375 0
2025-07-10T18:55:33.010000 55.213594000000015 39.4375 0
2025-07-10T18:55:34.010000 55.22270000000001 39.4375 0
2025-07-10T18:55:35.010000 55.216105999999996 39.4375 0
2025-07-10T18:55:36.011000 55.20700000000001 39.4375 0
2025-07-10T18:55:37.010000 55.213594000000015 39.4375 0
2025-07-10T18:55:38.010000 55.216105999999996 39.4375 0
2025-07-10T18:55:39.010000 55.212652000000006 39.4375 0
2025-07-10T18:55:40.010000 55.217048 39.4375 0
2025-07-10T18:55:41.011000 55.212652000000006 39.4375 0
2025-07-10T18:55:42.010000 55.217048 39.4375 0
2025-07-10T18:55:43.010000 55.218267999999995 39.4375 0
2025-07-10T18:55:44.011000 55.232684 39.4375 0
2025-07-10T18:55:45.010000 55.22270000000001 39.4375 0
2025-07-10T18:55:46.010000 55.216733999999995 39.4375 0
2025-07-10T18:55:47.010000 55.21296600000001 39.4375 0
2025-07-10T18:55:48.010000 55.22270000000001 39.4375 0
2025-07-10T18:55:49.010000 55.216733999999995 39.4375 0
2025-07-10T18:55:50.010000 55.21296600000001 39.4375 0
2025-07-10T18:55:51.010000 55.22270000000001 39.4375 0
2025-07-10T18:55:52.010000 55.21080599999999 39.4375 0
2025-07-10T18:55:53.010000 55.191399999999994 39.4375 0
2025-07-10T18:55:54.010000 55.191399999999994 39.4375 0
2025-07-10T18:55:55.010000 55.18547199999999 39.4375 0
2025-07-10T18:55:56.010000 55.18204 39.4375 0
2025-07-10T18:55:57.010000 55.191399999999994 39.4375 0
2025-07-10T18:55:58.010000 55.185159999999996 39.4375 0
2025-07-10T18:55:59.010000 55.1758 39.4375 0
2025-07-10T18:56:00.010000 55.169560000000004 39.4375 0
2025-07-10T18:56:01.010000 55.16020000000001 39.4375 0
2025-07-10T18:56:02.010000 55.16020000000001 39.4375 0
2025-07-10T18:56:03.010000 55.16020000000002 39.4375 0
2025-07-10T18:56:04.010000 55.15398541666667 39.4375 0
2025-07-10T18:56:05.010000 55.15078000000001 39.4375 0
2025-07-10T18:56:06.010000 55.16020000000001 39.4375 0
2025-07-10T18:56:07.010000 55.16020000000001 39.4375 0
2025-07-10T18:56:08.010000 55.16020000000001 39.4375 0
2025-07-10T18:56:09.010000 55.153605999999996 39.4375 0
2025-07-10T18:56:10.010000 55.151094000000015 39.4375 0
2025-07-10T18:56:11.011000 55.16020000000001 39.4375 0
2025-07-10T18:56:12.010000 55.153605999999996 39.4375 0
2025-07-10T18:56:13.010000 55.15764600000001 39.4375 0
2025-07-10T18:56:14.010000 55.182351999999995 39.4375 0
2025-07-10T18:56:15.010000 55.184848 39.4375 16384
2025-07-10T18:56:16.010000 55.1758 39.4375 16384
2025-07-10T18:56:17.010000 55.170184 39.4375 16384
2025-07-10T18:56:18.010000 55.16581599999999 39.4375 16384
2025-07-10T18:56:19.010000 55.1758 39.45125 16384
2025-07-10T18:56:20.010000 55.1758 39.5 0
2025-07-10T18:56:21.011000 55.187032 39.5 0
2025-07-10T18:56:22.012000 55.201072 39.5 16384
2025-07-10T18:56:23.010000 55.191399999999994 39.5 16384
2025-07-10T18:56:24.010000 55.17954400000001 39.49 16384
2025-07-10T18:56:25.011000 55.17205599999999 39.4375 0
2025-07-10T18:56:26.010000 55.191399999999994 39.4375 0
2025-07-10T18:56:27.010000 55.18547199999999 39.47625 0
2025-07-10T18:56:28.011000 55.181728 39.5 0
2025-07-10T18:56:29.011000 55.191399999999994 39.5 0
2025-07-10T18:56:30.010000 55.191399999999994 39.5 16384
2025-07-10T18:56:31.010000 55.191399999999994 39.5 16384
2025-07-10T18:56:32.010000 55.185159999999996 39.5 16384
2025-07-10T18:56:33.010000 55.18204 39.5 0
2025-07-10T18:56:34.010000 55.191399999999994 39.5 0
2025-07-10T18:56:35.010000 55.191399999999994 39.5 0
2025-07-10T18:56:36.011000 55.191399999999994 39.5 0
2025-07-10T18:56:37.032000 55.1914 39.5 0
2025-07-10T18:56:38.010000 55.191399999999994 39.5 0
2025-07-10T18:56:39.010000 55.191399999999994 39.5 0
2025-07-10T18:56:40.010000 55.185159999999996 39.44125 0
2025-07-10T18:56:41.010000 55.16924800000001 39.4375 0
2025-07-10T18:56:42.011000 55.16020000000002 39.463010204081634 0
2025-07-10T18:56:43.010000 55.16020000000001 39.5 0
2025-07-10T18:56:44.010000 55.173304 39.5 0
2025-07-10T18:56:45.010000 55.191399999999994 39.5 16384
2025-07-10T18:56:46.010000 55.184848 39.5 16384
2025-07-10T18:56:47.010000 55.188904 39.5 16384
2025-07-10T18:56:48.010000 55.200447999999994 39.5 0
2025-07-10T18:56:49.010000 55.184848 39.5 0
2025-07-10T18:56:50.011000 55.1758 39.5 0
2025-07-10T18:56:51.010000 55.1758 39.5 0
2025-07-10T18:56:52.010000 55.188904 39.5 0
2025-07-10T18:56:53.010000 55.193272 39.5 0
2025-07-10T18:56:54.014000 55.182663999999995 39.5 0
2025-07-10T18:56:55.010000 55.191399999999994 39.5 0
2025-07-10T18:56:56.010000 55.191399999999994 39.5 0
2025-07-10T18:56:57.011000 55.197328 39.5 0
2025-07-10T18:56:58.010000 55.201072 39.5 0
2025-07-10T18:56:59.010000 55.18547199999999 39.5 0
2025-07-10T18:57:00.010000 55.181728 39.5 0
2025-07-10T18:57:01.010000 55.191399999999994 39.5 0
2025-07-10T18:57:02.010000 55.197328 39.5 0
2025-07-10T18:57:03.010000 55.201072 39.5 0
2025-07-10T18:57:04.010000 55.191399999999994 39.5 0
2025-07-10T18:57:05.011000 55.197328 39.5 0
2025-07-10T18:57:06.010000 55.20700000000001 39.5 0
2025-07-10T18:57:07.010000 55.21328000000001 39.5 0
2025-07-10T18:57:08.010000 55.22270000000001 39.5 0
2025-07-10T18:57:09.011000 55.21642 39.5 0
2025-07-10T18:57:10.010000 55.20700000000001 39.5 0
2025-07-10T18:57:11.010000 55.20700000000001 39.5 0
2025-07-10T18:57:12.011000 55.219519999999996 39.5 0
2025-07-10T18:57:13.010000 55.24298000000001 39.5 0
2025-07-10T18:57:14.010000 55.239080000000016 39.5 0
2025-07-10T18:57:15.010000 55.228939999999994 39.5 0
2025-07-10T18:57:16.010000 55.232060000000004 39.5 0
2025-07-10T18:57:17.011000 55.234166 39.5 0
2025-07-10T18:57:18.010000 55.24531999999999 39.5 0
2025-07-10T18:57:19.010000 55.2383 39.5 0
2025-07-10T18:57:20.010000 55.24321400000001 39.5 0
2025-07-10T18:57:21.010000 55.24508599999999 39.5 0
2025-07-10T18:57:22.010000 55.23174800000001 39.5 0
2025-07-10T18:57:23.010000 55.229251999999995 39.5 0
2025-07-10T18:57:24.010000 55.24321400000001 39.5 0
2025-07-10T18:57:25.010000 55.24508599999999 39.5 0
2025-07-10T18:57:26.010000 55.24321400000001 39.5 0
2025-07-10T18:57:27.010000 55.25 39.5 0
2025-07-10T18:57:28.010000 55.256552 39.5 0
2025-07-10T18:57:29.010000 55.258736 39.5 0
2025-07-10T18:57:30.010000 55.25686400000001 39.5 0
2025-07-10T18:57:31.010000 55.258736 39.5 16384
2025-07-10T18:57:32.010000 55.26372800000001 39.5 16384
2025-07-10T18:57:33.011000 55.274336000000005 39.5 0
2025-07-10T18:57:34.010000 55.26559999999999 39.5 0
2025-07-10T18:57:35.010000 55.26559999999999 39.51375 0
2025-07-10T18:57:36.010000 55.26559999999999 39.5625 0
2025-07-10T18:57:37.010000 55.26559999999999 39.5625 0
2025-07-10T18:57:38.010000 55.259672 39.51875 0
2025-07-10T18:57:39.010000 55.26185600000001 39.5 0
2025-07-10T18:57:40.010000 55.281200000000005 39.5 0
2025-07-10T18:57:41.010000 55.275272 39.5 0
2025-07-10T18:57:42.010000 55.271527999999996 39.5 0
2025-07-10T18:57:43.011000 55.275272 39.5 0
2025-07-10T18:57:44.010000 55.271527999999996 39.5 0
2025-07-10T18:57:45.010000 55.27496 39.50625 0
2025-07-10T18:57:46.010000 55.25468 39.5625 0
2025-07-10T18:57:47.016000 55.2383 39.5625 0
2025-07-10T18:57:48.010000 55.2383 39.5275 16384
2025-07-10T18:57:49.010000 55.2383 39.5 16384
2025-07-10T18:57:50.010000 55.232060000000004 39.5 16384
2025-07-10T18:57:51.010000 55.228939999999994 39.5 0
2025-07-10T18:57:52.010000 55.232060000000004 39.5 0
2025-07-10T18:57:53.011000 55.22270000000001 39.53 0
2025-07-10T18:57:54.010000 55.22270000000001 39.5625 0
2025-07-10T18:57:55.010000 55.229251999999995 39.5625 0
2025-07-10T18:57:56.010000 55.2383 39.50375 0
2025-07-10T18:57:57.010000 55.23174800000001 39.5 0
2025-07-10T18:57:58.010000 55.22270000000001 39.5 0
2025-07-10T18:57:59.010000 55.22270000000001 39.5 0
2025-07-10T18:58:00.010000 55.22270000000001 39.5 0
2025-07-10T18:58:01.010000 55.22270000000001 39.5 0
2025-07-10T18:58:02.010000 55.22270000000001 39.5 0
2025-07-10T18:58:03.010000 55.209554 39.5225 16384
2025-07-10T18:58:04.010000 55.211098 39.5625 16384
2025-07-10T18:58:05.010000 55.23174800000001 39.5625 16384
2025-07-10T18:58:06.010000 55.22270000000001 39.51 16384
2025-07-10T18:58:07.010000 55.215792 39.5 16384
2025-07-10T18:58:08.010000 55.20700000000001 39.52 16384
2025-07-10T18:58:09.010000 55.220772 39.5625 0
2025-07-10T18:58:10.011000 55.2383 39.5625 0
2025-07-10T18:58:11.010000 55.231436 39.5625 16384
2025-07-10T18:58:12.010000 55.22270000000001 39.5625 16384
2025-07-10T18:58:13.010000 55.228627999999986 39.5625 16384
2025-07-10T18:58:14.011000 55.232372 39.5625 0
2025-07-10T18:58:15.010000 55.22270000000001 39.5625 0
2025-07-10T18:58:16.010000 55.228627999999986 39.5625 0
2025-07-10T18:58:17.010000 55.2383 39.5625 0
2025-07-10T18:58:18.010000 55.242746000000004 39.5625 0
2025-07-10T18:58:19.010000 55.24555399999999 39.5625 0
2025-07-10T18:58:20.010000 55.2383 39.5625 0
2025-07-10T18:58:21.010000 55.2383 39.5625 0
2025-07-10T18:58:22.010000 55.24298000000001 39.5625 0
2025-07-10T18:58:23.010000 55.25 39.5625 0
2025-07-10T18:58:24.010000 55.25 39.5625 0
2025-07-10T18:58:25.010000 55.24531999999999 39.5625 0
2025-07-10T18:58:26.010000 55.24298000000001 39.5625 0
2025-07-10T18:58:27.010000 55.25 39.5625 0
2025-07-10T18:58:28.010000 55.24531999999999 39.5625 0
2025-07-10T18:58:29.010000 55.2383 39.5625 0
2025-07-10T18:58:30.010000 55.2383 39.5625 0
2025-07-10T18:58:31.010000 55.24298000000001 39.5625 0
2025-07-10T18:58:32.010000 55.25 39.5625 0
2025-07-10T18:58:33.010000 55.25 39.5625 0
2025-07-10T18:58:34.010000 55.256552 39.5625 0
2025-07-10T18:58:35.010000 55.26559999999999 39.5625 0
2025-07-10T18:58:36.010000 55.26559999999999 39.5625 0
2025-07-10T18:58:37.011000 55.26559999999999 39.5625 0
2025-07-10T18:58:38.010000 55.272152000000006 39.5625 0
2025-07-10T18:58:39.010000 55.274648 39.5625 0
2025-07-10T18:58:40.010000 55.272152000000006 39.5625 0
2025-07-10T18:58:41.010000 55.274699999999996 39.5625 0
2025-07-10T18:58:42.010000 55.2656 39.5625 0
2025-07-10T18:58:43.010000 55.272464 39.5625 0
2025-07-10T18:58:44.010000 55.281200000000005 39.5625 0
2025-07-10T18:58:45.010000 55.274336000000005 39.5625 0
2025-07-10T18:58:46.010000 55.272464 39.5625 0
2025-07-10T18:58:47.010000 55.274336000000005 39.5625 0
2025-07-10T18:58:48.010000 55.279372 39.5625 0
2025-07-10T18:58:49.010000 55.29690000000001 39.5625 0
2025-07-10T18:58:50.010000 55.29690000000001 39.5625 0
2025-07-10T18:58:51.010000 55.29690000000001 39.5625 0
2025-07-10T18:58:52.010000 55.290934 39.5625 0
2025-07-10T18:58:53.010000 55.281200000000005 39.5625 0
2025-07-10T18:58:54.010000 55.275272 39.5625 0
2025-07-10T18:58:55.010000 55.26559999999999 39.5625 0
2025-07-10T18:58:56.010000 55.26559999999999 39.5625 0
2025-07-10T18:58:57.010000 55.259359999999994 39.5625 0
2025-07-10T18:58:58.010000 55.25624 39.5625 0
2025-07-10T18:58:59.010000 55.25468 39.5625 0
2025-07-10T18:59:00.010000 55.24922000000001 39.5625 0
2025-07-10T18:59:01.010000 55.26559999999999 39.5625 0
2025-07-10T18:59:02.010000 55.259359999999994 39.5625 0
2025-07-10T18:59:03.010000 55.25624 39.5625 0
2025-07-10T18:59:04.010000 55.271840000000005 39.5625 0
2025-07-10T18:59:05.010000 55.268719999999995 39.5625 0
2025-07-10T18:59:06.011000 55.25624 39.5625 0
2025-07-10T18:59:07.010000 55.26559999999999 39.5625 0
2025-07-10T18:59:08.010000 55.259048 39.5625 0
2025-07-10T18:59:09.010000 55.256552 39.5625 0
2025-07-10T18:59:10.010000 55.26559999999999 39.5625 0
2025-07-10T18:59:11.010000 55.26559999999999 39.5625 0
2025-07-10T18:59:12.010000 55.259048 39.5625 0
2025-07-10T18:59:13.010000 55.25 39.5625 0
2025-07-10T18:59:14.010000 55.256552 39.5625 0
2025-07-10T18:59:15.010000 55.26559999999999 39.5625 0
2025-07-10T18:59:16.010000 55.26559999999999 39.5625 0
2025-07-10T18:59:17.010000 55.26559999999999 39.5625 0
2025-07-10T18:59:18.010000 55.26559999999999 39.5625 0
2025-07-10T18:59:19.010000 55.258736 39.5625 0
2025-07-10T18:59:20.010000 55.25 39.5625 0
2025-07-10T18:59:21.010000 55.25686400000001 39.5625 0
2025-07-10T18:59:22.010000 55.272464 39.5625 0
2025-07-10T18:59:23.010000 55.274336000000005 39.5625 0
2025-07-10T18:59:24.010000 55.272464 39.5625 0
2025-07-10T18:59:25.010000 55.281200000000005 39.5625 0
2025-07-10T18:59:26.010000 55.281200000000005 39.5625 0
2025-07-10T18:59:27.010000 55.281200000000005 39.5625 0
2025-07-10T18:59:28.010000 55.281200000000005 39.5625 0
2025-07-10T18:59:29.010000 55.287166 39.5625 0
2025-07-10T18:59:30.010000 55.29690000000001 39.5625 0
2025-07-10T18:59:31.010000 55.29690000000001 39.5625 0
2025-07-10T18:59:32.010000 55.29690000000001 39.5625 0
2025-07-10T18:59:33.010000 55.290934 39.5625 0
2025-07-10T18:59:34.010000 55.293094 39.5625 0
2025-07-10T18:59:35.010000 55.3125 39.5625 0
2025-07-10T18:59:36.010000 55.3125 39.5625 0
2025-07-10T18:59:37.010000 55.30626 39.5625 0
2025-07-10T18:59:38.010000 55.309380000000004 39.5625 0
2025-07-10T18:59:39.010000 55.315619999999996 39.5625 0
2025-07-10T18:59:40.010000 55.303140000000006 39.5625 0
2025-07-10T18:59:41.010000 55.3125 39.5625 0
2025-07-10T18:59:42.010000 55.30626 39.5625 0
2025-07-10T18:59:43.010000 55.303140000000006 39.5625 0
2025-07-10T18:59:44.011000 55.3125 39.5625 0
2025-07-10T18:59:45.010000 55.319052 39.5625 0
2025-07-10T18:59:46.010000 55.321548 39.5625 0
2025-07-10T18:59:47.011000 55.3125 39.5625 0
2025-07-10T18:59:48.010000 55.3125 39.5625 0
2025-07-10T18:59:49.010000 55.3125 39.5625 0
2025-07-10T18:59:50.010000 55.305948 39.5625 0
2025-07-10T18:59:51.010000 55.29690000000001 39.5625 0
2025-07-10T18:59:52.010000 55.29690000000001 39.5625 0
2025-07-10T18:59:53.010000 55.29690000000001 39.5625 0
2025-07-10T18:59:54.011000 55.29690000000001 39.5625 0
2025-07-10T18:59:55.010000 55.29690000000001 39.5625 0
2025-07-10T18:59:56.010000 55.29690000000001 39.5625 0
2025-07-10T18:59:57.010000 55.29690000000001 39.5625 0
2025-07-10T18:59:58.010000 55.29690000000001 39.5625 16384
2025-07-10T18:59:59.010000 55.283128 39.5625 16384
2025-07-10T19:00:00.010000 55.272464 39.5625 0
2025-07-10T19:00:01.010000 55.294972 39.5625 0
2025-07-10T19:00:02.010000 55.30563599999999 39.57875 0
2025-07-10T19:00:03.010000 55.289992000000005 39.625 0
2025-07-10T19:00:04.010000 55.288107999999994 39.625 0
2025-07-10T19:00:05.010000 55.303764 39.58 16384
2025-07-10T19:00:06.010000 55.294678000000005 39.5625 16384
2025-07-10T19:00:07.010000 55.277494000000004 39.5625 16384
2025-07-10T19:00:08.010000 55.290934 39.5625 0
2025-07-10T19:00:09.010000 55.269344000000004 39.5625 0
2025-07-10T19:00:10.010000 55.25 39.60375 0
2025-07-10T19:00:11.010000 55.25 39.625 0
2025-07-10T19:00:12.010000 55.25 39.625 0
2025-07-10T19:00:13.010000 55.262480000000004 39.625 0
2025-07-10T19:00:14.010000 55.281200000000005 39.625 0
2025-07-10T19:00:15.010000 55.281200000000005 39.5875 0
2025-07-10T19:00:16.011000 55.287479999999995 39.5625 0
2025-07-10T19:00:17.010000 55.29690000000001 39.5625 0
2025-07-10T19:00:18.010000 55.28438 39.5625 0
2025-07-10T19:00:19.011000 55.26559999999999 39.5625 0
2025-07-10T19:00:20.010000 55.26559999999999 39.59625 0
2025-07-10T19:00:21.010000 55.26559999999999 39.625 0
2025-07-10T19:00:22.010000 55.271840000000005 39.625 0
2025-07-10T19:00:23.010000 55.28779399999999 39.5625 0
2025-07-10T19:00:24.010000 55.290306 39.5625 0
2025-07-10T19:00:25.010000 55.281200000000005 39.5625 0
2025-07-10T19:00:26.010000 55.281200000000005 39.5625 0
2025-07-10T19:00:27.010000 55.281200000000005 39.5625 0
2025-07-10T19:00:28.010000 55.281200000000005 39.5625 0
2025-07-10T19:00:29.010000 55.281200000000005 39.5625 0
2025-07-10T19:00:30.010000 55.281200000000005 39.58875 0
2025-07-10T19:00:31.010000 55.281200000000005 39.625 0
2025-07-10T19:00:32.011000 55.28779399999999 39.625 0
2025-07-10T19:00:33.010000 55.283754 39.56875 0
2025-07-10T19:00:34.011000 55.279372 39.5625 0
2025-07-10T19:00:35.010000 55.289992000000005 39.5625 0
2025-07-10T19:00:36.010000 55.288107999999994 39.5625 0
2025-07-10T19:00:37.011000 55.29690000000001 39.5625 0
2025-07-10T19:00:38.010000 55.289992000000005 39.5625 16384
2025-07-10T19:00:39.010000 55.281200000000005 39.5625 16384
2025-07-10T19:00:40.010000 55.281200000000005 39.5825 16384
2025-07-10T19:00:41.010000 55.281200000000005 39.625 16384
2025-07-10T19:00:42.010000 55.281200000000005 39.625 16384
2025-07-10T19:00:43.010000 55.274336000000005 39.625 0
2025-07-10T19:00:44.010000 55.271527999999996 39.625 0
2025-07-10T19:00:45.010000 55.281200000000005 39.625 0
2025-07-10T19:00:46.010000 55.281200000000005 39.625 0
2025-07-10T19:00:47.010000 55.287166 39.625 0
2025-07-10T19:00:48.012000 55.302828 39.58125 0
2025-07-10T19:00:49.010000 55.306571999999996 39.5625 0
2025-07-10T19:00:50.011000 55.29690000000001 39.5625 0
2025-07-10T19:00:51.010000 55.29690000000001 39.5625 0
2025-07-10T19:00:52.010000 55.29690000000001 39.5625 0
2025-07-10T19:00:53.010000 55.29062 39.5625 0
2025-07-10T19:00:54.010000 55.287479999999995 39.5625 0
2025-07-10T19:00:55.010000 55.29062 39.5625 0
2025-07-10T19:00:56.010000 55.27496 39.5625 0
2025-07-10T19:00:57.015000 55.271840000000005 39.5625 0
2025-07-10T19:00:58.010000 55.281200000000005 39.5625 16384
2025-07-10T19:00:59.010000 55.268719999999995 39.5625 16384
2025-07-10T19:01:00.010000 55.25624 39.5625 16384
2025-07-10T19:01:01.010000 55.259048 39.5625 0
2025-07-10T19:01:02.010000 55.25 39.5625 0
2025-07-10T19:01:03.011000 55.25 39.5925 0
2025-07-10T19:01:04.010000 55.25 39.625 0
2025-07-10T19:01:05.010000 55.23853400000001 39.625 0
2025-07-10T19:01:06.010000 55.22270000000001 39.565 16384
2025-07-10T19:01:07.010000 55.229251999999995 39.5625 16384
2025-07-10T19:01:08.010000 55.23174800000001 39.5625 16384
2025-07-10T19:01:09.010000 55.229251999999995 39.5625 0
2025-07-10T19:01:10.010000 55.2383 39.5625 0
2025-07-10T19:01:11.010000 55.24321400000001 39.61875 16384
2025-07-10T19:01:12.010000 55.244851999999995 39.625 16384
2025-07-10T19:01:13.010000 55.2383 39.625 16384
2025-07-10T19:01:14.010000 55.2383 39.625 0
2025-07-10T19:01:15.010000 55.2383 39.625 0
2025-07-10T19:01:16.010000 55.24344800000001 39.625 0
2025-07-10T19:01:17.011000 55.244851999999995 39.625 0
2025-07-10T19:01:18.011000 55.231436 39.605 0
2025-07-10T19:01:19.016000 55.22270000000001 39.5625 0
2025-07-10T19:01:20.010000 55.22270000000001 39.5625 0
2025-07-10T19:01:21.010000 55.22956399999999 39.5625 0
2025-07-10T19:01:22.012000 55.2383 39.5625 0
2025-07-10T19:01:23.010000 55.2383 39.5775 0
2025-07-10T19:01:24.010000 55.2383 39.625 16384
2025-07-10T19:01:25.011000 55.2383 39.625 16384
2025-07-10T19:01:26.010000 55.2383 39.58 16384
2025-07-10T19:01:27.010000 55.2383 39.5625 0
2025-07-10T19:01:28.010000 55.242746000000004 39.57375 0
2025-07-10T19:01:29.010000 55.24531999999999 39.625 0
2025-07-10T19:01:30.010000 55.2383 39.625 0
2025-07-10T19:01:31.010000 55.2383 39.585 0
2025-07-10T19:01:32.010000 55.232060000000004 39.5625 0
2025-07-10T19:01:33.010000 55.228939999999994 39.56875 0
2025-07-10T19:01:34.010000 55.232060000000004 39.625 0
2025-07-10T19:01:35.010000 55.22270000000001 39.625 0
2025-07-10T19:01:36.010000 55.22270000000001 39.59 0
2025-07-10T19:01:37.010000 55.228939999999994 39.5625 0
2025-07-10T19:01:38.011000 55.2383 39.5625 0
2025-07-10T19:01:39.010000 55.2383 39.5625 0
2025-07-10T19:01:40.010000 55.23161428571429 39.5625 0
2025-07-10T19:01:41.032000 55.229524999999995 39.5625 0
2025-07-10T19:01:42.010000 55.2383 39.5625 0
2025-07-10T19:01:43.010000 55.2383 39.5625 0
2025-07-10T19:01:44.010000 55.2383 39.5625 0
2025-07-10T19:01:45.010000 55.23174800000001 39.5625 0
2025-07-10T19:01:46.010000 55.229251999999995 39.5625 16384
2025-07-10T19:01:47.010000 55.2383 39.5625 16384
2025-07-10T19:01:48.010000 55.2383 39.5625 16384
2025-07-10T19:01:49.010000 55.249766 39.5625 16384
2025-07-10T19:01:50.010000 55.258736 39.5625 16384
2025-07-10T19:01:51.011000 55.237988 39.585 16384
2025-07-10T19:01:52.010000 55.234712 39.625 0
2025-07-10T19:01:53.010000 55.25 39.625 0
2025-07-10T19:01:54.010000 55.25 39.625 0
2025-07-10T19:01:55.010000 55.25 39.625 0
2025-07-10T19:01:56.010000 55.25 39.60625 0
2025-07-10T19:01:57.010000 55.244851999999995 39.5625 0
2025-07-10T19:01:58.010000 55.24344800000001 39.5625 0
2025-07-10T19:01:59.010000 55.25686400000001 39.5625 0
2025-07-10T19:02:00.010000 55.258736 39.5625 0
2025-07-10T19:02:01.010000 55.25 39.5625 0
2025-07-10T19:02:02.010000 55.25 39.5625 0
2025-07-10T19:02:03.010000 55.255928000000004 39.5625 0
2025-07-10T19:02:04.012000 55.259672 39.5625 16384
2025-07-10T19:02:05.011000 55.25 39.5625 16384
2025-07-10T19:02:06.010000 55.262480000000004 39.5625 16384
2025-07-10T19:02:07.010000 55.27496 39.5625 0
2025-07-10T19:02:08.010000 55.26559999999999 39.5625 0
2025-07-10T19:02:09.010000 55.26559999999999 39.60375 0
2025-07-10T19:02:10.010000 55.26559999999999 39.625 0
2025-07-10T19:02:11.010000 55.271840000000005 39.6175 0
2025-07-10T19:02:12.010000 55.27496 39.5625 16384
2025-07-10T19:02:13.010000 55.26559999999999 39.5625 16384
2025-07-10T19:02:14.010000 55.271840000000005 39.5625 0
2025-07-10T19:02:15.010000 55.27496 39.5625 0
2025-07-10T19:02:16.010000 55.271840000000005 39.56625 0
2025-07-10T19:02:17.010000 55.28779399999999 39.625 0
2025-07-10T19:02:18.010000 55.290306 39.625 0
2025-07-10T19:02:19.010000 55.274648 39.5925 0
2025-07-10T19:02:20.011000 55.272152000000006 39.5625 0
2025-07-10T19:02:21.010000 55.274648 39.5625 0
2025-07-10T19:02:22.010000 55.278746 39.5625 0
2025-07-10T19:02:23.010000 55.290306 39.5625 0
2025-07-10T19:02:24.010000 55.28779399999999 39.5625 0
2025-07-10T19:02:25.010000 55.290306 39.5625 0
2025-07-10T19:02:26.011000 55.28779399999999 39.5625 0
2025-07-10T19:02:27.011000 55.29690000000001 39.6225 0
2025-07-10T19:02:28.010000 55.29690000000001 39.625 0
2025-07-10T19:02:29.010000 55.303764 39.59875 0
2025-07-10T19:02:30.010000 55.30563599999999 39.5625 0
2025-07-10T19:02:31.010000 55.289992000000005 39.5625 0
2025-07-10T19:02:32.010000 55.281200000000005 39.5625 0
2025-07-10T19:02:33.010000 55.294972 39.5625 0
2025-07-10T19:02:34.010000 55.29872800000001 39.5625 0
2025-07-10T19:02:35.010000 55.288107999999994 39.5625 0
2025-07-10T19:02:36.010000 55.304076 39.5625 0
2025-07-10T19:02:37.010000 55.30563599999999 39.5625 0
2025-07-10T19:02:38.010000 55.29690000000001 39.5625 0
2025-07-10T19:02:39.010000 55.29690000000001 39.5625 0
2025-07-10T19:02:40.010000 55.302828 39.5625 0
2025-07-10T19:02:41.010000 55.3125 39.5625 0
2025-07-10T19:02:42.010000 55.3125 39.5625 16384
2025-07-10T19:02:43.010000 55.299980000000005 39.5625 16384
2025-07-10T19:02:44.010000 55.29371999999999 39.5625 16384
2025-07-10T19:02:45.010000 55.3125 39.5625 0
2025-07-10T19:02:46.010000 55.3125 39.5625 0
2025-07-10T19:02:47.010000 55.30626 39.6075 0
2025-07-10T19:02:48.010000 55.303140000000006 39.625 0
2025-07-10T19:02:49.010000 55.3125 39.61375 0
2025-07-10T19:02:50.010000 55.31874 39.5625 0
2025-07-10T19:02:51.010000 55.321859999999994 39.5625 0
2025-07-10T19:02:52.010000 55.3125 39.5625 0
2025-07-10T19:02:53.013000 55.3125 39.5625 0
2025-07-10T19:02:54.010000 55.305948 39.5625 0
2025-07-10T19:02:55.010000 55.303452 39.5625 0
2025-07-10T19:02:56.010000 55.305948 39.5625 0
2025-07-10T19:02:57.010000 55.29690000000001 39.5625 0
2025-07-10T19:02:58.010000 55.283754 39.5625 0
2025-07-10T19:02:59.010000 55.272152000000006 39.5625 0
2025-07-10T19:03:00.010000 55.281200000000005 39.5625 0
2025-07-10T19:03:01.010000 55.281200000000005 39.5625 0
2025-07-10T19:03:02.010000 55.281200000000005 39.5625 0
2025-07-10T19:03:03.010000 55.281200000000005 39.5625 0
2025-07-10T19:03:04.010000 55.281200000000005 39.5625 0
2025-07-10T19:03:05.010000 55.274336000000005 39.5625 0
2025-07-10T19:03:06.010000 55.26559999999999 39.5625 0
2025-07-10T19:03:07.010000 55.26559999999999 39.5625 0
2025-07-10T19:03:08.010000 55.272464 39.5625 0
2025-07-10T19:03:09.011000 55.281200000000005 39.5625 0
2025-07-10T19:03:10.010000 55.281200000000005 39.5625 0
2025-07-10T19:03:11.010000 55.281200000000005 39.5625 0
2025-07-10T19:03:12.011000 55.281200000000005 39.5625 0
2025-07-10T19:03:13.010000 55.288107999999994 39.5625 0
2025-07-10T19:03:14.010000 55.289678 39.5625 0
2025-07-10T19:03:15.011000 55.281200000000005 39.5625 0
2025-07-10T19:03:16.010000 55.28842199999999 39.5625 0
2025-07-10T19:03:17.010000 55.29690000000001 39.5625 0
2025-07-10T19:03:18.011000 55.29690000000001 39.5625 0
2025-07-10T19:03:19.011000 55.303140000000006 39.5625 0
2025-07-10T19:03:20.010000 55.299980000000005 39.5625 0
2025-07-10T19:03:21.010000 55.281200000000005 39.5625 0
2025-07-10T19:03:22.010000 55.287479999999995 39.5625 0
2025-07-10T19:03:23.010000 55.29062 39.5625 0
2025-07-10T19:03:24.010000 55.281200000000005 39.5625 0
2025-07-10T19:03:25.010000 55.281200000000005 39.5625 0
2025-07-10T19:03:26.010000 55.287479999999995 39.5625 0
2025-07-10T19:03:27.010000 55.29690000000001 39.5625 0
2025-07-10T19:03:28.010000 55.29062 39.5625 0
2025-07-10T19:03:29.010000 55.281200000000005 39.5625 0
2025-07-10T19:03:30.010000 55.294346000000004 39.5625 0
2025-07-10T19:03:31.010000 55.305948 39.5625 0
2025-07-10T19:03:32.010000 55.29690000000001 39.5625 0
2025-07-10T19:03:33.010000 55.303452 39.5625 0
2025-07-10T19:03:34.010000 55.3125 39.5625 0
2025-07-10T19:03:35.010000 55.299354 39.5625 0
2025-07-10T19:03:36.010000 55.294346000000004 39.5625 0
2025-07-10T19:03:37.010000 55.299354 39.5625 0
2025-07-10T19:03:38.010000 55.281200000000005 39.5625 0
2025-07-10T19:03:39.011000 55.288107999999994 39.5625 0
2025-07-10T19:03:40.011000 55.29690000000001 39.5625 0
2025-07-10T19:03:41.010000 55.289992000000005 39.5625 0
2025-07-10T19:03:42.010000 55.281200000000005 39.5625 0
2025-07-10T19:03:43.010000 55.281200000000005 39.5625 0
2025-07-10T19:03:44.010000 55.267472 39.5625 0
2025-07-10T19:03:45.010000 55.25 39.5625 0
2025-07-10T19:03:46.010000 55.25 39.5625 0
2025-07-10T19:03:47.010000 55.244851999999995 39.5625 0
2025-07-10T19:03:48.010000 55.2383 39.5625 0
2025-07-10T19:03:49.010000 55.250312 39.5625 0
2025-07-10T19:03:50.010000 55.25304199999999 39.5625 0
2025-07-10T19:03:51.010000 55.24344800000001 39.5625 0
2025-07-10T19:03:52.010000 55.24461799999999 39.5625 0
2025-07-10T19:03:53.010000 55.25085800000001 39.5625 0
2025-07-10T19:03:54.010000 55.258424 39.5625 0
2025-07-10T19:03:55.010000 55.25 39.5625 0
2025-07-10T19:03:56.011000 55.24531999999999 39.5625 0
2025-07-10T19:03:57.010000 55.24298000000001 39.5625 0
2025-07-10T19:03:58.010000 55.25 39.5625 0
2025-07-10T19:03:59.010000 55.24531999999999 39.5625 0
2025-07-10T19:04:00.010000 55.2383 39.5625 0
2025-07-10T19:04:01.015000 55.24298000000001 39.5625 0
2025-07-10T19:04:02.010000 55.25 39.5625 0
2025-07-10T19:04:03.010000 55.239080000000016 39.5625 0
2025-07-10T19:04:04.010000 55.228939999999994 39.5625 0
2025-07-10T19:04:05.010000 55.24298000000001 39.5625 0
2025-07-10T19:04:06.010000 55.24508599999999 39.5625 0
2025-07-10T19:04:07.010000 55.2383 39.5625 0
2025-07-10T19:04:08.010000 55.23174800000001 39.5625 0
2025-07-10T19:04:09.010000 55.229251999999995 39.5625 0
2025-07-10T19:04:10.010000 55.2383 39.5625 0
2025-07-10T19:04:11.010000 55.2383 39.5625 0
2025-07-10T19:04:12.012000 55.249766 39.5625 0
2025-07-10T19:04:13.010000 55.259048 39.5625 0
2025-07-10T19:04:14.010000 55.25 39.5625 0
2025-07-10T19:04:15.010000 55.25 39.5625 0
2025-07-10T19:04:16.010000 55.25 39.5625 0
2025-07-10T19:04:17.011000 55.25 39.5625 0
2025-07-10T19:04:18.010000 55.25 39.5625 0
2025-07-10T19:04:19.010000 55.25 39.5625 0
2025-07-10T19:04:20.010000 55.25 39.5625 0
2025-07-10T19:04:21.010000 55.25686400000001 39.5625 0
2025-07-10T19:04:22.011000 55.258736 39.5625 0
2025-07-10T19:04:23.010000 55.25686400000001 39.5625 0
2025-07-10T19:04:24.010000 55.258736 39.5625 0
2025-07-10T19:04:25.010000 55.244851999999995 39.5625 0
2025-07-10T19:04:26.010000 55.2383 39.5625 0
2025-07-10T19:04:27.010000 55.24368200000001 39.5625 0
2025-07-10T19:04:28.010000 55.244851999999995 39.5625 0
2025-07-10T19:04:29.011000 55.24368200000001 39.5625 0
2025-07-10T19:04:30.010000 55.257176 39.5625 0
2025-07-10T19:04:31.010000 55.258424 39.5625 0
2025-07-10T19:04:32.011000 55.25 39.5625 0
2025-07-10T19:04:33.010000 55.25 39.5625 0
2025-07-10T19:04:34.010000 55.24531999999999 39.5625 0
2025-07-10T19:04:35.010000 55.24298000000001 39.5625 0
2025-07-10T19:04:36.010000 55.25 39.5625 0
2025-07-10T19:04:37.010000 55.25 39.5625 0
2025-07-10T19:04:38.010000 55.24531999999999 39.5625 0
2025-07-10T19:04:39.010000 55.24298000000001 39.5625 0
2025-07-10T19:04:40.010000 55.24531999999999 39.5625 0
2025-07-10T19:04:41.010000 55.2383 39.5625 0
2025-07-10T19:04:42.010000 55.232060000000004 39.5625 0
2025-07-10T19:04:43.010000 55.22270000000001 39.5625 0
2025-07-10T19:04:44.010000 55.22270000000001 39.5625 0
2025-07-10T19:04:45.010000 55.216105999999996 39.5625 0
2025-07-10T19:04:46.010000 55.22014600000001 39.5625 0
2025-07-10T19:04:47.010000 55.23174800000001 39.5625 0
2025-07-10T19:04:48.010000 55.229251999999995 39.5625 0
2025-07-10T19:04:49.010000 55.21205 39.5625 0
2025-07-10T19:04:50.010000 55.188904 39.5625 0
2025-07-10T19:04:51.010000 55.200447999999994 39.5625 0
2025-07-10T19:04:52.011000 55.19795200000001 39.5625 0
2025-07-10T19:04:53.010000 55.200447999999994 39.5625 0
2025-07-10T19:04:54.011000 55.198264 39.5625 0
2025-07-10T19:04:55.010000 55.200136 39.5625 0
2025-07-10T19:04:56.010000 55.198264 39.5625 0
2025-07-10T19:04:57.010000 55.20700000000001 39.5625 0
2025-07-10T19:04:58.010000 55.20700000000001 39.5625 0
2025-07-10T19:04:59.010000 55.20700000000001 39.5625 0
2025-07-10T19:05:00.011000 55.20700000000001 39.5625 0
2025-07-10T19:05:01.010000 55.20700000000001 39.5625 0
2025-07-10T19:05:02.010000 55.21390800000001 39.5625 0
2025-07-10T19:05:03.010000 55.22270000000001 39.5625 0
2025-07-10T19:05:04.010000 55.22270000000001 39.5625 0
2025-07-10T19:05:05.010000 55.215478000000004 39.5625 0
2025-07-10T19:05:06.010000 55.199824 39.5625 0
2025-07-10T19:05:07.010000 55.205798 39.5625 0
2025-07-10T19:05:08.010000 55.22270000000001 39.5625 0
2025-07-10T19:05:09.010000 55.215478000000004 39.5625 0
2025-07-10T19:05:10.010000 55.20700000000001 39.5625 0
2025-07-10T19:05:11.010000 55.21328000000001 39.5625 0
2025-07-10T19:05:12.010000 55.228939999999994 39.5625 0
2025-07-10T19:05:13.010000 55.2383 39.5625 0
2025-07-10T19:05:14.010000 55.2383 39.50125 0
2025-07-10T19:05:15.010000 55.2383 39.5 0
2025-07-10T19:05:16.010000 55.24298000000001 39.5275 0
2025-07-10T19:05:17.013000 55.239080000000016 39.5625 0
2025-07-10T19:05:18.010000 55.229251999999995 39.5625 0
2025-07-10T19:05:19.010000 55.23174800000001 39.5625 16384
2025-07-10T19:05:20.010000 55.22270000000001 39.5625 16384
2025-07-10T19:05:21.010000 55.229251999999995 39.53875 0
2025-07-10T19:05:22.010000 55.2383 39.5 0
2025-07-10T19:05:23.010000 55.24321400000001 39.5 0
2025-07-10T19:05:24.010000 55.25 39.55375 0
2025-07-10T19:05:25.010000 55.24508599999999 39.5625 0
2025-07-10T19:05:26.010000 55.24321400000001 39.54125 0
2025-07-10T19:05:27.010000 55.24508599999999 39.5 16384
2025-07-10T19:05:28.010000 55.2383 39.5 16384
2025-07-10T19:05:29.010000 55.24344800000001 39.5 0
2025-07-10T19:05:30.010000 55.244851999999995 39.5 0
2025-07-10T19:05:31.010000 55.24344800000001 39.51625 0
2025-07-10T19:05:32.010000 55.25 39.5625 0
2025-07-10T19:05:33.010000 55.25 39.5625 0
2025-07-10T19:05:34.010000 55.25 39.5625 16384
2025-07-10T19:05:35.010000 55.25 39.5625 16384
2025-07-10T19:05:36.010000 55.25 39.55125 16384
2025-07-10T19:05:37.010000 55.244851999999995 39.5 0
2025-07-10T19:05:38.010000 55.24344800000001 39.5 0
2025-07-10T19:05:39.010000 55.25 39.54125 0
2025-07-10T19:05:40.010000 55.25 39.5625 0
2025-07-10T19:05:41.010000 55.24461799999999 39.5625 0
2025-07-10T19:05:42.010000 55.24368200000001 39.5625 16384
2025-07-10T19:05:43.010000 55.257176 39.5625 16384
2025-07-10T19:05:44.010000 55.26559999999999 39.525 0
2025-07-10T19:05:45.010000 55.258424 39.5 0
2025-07-10T19:05:46.010000 55.25 39.505 0
2025-07-10T19:05:47.010000 55.26435200000001 39.5625 0
2025-07-10T19:05:48.010000 55.274024 39.5625 0
2025-07-10T19:05:49.011000 55.26559999999999 39.52875 0
2025-07-10T19:05:50.010000 55.26559999999999 39.5 16384
2025-07-10T19:05:51.010000 55.271840000000005 39.5 16384
2025-07-10T19:05:52.010000 55.281200000000005 39.5 0
2025-07-10T19:05:53.010000 55.281200000000005 39.5 0
2025-07-10T19:05:54.010000 55.287479999999995 39.53 0
2025-07-10T19:05:55.010000 55.29062 39.5625 0
2025-07-10T19:05:56.010000 55.28779399999999 39.5625 0
2025-07-10T19:05:57.010000 55.29690000000001 39.5025 0
2025-07-10T19:05:58.010000 55.303452 39.5 0
2025-07-10T19:05:59.010000 55.305948 39.5 0
2025-07-10T19:06:00.010000 55.29690000000001 39.5 0
2025-07-10T19:06:01.010000 55.29690000000001 39.5 0
2025-07-10T19:06:02.010000 55.29690000000001 39.5 0
2025-07-10T19:06:03.010000 55.29690000000001 39.5 0
2025-07-10T19:06:04.010000 55.303452 39.5 0
2025-07-10T19:06:05.010000 55.305948 39.5 16384
2025-07-10T19:06:06.010000 55.29690000000001 39.5 16384
2025-07-10T19:06:07.010000 55.29690000000001 39.5 16384
2025-07-10T19:06:08.010000 55.310627999999994 39.5 16384
2025-07-10T19:06:09.010000 55.314372000000006 39.51625 16384
2025-07-10T19:06:10.010000 55.310627999999994 39.5625 0
2025-07-10T19:06:11.010000 55.32809999999999 39.5625 0
2025-07-10T19:06:12.010000 55.32809999999999 39.5625 0
2025-07-10T19:06:13.010000 55.321236 39.5625 0
2025-07-10T19:06:14.010000 55.31936400000001 39.55125 0
2025-07-10T19:06:15.010000 55.335007999999995 39.5 0
2025-07-10T19:06:16.010000 55.336892000000006 39.5 0
2025-07-10T19:06:17.010000 55.32809999999999 39.5 0
2025-07-10T19:06:18.010000 55.32809999999999 39.5 0
2025-07-10T19:06:19.010000 55.320924 39.5 0
2025-07-10T19:06:20.010000 55.32689799999999 39.5 16384
2025-07-10T19:06:21.010000 55.343799999999995 39.5 16384
2025-07-10T19:06:22.010000 55.343799999999995 39.5 16384
2025-07-10T19:06:23.011000 55.343799999999995 39.5 0
2025-07-10T19:06:24.010000 55.343799999999995 39.5025 0
2025-07-10T19:06:25.010000 55.343799999999995 39.5625 0
2025-07-10T19:06:26.011000 55.33657800000001 39.5625 0
2025-07-10T19:06:27.010000 55.335322 39.53125 0
2025-07-10T19:06:28.010000 55.343799999999995 39.5 0
2025-07-10T19:06:29.010000 55.337520000000005 39.5 0
2025-07-10T19:06:30.010000 55.33438 39.5 0
2025-07-10T19:06:31.010000 55.34848 39.5 0
2025-07-10T19:06:32.010000 55.35549999999999 39.5 0
2025-07-10T19:06:33.010000 55.350820000000006 39.5 0
2025-07-10T19:06:34.010000 55.343799999999995 39.5 0
2025-07-10T19:06:35.011000 55.35526600000001 39.5 16384
2025-07-10T19:06:36.010000 55.36454799999999 39.5 16384
2025-07-10T19:06:37.010000 55.35549999999999 39.5 16384
2025-07-10T19:06:38.010000 55.362052000000006 39.5 0
2025-07-10T19:06:39.010000 55.377652 39.5 0
2025-07-10T19:06:40.011000 55.380148000000005 39.55625 0
2025-07-10T19:06:41.010000 55.36454799999999 39.5625 0
2025-07-10T19:06:42.010000 55.362052000000006 39.54 0
2025-07-10T19:06:43.011000 55.371100000000006 39.5 0
2025-07-10T19:06:44.010000 55.36454799999999 39.5 0
2025-07-10T19:06:45.010000 55.362364 39.5 0
2025-07-10T19:06:46.011000 55.371100000000006 39.5 0
2025-07-10T19:06:47.010000 55.371100000000006 39.5 0
2025-07-10T19:06:48.010000 55.364236 39.5 0
2025-07-10T19:06:49.010000 55.369228 39.5 0
2025-07-10T19:06:50.010000 55.379836000000005 39.54875 0
2025-07-10T19:06:51.010000 55.377964 39.5625 0
2025-07-10T19:06:52.010000 55.3867 39.5475 0
2025-07-10T19:06:53.010000 55.372972 39.5 0
2025-07-10T19:06:54.010000 55.369228 39.5 0
2025-07-10T19:06:55.010000 55.3867 39.5 0
2025-07-10T19:06:56.010000 55.3867 39.5 0
2025-07-10T19:06:57.010000 55.393876 39.5 0
2025-07-10T19:06:58.010000 55.387947999999994 39.5 0
2025-07-10T19:06:59.010000 55.37827600000001 39.5 0
2025-07-10T19:07:00.010000 55.372348 39.5 0
2025-07-10T19:07:01.010000 55.36985200000001 39.5 0
2025-07-10T19:07:02.010000 55.3867 39.5 0
2025-07-10T19:07:03.010000 55.3867 39.5 0
2025-07-10T19:07:04.010000 55.3867 39.5 0
2025-07-10T19:07:05.010000 55.3867 39.5 0
2025-07-10T19:07:06.010000 55.38046 39.5 0
2025-07-10T19:07:07.010000 55.377340000000004 39.5 0
2025-07-10T19:07:08.010000 55.392939999999996 39.5 0
2025-07-10T19:07:09.010000 55.396060000000006 39.5 0
2025-07-10T19:07:10.010000 55.3867 39.5 0
2025-07-10T19:07:11.010000 55.3867 39.5 0
2025-07-10T19:07:12.010000 55.380148000000005 39.5 0
2025-07-10T19:07:13.010000 55.384204 39.5 0
2025-07-10T19:07:14.011000 55.389196 39.5 0
2025-07-10T19:07:15.010000 55.377652 39.5 0
2025-07-10T19:07:16.010000 55.39325199999999 39.5 0
2025-07-10T19:07:17.010000 55.389196 39.5 0
2025-07-10T19:07:18.010000 55.377652 39.5 0
2025-07-10T19:07:19.010000 55.380148000000005 39.5 0
2025-07-10T19:07:20.010000 55.377652 39.5 0
2025-07-10T19:07:21.010000 55.3867 39.5 0
2025-07-10T19:07:22.010000 55.3867 39.5 0
2025-07-10T19:07:23.010000 55.393564 39.5 0
2025-07-10T19:07:24.010000 55.40229999999999 39.5 0
2025-07-10T19:07:25.010000 55.40229999999999 39.5 0
2025-07-10T19:07:26.010000 55.39543600000001 39.5 0
2025-07-10T19:07:27.010000 55.393564 39.5 0
2025-07-10T19:07:28.010000 55.39543600000001 39.5 0
2025-07-10T19:07:29.010000 55.393564 39.5 0
2025-07-10T19:07:30.010000 55.40229999999999 39.5 0
2025-07-10T19:07:31.010000 55.39543600000001 39.5 0
2025-07-10T19:07:32.010000 55.393564 39.5 0
2025-07-10T19:07:33.010000 55.395124 39.5 0
2025-07-10T19:07:34.010000 55.393876 39.5 0
2025-07-10T19:07:35.010000 55.40229999999999 39.5 0
2025-07-10T19:07:36.010000 55.40229999999999 39.5 0
2025-07-10T19:07:37.011000 55.40229999999999 39.5 0
2025-07-10T19:07:38.010000 55.409521999999996 39.5 0
2025-07-10T19:07:39.010000 55.41799999999999 39.5 0
2025-07-10T19:07:40.010000 55.41799999999999 39.5 0
2025-07-10T19:07:41.010000 55.41077799999999 39.5 0
2025-07-10T19:07:42.010000 55.409521999999996 39.5 0
2025-07-10T19:07:43.011000 55.41077799999999 39.5 0
2025-07-10T19:07:44.010000 55.40229999999999 39.5 0
2025-07-10T19:07:45.010000 55.40858 39.5 0
2025-07-10T19:07:46.010000 55.42424 39.5 0
2025-07-10T19:07:47.010000 55.42736 39.5 0
2025-07-10T19:07:48.010000 55.41799999999999 39.5 0
2025-07-10T19:07:49.011000 55.41171999999999 39.5 0
2025-07-10T19:07:50.010000 55.40858 39.5 0
2025-07-10T19:07:51.011000 55.41799999999999 39.5 0
2025-07-10T19:07:52.010000 55.41799999999999 39.5 0
2025-07-10T19:07:53.010000 55.424552000000006 39.5 0
2025-07-10T19:07:54.010000 55.433600000000006 39.5 0
2025-07-10T19:07:55.010000 55.433600000000006 39.5 0
2025-07-10T19:07:56.010000 55.42704799999999 39.5 0
2025-07-10T19:07:57.010000 55.424552000000006 39.5 0
2025-07-10T19:07:58.010000 55.433600000000006 39.5 0
2025-07-10T19:07:59.010000 55.42704799999999 39.5 0
2025-07-10T19:08:00.010000 55.424552000000006 39.5 0
2025-07-10T19:08:01.010000 55.426736 39.5 0
2025-07-10T19:08:02.010000 55.424864 39.5 0
2025-07-10T19:08:03.010000 55.440464 39.5 0
2025-07-10T19:08:04.011000 55.442336000000005 39.5 0
2025-07-10T19:08:05.010000 55.433600000000006 39.5 0
2025-07-10T19:08:06.011000 55.440464 39.5 0
2025-07-10T19:08:07.010000 55.4492 39.5 0
2025-07-10T19:08:08.010000 55.4492 39.5 0
2025-07-10T19:08:09.010000 55.442336000000005 39.5 0
2025-07-10T19:08:10.010000 55.433600000000006 39.5 0
2025-07-10T19:08:11.010000 55.440464 39.5 0
2025-07-10T19:08:12.010000 55.442024 39.5 0
2025-07-10T19:08:13.010000 55.44077600000001 39.5 0
2025-07-10T19:08:14.010000 55.456376 39.5 0
2025-07-10T19:08:15.010000 55.457624 39.5 0
2025-07-10T19:08:16.010000 55.4492 39.5 0
2025-07-10T19:08:17.010000 55.4492 39.5 0
2025-07-10T19:08:18.011000 55.4492 39.5 0
2025-07-10T19:08:19.010000 55.4492 39.5 0
2025-07-10T19:08:20.010000 55.4492 39.5 0
2025-07-10T19:08:21.010000 55.4492 39.5 0
2025-07-10T19:08:22.010000 55.455439999999996 39.5 0
2025-07-10T19:08:23.010000 55.458560000000006 39.5 0
2025-07-10T19:08:24.010000 55.455439999999996 39.5 0
2025-07-10T19:08:25.010000 55.46479999999999 39.5 0
2025-07-10T19:08:26.025000 55.46479999999999 39.5 0
2025-07-10T19:08:27.010000 55.46952 39.5 0
2025-07-10T19:08:28.010000 55.471644 39.5 0
2025-07-10T19:08:29.010000 55.46479999999999 39.5 0
2025-07-10T19:08:30.010000 55.46479999999999 39.5 0
2025-07-10T19:08:31.010000 55.46479999999999 39.5 0
2025-07-10T19:08:32.010000 55.469756 39.5 0
2025-07-10T19:08:33.010000 55.465092000000006 39.5 0
2025-07-10T19:08:34.010000 55.45575199999999 39.5 0
2025-07-10T19:08:35.011000 55.458248000000005 39.5 0
2025-07-10T19:08:36.010000 55.4492 39.5 0
2025-07-10T19:08:37.010000 55.4492 39.5 0
2025-07-10T19:08:38.010000 55.4492 39.5 0
2025-07-10T19:08:39.010000 55.456064 39.5 0
2025-07-10T19:08:40.010000 55.46479999999999 39.5 0
2025-07-10T19:08:41.011000 55.451072 39.5 0
2025-07-10T19:08:42.010000 55.440464 39.5 0
2025-07-10T19:08:43.010000 55.4492 39.5 0
2025-07-10T19:08:44.011000 55.442336000000005 39.5 0
2025-07-10T19:08:45.010000 55.440464 39.5 0
2025-07-10T19:08:46.010000 55.456064 39.5 0
2025-07-10T19:08:47.010000 55.451072 39.5 0
2025-07-10T19:08:48.010000 55.440464 39.5 0
2025-07-10T19:08:49.010000 55.456064 39.5 0
2025-07-10T19:08:50.010000 55.46479999999999 39.5 0
2025-07-10T19:08:51.010000 55.46479999999999 39.5 0
2025-07-10T19:08:52.010000 55.46479999999999 39.5 0
2025-07-10T19:08:53.010000 55.457624 39.5 0
2025-07-10T19:08:54.010000 55.461803999999994 39.5 0
2025-07-10T19:08:55.011000 55.471172 39.5 0
2025-07-10T19:08:56.010000 55.46479999999999 39.5 0
2025-07-10T19:08:57.010000 55.457624 39.5 0
2025-07-10T19:08:58.010000 55.456376 39.5 0
2025-07-10T19:08:59.010000 55.470464 39.5 0
2025-07-10T19:09:00.010000 55.4766 39.5 0
2025-07-10T19:09:01.010000 55.46564 39.5 0
2025-07-10T19:09:02.010000 55.455439999999996 39.5 0
2025-07-10T19:09:03.010000 55.46479999999999 39.5 0
2025-07-10T19:09:04.010000 55.46479999999998 39.5 0
2025-07-10T19:09:05.010000 55.46479999999999 39.5 0
2025-07-10T19:09:06.010000 55.46479999999999 39.5 0
2025-07-10T19:09:07.011000 55.458248000000005 39.5 0
2025-07-10T19:09:08.010000 55.4492 39.5 0
2025-07-10T19:09:09.011000 55.45575199999999 39.5 0
2025-07-10T19:09:10.010000 55.458248000000005 39.5 0
2025-07-10T19:09:11.011000 55.45575199999999 39.5 0
2025-07-10T19:09:12.010000 55.46479999999999 39.5 0
2025-07-10T19:09:13.010000 55.46479999999999 39.5 0
2025-07-10T19:09:14.010000 55.469756 39.5 0
2025-07-10T19:09:15.010000 55.4766 39.5 0
2025-07-10T19:09:16.010000 55.4766 39.5 0
2025-07-10T19:09:17.011000 55.471408000000004 39.5 0
2025-07-10T19:09:18.010000 55.45793600000001 39.5 0
2025-07-10T19:09:19.011000 55.46125599999999 39.5 0
2025-07-10T19:09:20.010000 55.483464000000005 39.5 0
2025-07-10T19:09:21.010000 55.485336000000004 39.5 0
2025-07-10T19:09:22.010000 55.490328000000005 39.5 0
2025-07-10T19:09:23.010000 55.500936 39.5 0
2025-07-10T19:09:24.010000 55.485336000000004 39.5 0
2025-07-10T19:09:25.010000 55.483464000000005 39.5 0
2025-07-10T19:09:26.010000 55.49220000000001 39.5 0
2025-07-10T19:09:27.010000 55.49220000000001 39.5 0
2025-07-10T19:09:28.011000 55.49220000000001 39.5 0
2025-07-10T19:09:29.010000 55.49220000000001 39.5 0
2025-07-10T19:09:30.010000 55.48502400000001 39.5 0
2025-07-10T19:09:31.010000 55.483776 39.5 0
2025-07-10T19:09:32.010000 55.49220000000001 39.5 0
2025-07-10T19:09:33.010000 55.49220000000001 39.5 0
2025-07-10T19:09:34.010000 55.49934999999999 39.5 0
2025-07-10T19:09:35.010000 55.50779999999999 39.5 0
2025-07-10T19:09:36.010000 55.50779999999999 39.5 0
2025-07-10T19:09:37.010000 55.50779999999999 39.5 0
2025-07-10T19:09:38.010000 55.515288 39.5 0
2025-07-10T19:09:39.010000 55.517160000000004 39.5 0
2025-07-10T19:09:40.010000 55.50779999999999 39.5 0
2025-07-10T19:09:41.010000 55.50124800000001 39.5 0
2025-07-10T19:09:42.010000 55.494952941176464 39.5 0
2025-07-10T19:09:43.010000 55.50124800000001 39.5 0
2025-07-10T19:09:44.010000 55.49875199999999 39.5 0
2025-07-10T19:09:45.010000 55.514352 39.5 0
2025-07-10T19:09:46.010000 55.510296 39.5 0
2025-07-10T19:09:47.010000 55.4922 39.5 0
2025-07-10T19:09:48.010000 55.49875199999999 39.5 0
2025-07-10T19:09:49.011000 55.50779999999999 39.5 0
2025-07-10T19:09:50.010000 55.50779999999999 39.5 0
2025-07-10T19:09:51.010000 55.514663999999996 39.5 0
2025-07-10T19:09:52.010000 55.516535999999995 39.5 0
2025-07-10T19:09:53.010000 55.514663999999996 39.5 0
2025-07-10T19:09:54.011000 55.5234 39.5 0
2025-07-10T19:09:55.010000 55.516535999999995 39.5 0
2025-07-10T19:09:56.010000 55.50779999999999 39.5 0
2025-07-10T19:09:57.010000 55.50779999999999 39.5 0
2025-07-10T19:09:58.011000 55.514663999999996 39.5 0
2025-07-10T19:09:59.010000 55.530308000000005 39.5 0
2025-07-10T19:10:00.010000 55.532191999999995 39.5 0
2025-07-10T19:10:01.010000 55.530308000000005 39.5 0
2025-07-10T19:10:02.010000 55.524702000000005 39.5 0
2025-07-10T19:10:03.011000 55.514663999999996 39.5 0
2025-07-10T19:10:04.010000 55.5234 39.5 0
2025-07-10T19:10:05.010000 55.544974 39.5 0
2025-07-10T19:10:06.012000 55.55594800000001 39.5 0
2025-07-10T19:10:07.010000 55.546276 39.5 0
2025-07-10T19:10:08.011000 55.54030199999999 39.5 0
2025-07-10T19:10:09.010000 55.537797999999995 39.5 0
2025-07-10T19:10:10.010000 55.54752400000001 39.5 0
2025-07-10T19:10:11.010000 55.546276 39.5 0
2025-07-10T19:10:12.010000 55.54752400000001 39.5 0
2025-07-10T19:10:13.010000 55.54658799999999 39.5 0
2025-07-10T19:10:14.010000 55.547212 39.5 0
2025-07-10T19:10:15.010000 55.54658799999999 39.5 0
2025-07-10T19:10:16.010000 55.547212 39.5 0
2025-07-10T19:10:17.011000 55.545339999999996 39.5 0
2025-07-10T19:10:18.010000 55.55470000000001 39.5 0
2025-07-10T19:10:19.010000 55.55470000000001 39.5 0
2025-07-10T19:10:20.010000 55.548148 39.5 0
2025-07-10T19:10:21.010000 55.5391 39.5 0
2025-07-10T19:10:22.010000 55.5391 39.5 0
2025-07-10T19:10:23.010000 55.5391 39.5 0
2025-07-10T19:10:24.011000 55.5391 39.5 0
2025-07-10T19:10:25.010000 55.5391 39.5 0
2025-07-10T19:10:26.010000 55.552204 39.5 0
2025-07-10T19:10:27.010000 55.57029999999999 39.5 0
2025-07-10T19:10:28.010000 55.556572 39.5 0
2025-07-10T19:10:29.010000 55.545964000000005 39.5 0
2025-07-10T19:10:30.010000 55.55470000000001 39.5 0
2025-07-10T19:10:31.010000 55.55470000000001 39.5 0
2025-07-10T19:10:32.010000 55.561564 39.5 0
2025-07-10T19:10:33.010000 55.563436 39.5 0
2025-07-10T19:10:34.010000 55.55470000000001 39.5 0
2025-07-10T19:10:35.010000 55.55470000000001 39.5 0
2025-07-10T19:10:36.010000 55.554700000000004 39.5 0
2025-07-10T19:10:37.010000 55.56170408163265 39.5 0
2025-07-10T19:10:38.010000 55.57029999999999 39.5 0
2025-07-10T19:10:39.010000 55.57029999999999 39.5 0
2025-07-10T19:10:40.011000 55.575682 39.5 0
2025-07-10T19:10:41.011000 55.58200000000001 39.5 0
2025-07-10T19:10:42.010000 55.56944200000001 39.5 0
2025-07-10T19:10:43.012000 55.56187599999999 39.5 0
2025-07-10T19:10:44.010000 55.57029999999999 39.5 0
2025-07-10T19:10:45.010000 55.57555306122449 39.5 0
2025-07-10T19:10:46.005000 55.581999999999994 39.5 0
2025-07-10T19:10:47.010000 55.576617999999996 39.5 0
2025-07-10T19:10:48.010000 55.575682 39.5 0
2025-07-10T19:10:49.011000 55.576384 39.5 0
2025-07-10T19:10:50.010000 55.58345200000001 39.5 0
2025-07-10T19:10:51.010000 55.590164 39.5 0
2025-07-10T19:10:52.010000 55.58953600000001 39.5 0
2025-07-10T19:10:53.010000 55.59770000000001 39.5 0
2025-07-10T19:10:54.010000 55.59770000000001 39.5 0
2025-07-10T19:10:55.010000 55.59142 39.5 0
2025-07-10T19:10:56.010000 55.588594000000015 39.5 0
2025-07-10T19:10:57.010000 55.59770000000001 39.5 0
2025-07-10T19:10:58.010000 55.59770000000001 39.5 0
2025-07-10T19:10:59.010000 55.58619199999999 39.5 0
2025-07-10T19:11:00.012000 55.57029999999999 39.5 0
2025-07-10T19:11:01.010000 55.575213999999995 39.5 0
2025-07-10T19:11:02.010000 55.588594000000015 39.5 0
2025-07-10T19:11:03.010000 55.591105999999996 39.5 0
2025-07-10T19:11:04.010000 55.582 39.5 0
2025-07-10T19:11:05.010000 55.58200000000001 39.5 0
2025-07-10T19:11:06.011000 55.58200000000001 39.5 0
2025-07-10T19:11:07.010000 55.58200000000001 39.5 0
2025-07-10T19:11:08.010000 55.58890800000001 39.5 0
2025-07-10T19:11:09.010000 55.590792 39.5 0
2025-07-10T19:11:10.010000 55.58200000000001 39.5 0
2025-07-10T19:11:11.011000 55.58890800000001 39.5 0
2025-07-10T19:11:12.010000 55.590792 39.5 0
2025-07-10T19:11:13.010000 55.595772 39.5 0
2025-07-10T19:11:14.010000 55.599528 39.5 0
2025-07-10T19:11:15.010000 55.59639799999999 39.5 0
2025-07-10T19:11:16.011000 55.6133 39.5 0
2025-07-10T19:11:17.010000 55.6133 39.5 0
2025-07-10T19:11:18.010000 55.6133 39.5 0
2025-07-10T19:11:19.010000 55.6133 39.5 0
2025-07-10T19:11:20.010000 55.620476 39.5 0
2025-07-10T19:11:21.010000 55.614548000000006 39.5 0
2025-07-10T19:11:22.010000 55.612052000000006 39.5 0
2025-07-10T19:11:23.011000 55.614548000000006 39.5 0
2025-07-10T19:11:24.010000 55.604876 39.5 0
2025-07-10T19:11:25.010000 55.62078799999999 39.5 0
2025-07-10T19:11:26.010000 55.628899999999994 39.5 0
2025-07-10T19:11:27.010000 55.628899999999994 39.5 0
2025-07-10T19:11:28.011000 55.621412 39.5 0
2025-07-10T19:11:29.011000 55.6133 39.5 0
2025-07-10T19:11:30.010000 55.62078799999999 39.5 0
2025-07-10T19:11:31.010000 55.628899999999994 39.5 0
2025-07-10T19:11:32.010000 55.6289 39.5 0
2025-07-10T19:11:33.010000 55.628899999999994 39.5 0
2025-07-10T19:11:34.011000 55.628899999999994 39.5 0
2025-07-10T19:11:35.010000 55.63545200000001 39.5 0
2025-07-10T19:11:36.010000 55.637947999999994 39.5 0
2025-07-10T19:11:37.010000 55.622348 39.5 0
2025-07-10T19:11:38.010000 55.619851999999995 39.5 0
2025-07-10T19:11:39.010000 55.63545200000001 39.5 0
2025-07-10T19:11:40.010000 55.637947999999994 39.5 0
2025-07-10T19:11:41.010000 55.635764 39.5 0
2025-07-10T19:11:42.010000 55.64450000000001 39.5 0
2025-07-10T19:11:43.010000 55.637947999999994 39.5 0
2025-07-10T19:11:44.010000 55.635764 39.5 0
2025-07-10T19:11:45.010000 55.637636 39.5 0
2025-07-10T19:11:46.011000 55.622214285714286 39.5 0
2025-07-10T19:11:47.010000 55.62695 39.5 0
2025-07-10T19:11:48.010000 55.637636 39.5 0
2025-07-10T19:11:49.010000 55.628899999999994 39.5 0
2025-07-10T19:11:50.010000 55.622036 39.5 0
2025-07-10T19:11:51.010000 55.6133 39.5 0
2025-07-10T19:11:52.010000 55.606436 39.5 0
2025-07-10T19:11:53.010000 55.604876 39.5 0
2025-07-10T19:11:54.010000 55.6133 39.5 0
2025-07-10T19:11:55.010000 55.620476 39.5 0
2025-07-10T19:11:56.011000 55.636076 39.5 0
2025-07-10T19:11:57.010000 55.63749591836734 39.5 0
2025-07-10T19:11:58.010000 55.636050000000004 39.5 0
2025-07-10T19:11:59.010000 55.637324 39.5 0
2025-07-10T19:12:00.012000 55.636076 39.5 0
2025-07-10T19:12:01.010000 55.637324 39.5 0
2025-07-10T19:12:02.010000 55.628899999999994 39.5 0
2025-07-10T19:12:03.011000 55.628899999999994 39.5 0
2025-07-10T19:12:04.010000 55.628899999999994 39.5 0
2025-07-10T19:12:05.010000 55.628899999999994 39.5 0
2025-07-10T19:12:06.010000 55.636388 39.5 0
2025-07-10T19:12:07.010000 55.64450000000001 39.5 0
2025-07-10T19:12:08.010000 55.637012 39.5 0
2025-07-10T19:12:09.010000 55.636388 39.5 0
2025-07-10T19:12:10.015000 55.64450000000001 39.5 0
2025-07-10T19:12:11.010000 55.63813265306123 39.5 0
2025-07-10T19:12:12.010000 55.635400000000004 39.5 0
2025-07-10T19:12:13.010000 55.651094000000015 39.5 0
2025-07-10T19:12:14.010000 55.66020000000001 39.5 0
2025-07-10T19:12:15.010000 55.653605999999996 39.5 0
2025-07-10T19:12:16.010000 55.651094000000015 39.5 0
2025-07-10T19:12:17.010000 55.66020000000001 39.5 0
2025-07-10T19:12:18.010000 55.66020000000001 39.5 0
2025-07-10T19:12:19.010000 55.653292 39.5 0
2025-07-10T19:12:20.010000 55.64450000000001 39.5 0
2025-07-10T19:12:21.010000 55.658272 39.5 0
2025-07-10T19:12:22.010000 55.6758 39.5 0
2025-07-10T19:12:23.010000 55.66897500000001 39.5 0
2025-07-10T19:12:24.010000 55.66020000000001 39.5 0
2025-07-10T19:12:25.010000 55.66020000000001 39.5 0
2025-07-10T19:12:26.010000 55.66020000000001 39.5 0
2025-07-10T19:12:27.010000 55.653292 39.5 0
2025-07-10T19:12:28.010000 55.64450000000001 39.5 0
2025-07-10T19:12:29.010000 55.64450000000001 39.5 0
2025-07-10T19:12:30.010000 55.65172200000001 39.5 0
2025-07-10T19:12:31.010000 55.66020000000001 39.5 0
2025-07-10T19:12:32.010000 55.66020000000001 39.5 0
2025-07-10T19:12:33.010000 55.652978000000004 39.5 0
2025-07-10T19:12:34.010000 55.64450000000001 39.5 0
2025-07-10T19:12:35.010000 55.65172200000001 39.5 0
2025-07-10T19:12:36.010000 55.667376 39.5 0
2025-07-10T19:12:37.010000 55.668624 39.5 0
2025-07-10T19:12:38.010000 55.66020000000001 39.5 0
2025-07-10T19:12:39.010000 55.66020000000001 39.5 0
2025-07-10T19:12:40.010000 55.652664 39.5 0
2025-07-10T19:12:41.010000 55.65203600000001 39.5 0
2025-07-10T19:12:42.010000 55.652664 39.5 0
2025-07-10T19:12:43.010000 55.65203600000001 39.5 0
2025-07-10T19:12:44.010000 55.66020000000001 39.5 0
2025-07-10T19:12:45.010000 55.652664 39.5 0
2025-07-10T19:12:46.010000 55.65203600000001 39.5 0
2025-07-10T19:12:47.017000 55.652664 39.5 0
2025-07-10T19:12:48.010000 55.64450000000001 39.5 0
2025-07-10T19:12:49.010000 55.637947999999994 39.5 0
2025-07-10T19:12:50.011000 55.642046 39.5 0
2025-07-10T19:12:51.010000 55.66020000000001 39.5 0
2025-07-10T19:12:52.011000 55.653605999999996 39.5 0
2025-07-10T19:12:53.010000 55.65764600000001 39.5 0
2025-07-10T19:12:54.010000 55.66924800000001 39.5 0
2025-07-10T19:12:55.011000 55.666751999999995 39.5 0
2025-07-10T19:12:56.010000 55.668936 39.5 0
2025-07-10T19:12:57.010000 55.666885714285705 39.5 0
2025-07-10T19:12:58.002000 55.6690705882353 39.5 0
2025-07-10T19:12:59.010000 55.66706399999999 39.5 0
2025-07-10T19:13:00.010000 55.6758 39.5 0
2025-07-10T19:13:01.010000 55.668936 39.5 0
2025-07-10T19:13:02.010000 55.653292 39.5 0
2025-07-10T19:13:03.010000 55.658272 39.5 0
2025-07-10T19:13:04.010000 55.668936 39.5 0
2025-07-10T19:13:05.010000 55.66706399999999 39.5 0
2025-07-10T19:13:06.011000 55.668624 39.5 0
2025-07-10T19:13:07.010000 55.672757999999995 39.5 0
2025-07-10T19:13:08.010000 55.6875 39.5 0
2025-07-10T19:13:09.010000 55.68211799999999 39.5 0
2025-07-10T19:13:10.010000 55.68118200000001 39.5 0
2025-07-10T19:13:11.010000 55.674942 39.5 0
2025-07-10T19:13:12.010000 55.66020000000001 39.5 0
2025-07-10T19:13:13.010000 55.667376 39.5 0
2025-07-10T19:13:14.011000 55.68118200000001 39.5 0
2025-07-10T19:13:15.010000 55.6875 39.5 0
2025-07-10T19:13:16.010000 55.68211799999999 39.5 0
2025-07-10T19:13:17.011000 55.681416000000006 39.5 0
2025-07-10T19:13:18.010000 55.6875 39.5 0
2025-07-10T19:13:19.010000 55.6875 39.5 0
2025-07-10T19:13:20.010000 55.6875 39.5 0
2025-07-10T19:13:21.010000 55.68188399999999 39.5 0
2025-07-10T19:13:22.010000 55.688904 39.5 0
2025-07-10T19:13:23.010000 55.695612000000004 39.5 0
2025-07-10T19:13:24.010000 55.6875 39.5 0
2025-07-10T19:13:25.012000 55.694988 39.5 0
2025-07-10T19:13:26.010000 55.70309999999999 39.5 0
2025-07-10T19:13:27.010000 55.696548 39.5 0
2025-07-10T19:13:28.010000 55.694052 39.5 0
2025-07-10T19:13:29.010000 55.709694 39.5 0
2025-07-10T19:13:30.010000 55.718799999999995 39.5 0
2025-07-10T19:13:31.010000 55.725352 39.5 0
2025-07-10T19:13:32.010000 55.721254 39.5 0
2025-07-10T19:13:33.010000 55.70309999999999 39.5 0
2025-07-10T19:13:34.010000 55.710007999999995 39.5 0
2025-07-10T19:13:35.010000 55.718799999999995 39.5 0
2025-07-10T19:13:36.010000 55.711892000000006 39.5 0
2025-07-10T19:13:37.011000 55.716872 39.5 0
2025-07-10T19:13:38.010000 55.727536 39.5 0
2025-07-10T19:13:39.010000 55.711892000000006 39.5 0
2025-07-10T19:13:40.010000 55.70309999999999 39.5 0
2025-07-10T19:13:41.011000 55.710007999999995 39.5 0
2025-07-10T19:13:42.010000 55.718799999999995 39.5 0
2025-07-10T19:13:43.010000 55.718799999999995 39.5 0
2025-07-10T19:13:44.010000 55.71157800000001 39.5 16384
2025-07-10T19:13:45.010000 55.710322 39.5 16384
2025-07-10T19:13:46.011000 55.718799999999995 39.5 16384
2025-07-10T19:13:47.010000 55.725976 39.5 0
2025-07-10T19:13:48.010000 55.727224 39.5125 0
2025-07-10T19:13:49.010000 55.725976 39.5625 0
2025-07-10T19:13:50.010000 55.73440000000001 39.5625 0
2025-07-10T19:13:51.010000 55.73440000000001 39.5225 0
2025-07-10T19:13:52.011000 55.720002 39.5 0
2025-07-10T19:13:53.010000 55.710322 39.5 0
2025-07-10T19:13:54.011000 55.718799999999995 39.5 0
2025-07-10T19:13:55.010000 55.726288000000004 39.5 0
2025-07-10T19:13:56.010000 55.73440000000001 39.5 0
2025-07-10T19:13:57.010000 55.73440000000001 39.5 0
2025-07-10T19:13:58.010000 55.73440000000001 39.5 0
2025-07-10T19:13:59.010000 55.726912 39.5 0
2025-07-10T19:14:00.010000 55.72627500000001 39.5 0
2025-07-10T19:14:01.011000 55.742040816326536 39.5 0
2025-07-10T19:14:02.010000 55.742512 39.5 0
2025-07-10T19:14:03.010000 55.73440000000001 39.5 0
2025-07-10T19:14:04.010000 55.73440000000001 39.5 0
2025-07-10T19:14:05.010000 55.73440000000001 39.5 0
2025-07-10T19:14:06.010000 55.73440000000001 39.5 16384
2025-07-10T19:14:07.010000 55.73440000000001 39.5 16384
2025-07-10T19:14:08.015000 55.747504 39.5 16384
2025-07-10T19:14:09.010000 55.759048 39.5 0
2025-07-10T19:14:10.010000 55.75 39.5 0
2025-07-10T19:14:11.010000 55.75 39.52125 0
2025-07-10T19:14:12.010000 55.743175 39.5625 0
2025-07-10T19:14:13.011000 55.74140408163266 39.5625 0
2025-07-10T19:14:14.010000 55.75 39.5125 0
2025-07-10T19:14:15.010000 55.75 39.5 0
2025-07-10T19:14:16.010000 55.74313599999999 39.5 0
2025-07-10T19:14:17.010000 55.741264 39.5 0
2025-07-10T19:14:18.010000 55.75 39.5 0
2025-07-10T19:14:19.010000 55.75 39.5 0
2025-07-10T19:14:20.010000 55.75686400000001 39.5 0
2025-07-10T19:14:21.010000 55.745008 39.5 0
2025-07-10T19:14:22.010000 55.725663999999995 39.5 0
2025-07-10T19:14:23.010000 55.73440000000001 39.5 0
2025-07-10T19:14:24.010000 55.741576 39.5 0
2025-07-10T19:14:25.010000 55.73564799999999 39.5 0
2025-07-10T19:14:26.010000 55.718799999999995 39.5 0
2025-07-10T19:14:27.010000 55.73315200000001 39.5 16384
2025-07-10T19:14:28.010000 55.75 39.5 16384
2025-07-10T19:14:29.010000 55.742824 39.5 16384
2025-07-10T19:14:30.012000 55.73440000000001 39.5 0
2025-07-10T19:14:31.010000 55.727224 39.50375 0
2025-07-10T19:14:32.010000 55.73315200000001 39.5625 16384
2025-07-10T19:14:33.011000 55.742512 39.5625 16384
2025-07-10T19:14:34.010000 55.73440000000001 39.53125 16384
2025-07-10T19:14:35.010000 55.749376000000005 39.5 0
2025-07-10T19:14:36.010000 55.758112000000004 39.5 0
2025-07-10T19:14:37.010000 55.75 39.559895833333336 0
2025-07-10T19:14:38.010000 55.75 39.5625 0
2025-07-10T19:14:39.010000 55.742512 39.5375 16384
2025-07-10T19:14:40.010000 55.741887999999996 39.5 16384
2025-07-10T19:14:41.010000 55.757488 39.5 16384
2025-07-10T19:14:42.010000 55.750623999999995 39.55375 0
2025-07-10T19:14:43.010000 55.741887999999996 39.5625 0
2025-07-10T19:14:44.011000 55.75 39.5625 0
2025-07-10T19:14:45.010000 55.75 39.5625 0
2025-07-10T19:14:46.010000 55.75 39.5625 0
2025-07-10T19:14:47.010000 55.756552 39.5625 0
2025-07-10T19:14:48.010000 55.76559999999999 39.5625 0
2025-07-10T19:14:49.010000 55.772152000000006 39.54625 0
2025-07-10T19:14:50.010000 55.774336000000005 39.5 0
2025-07-10T19:14:51.010000 55.76559999999999 39.5 0
2025-07-10T19:14:52.010000 55.76559999999999 39.54625 0
2025-07-10T19:14:53.010000 55.76559999999999 39.5625 0
2025-07-10T19:14:54.010000 55.772464 39.55 0
2025-07-10T19:14:55.011000 55.781200000000005 39.5 0
2025-07-10T19:14:56.010000 55.774336000000005 39.5 0
2025-07-10T19:14:57.011000 55.76559999999999 39.5 0
2025-07-10T19:14:58.010000 55.772464 39.5 0
2025-07-10T19:14:59.010000 55.774336000000005 39.5 0
2025-07-10T19:15:00.011000 55.772464 39.5 16384
2025-07-10T19:15:01.011000 55.76684799999999 39.5 16384
2025-07-10T19:15:02.010000 55.757176 39.5 16384
2025-07-10T19:15:03.010000 55.76559999999999 39.5 0
2025-07-10T19:15:04.010000 55.77275 39.501302083333336 0
2025-07-10T19:15:05.010000 55.77387755102041 39.5625 16384
2025-07-10T19:15:06.010000 55.77260408163266 39.5625 16384
2025-07-10T19:15:07.001000 55.77416470588235 39.53431372549019 16384
2025-07-10T19:15:08.010000 55.772776 39.5 16384
2025-07-10T19:15:09.010000 55.774336000000005 39.5 16384
2025-07-10T19:15:10.029000 55.772776 39.56 0
2025-07-10T19:15:11.010000 55.781200000000005 39.5625 0
2025-07-10T19:15:12.011000 55.773711999999996 39.5625 16384
2025-07-10T19:15:13.010000 55.773088 39.5625 16384
2025-07-10T19:15:14.010000 55.781200000000005 39.5625 16384
2025-07-10T19:15:15.010000 55.773711999999996 39.5625 0
2025-07-10T19:15:16.011000 55.780623999999996 39.5625 0
2025-07-10T19:15:17.010000 55.789364000000006 39.5625 0
2025-07-10T19:15:18.010000 55.781200000000005 39.5625 0
2025-07-10T19:15:19.011000 55.78873599999999 39.5625 0
2025-07-10T19:15:20.010000 55.802516000000004 39.5625 0
2025-07-10T19:15:21.011000 55.802749999999996 39.5625 0
2025-07-10T19:15:22.010000 55.80181400000001 39.5625 0
2025-07-10T19:15:23.010000 55.797092 39.5625 0
2025-07-10T19:15:24.010000 55.78779399999999 39.5625 0
2025-07-10T19:15:25.010000 55.79690000000001 39.5625 0
2025-07-10T19:15:26.010000 55.808912 39.5625 0
2025-07-10T19:15:27.010000 55.817336000000005 39.5625 0
2025-07-10T19:15:28.010000 55.808600000000006 39.5625 0
2025-07-10T19:15:29.010000 55.815464 39.5625 0
2025-07-10T19:15:30.010000 55.817336000000005 39.5625 0
2025-07-10T19:15:31.010000 55.808600000000006 39.5625 0
2025-07-10T19:15:32.010000 55.808600000000006 39.5625 0
2025-07-10T19:15:33.010000 55.808600000000006 39.5625 0
2025-07-10T19:15:34.010000 55.822328 39.5625 0
2025-07-10T19:15:35.010000 55.846708 39.5625 0
2025-07-10T19:15:36.010000 55.834863999999996 39.5625 0
2025-07-10T19:15:37.010000 55.822328 39.5625 0
2025-07-10T19:15:38.010000 55.83979999999999 39.5625 0
2025-07-10T19:15:39.010000 55.832624 39.5625 0
2025-07-10T19:15:40.011000 55.8382530612245 39.5625 0
2025-07-10T19:15:41.010000 55.84813061224489 39.5625 0
2025-07-10T19:15:42.010000 55.825447999999994 39.5625 0
2025-07-10T19:15:43.010000 55.81577600000001 39.5625 0
2025-07-10T19:15:44.010000 55.8242 39.5625 0
2025-07-10T19:15:45.010000 55.831376 39.5625 0
2025-07-10T19:15:46.010000 55.83979999999999 39.5625 0
2025-07-10T19:15:47.011000 55.83979999999999 39.5625 0
2025-07-10T19:15:48.010000 55.83979999999999 39.5625 0
2025-07-10T19:15:49.010000 55.83979999999999 39.5625 0
2025-07-10T19:15:50.010000 55.83979999999999 39.5625 0
2025-07-10T19:15:51.010000 55.83979999999999 39.5625 0
2025-07-10T19:15:52.010000 55.83979999999999 39.5625 0
2025-07-10T19:15:53.010000 55.83979999999999 39.5625 0
2025-07-10T19:15:54.011000 55.83979999999999 39.5625 0
2025-07-10T19:15:55.010000 55.847336 39.5625 0
2025-07-10T19:15:56.010000 55.862988 39.5625 0
2025-07-10T19:15:57.010000 55.863612 39.5625 0
2025-07-10T19:15:58.010000 55.862988 39.5625 0
2025-07-10T19:15:59.010000 55.85545 39.5625 0
2025-07-10T19:16:00.010000 55.846394000000004 39.5625 0
2025-07-10T19:16:01.010000 55.85549999999999 39.5625 0
2025-07-10T19:16:02.011000 55.85549999999999 39.5625 0
2025-07-10T19:16:03.010000 55.84859199999999 39.5625 0
2025-07-10T19:16:04.010000 55.83979999999999 39.5625 0
2025-07-10T19:16:05.011000 55.846708 39.5625 0
2025-07-10T19:16:06.011000 55.85549999999999 39.5625 0
2025-07-10T19:16:07.010000 55.85549999999999 39.5625 0
2025-07-10T19:16:08.010000 55.85549999999999 39.5625 0
2025-07-10T19:16:09.010000 55.85549999999999 39.5625 0
2025-07-10T19:16:10.010000 55.85549999999999 39.5625 0
2025-07-10T19:16:11.011000 55.85549999999999 39.5625 0
2025-07-10T19:16:12.010000 55.84859199999999 39.5625 0
2025-07-10T19:16:13.010000 55.847021999999996 39.5625 0
2025-07-10T19:16:14.010000 55.869228 39.5625 0
2025-07-10T19:16:15.010000 55.872348 39.5625 0
2025-07-10T19:16:16.010000 55.86985200000001 39.5625 0
2025-07-10T19:16:17.010000 55.879524 39.5625 0
2025-07-10T19:16:18.010000 55.87827600000001 39.5625 0
2025-07-10T19:16:19.010000 55.879524 39.5625 0
2025-07-10T19:16:20.010000 55.871100000000006 39.5625 0
2025-07-10T19:16:21.010000 55.87827600000001 39.5625 0
2025-07-10T19:16:22.010000 55.893876 39.5625 0
2025-07-10T19:16:23.010000 55.895124 39.5625 0
2025-07-10T19:16:24.010000 55.8867 39.5625 0
2025-07-10T19:16:25.010000 55.879524 39.5625 0
2025-07-10T19:16:26.010000 55.878588 39.5625 0
2025-07-10T19:16:27.010000 55.8867 39.5625 0
2025-07-10T19:16:28.010000 55.87921200000001 39.5625 0
2025-07-10T19:16:29.011000 55.878588 39.5625 0
2025-07-10T19:16:30.010000 55.8867 39.5625 0
2025-07-10T19:16:31.010000 55.899852 39.5625 0
2025-07-10T19:16:32.010000 55.9085612244898 39.5625 0
2025-07-10T19:16:33.010000 55.894825000000004 39.5625 0
2025-07-10T19:16:34.010000 55.89418799999999 39.5625 0
2025-07-10T19:16:35.010000 55.90229999999999 39.5625 0
2025-07-10T19:16:36.010000 55.89450000000001 39.5625 0
2025-07-10T19:16:37.010000 55.8867 39.5625 0
2025-07-10T19:16:38.010000 55.89325199999999 39.5625 0
2025-07-10T19:16:39.010000 55.89543600000001 39.5625 0
2025-07-10T19:16:40.010000 55.89875599999999 39.5625 0
2025-07-10T19:16:41.011000 55.908908000000004 39.5625 0
2025-07-10T19:16:42.010000 55.907492000000005 39.5625 0
2025-07-10T19:16:43.010000 55.9141 39.5625 0
2025-07-10T19:16:44.011000 55.908908000000004 39.5625 0
2025-07-10T19:16:45.010000 55.90229999999998 39.5625 0
2025-07-10T19:16:46.010000 55.90746250000001 39.5625 0
2025-07-10T19:16:47.010000 55.920964000000005 39.5625 0
2025-07-10T19:16:48.010000 55.922836000000004 39.5625 0
2025-07-10T19:16:49.010000 55.9141 39.5625 0
2025-07-10T19:16:50.010000 55.920964000000005 39.5625 0
2025-07-10T19:16:51.010000 55.92252400000001 39.5625 0
2025-07-10T19:16:52.010000 55.9141 39.5625 0
2025-07-10T19:16:53.010000 55.9141 39.5625 0
2025-07-10T19:16:54.010000 55.9141 39.5625 0
2025-07-10T19:16:55.010000 55.908672 39.5625 0
2025-07-10T19:16:56.010000 55.91490400000001 39.5625 0
2025-07-10T19:16:57.010000 55.92970000000001 39.5625 0
2025-07-10T19:16:58.010000 55.92252400000001 39.5625 0
2025-07-10T19:16:59.010000 55.92845200000001 39.5625 0
2025-07-10T19:17:00.010000 55.93032400000001 39.5625 0
2025-07-10T19:17:01.010000 55.92158799999999 39.5625 0
2025-07-10T19:17:02.010000 55.937188 39.5625 0
2025-07-10T19:17:03.010000 55.937812 39.5625 0
2025-07-10T19:17:04.010000 55.937188 39.5625 0
2025-07-10T19:17:05.010000 55.937812 39.5625 0
2025-07-10T19:17:06.010000 55.937188 39.5625 0
2025-07-10T19:17:07.010000 55.94529999999999 39.5625 0
2025-07-10T19:17:08.010000 55.94529999999999 39.5625 0
2025-07-10T19:17:09.010000 55.94529999999999 39.5625 0
2025-07-10T19:17:10.010000 55.94529999999999 39.5625 0
2025-07-10T19:17:11.017000 55.937659183673475 39.5625 0
2025-07-10T19:17:12.010000 55.92970000000001 39.5625 0
2025-07-10T19:17:13.011000 55.92190000000001 39.5625 0
2025-07-10T19:17:14.010000 55.929700000000004 39.5625 0
2025-07-10T19:17:15.010000 55.94529999999999 39.5625 0
2025-07-10T19:17:16.006000 55.945299999999996 39.5625 0
2025-07-10T19:17:17.010000 55.93815000000001 39.5625 0
2025-07-10T19:17:18.032000 55.93670408163265 39.5625 0
2025-07-10T19:17:19.010000 55.94529999999999 39.5625 16384
2025-07-10T19:17:20.010000 55.951852 39.5625 16384
2025-07-10T19:17:21.010000 55.9609 39.5625 16384
2025-07-10T19:17:22.012000 55.954035999999995 39.5625 0
2025-07-10T19:17:23.010000 55.952163999999996 39.5625 0
2025-07-10T19:17:24.010000 55.9609 39.58875 0
2025-07-10T19:17:25.010000 55.954035999999995 39.625 0
2025-07-10T19:17:26.011000 55.95247599999999 39.625 0
2025-07-10T19:17:27.010000 55.954035999999995 39.57 16384
2025-07-10T19:17:28.010000 55.95247599999999 39.5625 16384
2025-07-10T19:17:29.010000 55.9609 39.5625 16384
2025-07-10T19:17:30.010000 55.9609 39.5625 0
2025-07-10T19:17:31.010000 55.9609 39.5625 0
2025-07-10T19:17:32.010000 55.9609 39.61375 16384
2025-07-10T19:17:33.010000 55.9609 39.625 16384
2025-07-10T19:17:34.010000 55.9609 39.60875 16384
2025-07-10T19:17:35.010000 55.968122 39.5625 16384
2025-07-10T19:17:36.010000 55.969063999999996 39.5625 16384
2025-07-10T19:17:37.010000 55.968436000000004 39.60875 0
2025-07-10T19:17:38.010000 55.96157600000001 39.625 0
2025-07-10T19:17:39.010000 55.94529999999999 39.625 0
2025-07-10T19:17:40.010000 55.952788 39.625 16384
2025-07-10T19:17:41.010000 55.9609 39.625 16384
2025-07-10T19:17:42.010000 55.9609 39.5825 0
2025-07-10T19:17:43.010000 55.968436000000004 39.5625 0
2025-07-10T19:17:44.010000 55.9766 39.5725 0
2025-07-10T19:17:45.010000 55.96157600000001 39.625 0
2025-07-10T19:17:46.010000 55.96032400000001 39.625 0
2025-07-10T19:17:47.010000 55.96875 39.5875 0
2025-07-10T19:17:48.010000 55.96875 39.5625 16384
2025-07-10T19:17:49.010000 55.9766 39.5625 16384
2025-07-10T19:17:50.010000 55.96875 39.5625 0
2025-07-10T19:17:51.010000 55.953100000000006 39.5625 0
2025-07-10T19:17:52.010000 55.94529999999999 39.59375 16384
2025-07-10T19:17:53.010000 55.94529999999999 39.625 16384
2025-07-10T19:17:54.012000 55.9375 39.625 16384
2025-07-10T19:17:55.010000 55.92970000000001 39.625 16384
2025-07-10T19:17:56.010000 55.936564 39.625 16384
2025-07-10T19:17:57.010000 55.94529999999999 39.625 16384
2025-07-10T19:17:58.010000 55.952163999999996 39.625 0
2025-07-10T19:17:59.010000 55.947171999999995 39.625 0
2025-07-10T19:18:00.010000 55.92970000000001 39.625 0
2025-07-10T19:18:01.010000 55.936564 39.625 0
2025-07-10T19:18:02.010000 55.938436 39.625 0
2025-07-10T19:18:03.011000 55.93684999999999 39.625 0
2025-07-10T19:18:04.010000 55.93797755102041 39.625 0
2025-07-10T19:18:05.010000 55.93687599999999 39.625 0
2025-07-10T19:18:06.011000 55.95247599999999 39.625 0
2025-07-10T19:18:07.010000 55.94654799999999 39.625 0
2025-07-10T19:18:08.010000 55.93687599999999 39.625 0
2025-07-10T19:18:09.010000 55.94529999999999 39.625 0
2025-07-10T19:18:10.010000 55.94529999999999 39.625 0
2025-07-10T19:18:11.010000 55.94529999999999 39.625 0
2025-07-10T19:18:12.010000 55.95247599999999 39.625 0
2025-07-10T19:18:13.010000 55.9609 39.625 0
2025-07-10T19:18:14.010000 55.95341200000001 39.625 0
2025-07-10T19:18:15.010000 55.952774999999995 39.625 0
2025-07-10T19:18:16.010000 55.953259183673474 39.625 0
2025-07-10T19:18:17.010000 55.952788 39.625 0
2025-07-10T19:18:18.010000 55.9609 39.625 0
2025-07-10T19:18:19.010000 55.95341200000001 39.625 0
2025-07-10T19:18:20.010000 55.952788 39.625 0
2025-07-10T19:18:21.010000 55.9609 39.625 0
2025-07-10T19:18:22.010000 55.96875 39.625 0
2025-07-10T19:18:23.010000 55.969063999999996 39.625 0
2025-07-10T19:18:24.010000 55.953100000000006 39.625 0
2025-07-10T19:18:25.010000 55.96095000000001 39.625 0
2025-07-10T19:18:26.010000 55.960950000000004 39.625 0
2025-07-10T19:18:27.010000 55.94529999999999 39.625 0
2025-07-10T19:18:28.010000 55.94529999999999 39.625 0
2025-07-10T19:18:29.011000 55.95309999999999 39.625 0
2025-07-10T19:18:30.010000 55.953100000000006 39.625 0
2025-07-10T19:18:31.010000 55.95309999999999 39.625 0
2025-07-10T19:18:32.010000 55.9609 39.625 0
2025-07-10T19:18:33.010000 55.9609 39.625 0
2025-07-10T19:18:34.010000 55.9609 39.625 0
2025-07-10T19:18:35.010000 55.9609 39.625 0
2025-07-10T19:18:36.010000 55.9609 39.625 0
2025-07-10T19:18:37.010000 55.954035999999995 39.625 0
2025-07-10T19:18:38.011000 55.959072000000006 39.625 0
2025-07-10T19:18:39.010000 55.96282800000001 39.625 0
2025-07-10T19:18:40.011000 55.94529999999999 39.625 0
2025-07-10T19:18:41.010000 55.93812400000001 39.625 0
2025-07-10T19:18:42.010000 55.93687599999999 39.625 0
2025-07-10T19:18:43.010000 55.93812400000001 39.625 0
2025-07-10T19:18:44.010000 55.93687599999999 39.625 0
2025-07-10T19:18:45.010000 55.93812400000001 39.625 0
2025-07-10T19:18:46.010000 55.93687599999999 39.625 0
2025-07-10T19:18:47.010000 55.94529999999999 39.625 0
2025-07-10T19:18:48.010000 55.94529999999999 39.625 0
2025-07-10T19:18:49.010000 55.93812400000001 39.625 0
2025-07-10T19:18:50.010000 55.937188 39.625 0
2025-07-10T19:18:51.011000 55.937812 39.625 0
2025-07-10T19:18:52.010000 55.94467599999999 39.625 0
2025-07-10T19:18:53.010000 55.968436000000004 39.625 0
2025-07-10T19:18:54.010000 55.969063999999996 39.625 0
2025-07-10T19:18:55.010000 55.9609 39.625 0
2025-07-10T19:18:56.010000 55.9609 39.625 0
2025-07-10T19:18:57.010000 55.95341200000001 39.625 0
2025-07-10T19:18:58.010000 55.952788 39.625 0
2025-07-10T19:18:59.010000 55.9609 39.625 0
2025-07-10T19:19:00.010000 55.9609 39.625 0
2025-07-10T19:19:01.025000 55.96875 39.625 0
2025-07-10T19:19:02.010000 55.960950000000004 39.625 0
2025-07-10T19:19:03.010000 55.94529999999999 39.625 0
2025-07-10T19:19:04.010000 55.95309999999999 39.625 0
2025-07-10T19:19:05.010000 55.953100000000006 39.625 0
2025-07-10T19:19:06.010000 55.9375 39.625 0
2025-07-10T19:19:07.010000 55.92970000000001 39.625 0
2025-07-10T19:19:08.010000 55.92970000000001 39.625 0
2025-07-10T19:19:09.010000 55.9375 39.625 0
2025-07-10T19:19:10.010000 55.9375 39.625 0
2025-07-10T19:19:11.010000 55.922836000000004 39.625 0
2025-07-10T19:19:12.010000 55.920964000000005 39.625 0
2025-07-10T19:19:13.010000 55.936564 39.625 0
2025-07-10T19:19:14.010000 55.938436 39.625 0
2025-07-10T19:19:15.010000 55.922836000000004 39.625 0
2025-07-10T19:19:16.010000 55.9141 39.625 0
2025-07-10T19:19:17.010000 55.9141 39.625 0
2025-07-10T19:19:18.010000 55.921276 39.625 0
2025-07-10T19:19:19.010000 55.92252400000001 39.625 0
2025-07-10T19:19:20.010000 55.921276 39.625 0
2025-07-10T19:19:21.010000 55.92970000000001 39.625 0
2025-07-10T19:19:22.010000 55.92970000000001 39.625 0
2025-07-10T19:19:23.010000 55.92252400000001 39.625 0
2025-07-10T19:19:24.010000 55.92845200000001 39.625 0
2025-07-10T19:19:25.010000 55.93094800000001 39.625 0
2025-07-10T19:19:26.010000 55.921276 39.625 0
2025-07-10T19:19:27.010000 55.92970000000001 39.625 0
2025-07-10T19:19:28.010000 55.94467599999999 39.625 0
2025-07-10T19:19:29.010000 55.9609 39.625 0
2025-07-10T19:19:30.010000 55.95341200000001 39.625 0
2025-07-10T19:19:31.010000 55.94529999999999 39.625 0
2025-07-10T19:19:32.010000 55.94529999999999 39.625 0
2025-07-10T19:19:33.011000 55.952788 39.625 0
2025-07-10T19:19:34.010000 55.95341200000001 39.625 0
2025-07-10T19:19:35.010000 55.952788 39.625 0
2025-07-10T19:19:36.010000 55.95341200000001 39.625 0
2025-07-10T19:19:37.010000 55.952788 39.625 0
2025-07-10T19:19:38.010000 55.96875 39.625 0
2025-07-10T19:19:39.010000 55.96875 39.625 0
2025-07-10T19:19:40.010000 55.9609 39.625 0
2025-07-10T19:19:41.010000 55.9609 39.625 0
2025-07-10T19:19:42.010000 55.96875 39.625 0
2025-07-10T19:19:43.010000 55.984399999999994 39.625 0
2025-07-10T19:19:44.011000 55.97654999999999 39.625 0
2025-07-10T19:19:45.010000 55.9609 39.625 0
2025-07-10T19:19:46.010000 55.9609 39.625 0
2025-07-10T19:19:47.010000 55.96875 39.625 0
2025-07-10T19:19:48.010000 55.984399999999994 39.625 0
2025-07-10T19:19:49.010000 55.985336000000004 39.625 0
2025-07-10T19:19:50.010000 55.983464000000005 39.625 0
2025-07-10T19:19:51.010000 55.99220000000001 39.625 0
2025-07-10T19:19:52.010000 55.99220000000001 39.625 0
2025-07-10T19:19:53.010000 55.985336000000004 39.625 0
2025-07-10T19:19:54.010000 55.9766 39.625 0
2025-07-10T19:19:55.010000 55.969378 39.625 0
2025-07-10T19:19:56.010000 55.9609 39.625 0
2025-07-10T19:19:57.010000 55.9609 39.625 0
2025-07-10T19:19:58.010000 55.953724 39.625 0
2025-07-10T19:19:59.010000 55.95247599999999 39.625 0
2025-07-10T19:20:00.010000 55.96826938775511 39.625 0
2025-07-10T19:20:01.010000 55.9766 39.625 0
2025-07-10T19:20:02.010000 55.962202000000005 39.625 0
2025-07-10T19:20:03.010000 55.95969800000001 39.625 0
2025-07-10T19:20:04.010000 55.9766 39.625 0
2025-07-10T19:20:05.010000 55.969378 39.625 0
2025-07-10T19:20:06.010000 55.968436000000004 39.625 0
2025-07-10T19:20:07.010000 55.969063999999996 39.625 0
2025-07-10T19:20:08.010000 55.968436000000004 39.625 0
2025-07-10T19:20:09.010000 55.9766 39.625 0
2025-07-10T19:20:10.010000 55.9766 39.625 0
2025-07-10T19:20:11.010000 55.9766 39.625 0
2025-07-10T19:20:12.010000 55.9766 39.625 0
2025-07-10T19:20:13.010000 55.9766 39.625 0
2025-07-10T19:20:14.011000 55.98408799999999 39.625 0
2025-07-10T19:20:15.010000 55.99220000000001 39.625 0
2025-07-10T19:20:16.010000 55.984712 39.625 0
2025-07-10T19:20:17.010000 55.9766 39.625 0
2025-07-10T19:20:18.010000 55.984399999999994 39.625 0
2025-07-10T19:20:19.010000 55.99220000000001 39.625 0
2025-07-10T19:20:20.010000 55.99220000000001 39.625 0
2025-07-10T19:20:21.010000 56.0 39.625 0
2025-07-10T19:20:22.010000 56.0 39.625 0
2025-07-10T19:20:23.010000 56.0 39.625 0
2025-07-10T19:20:24.011000 56.00779999999999 39.625 0
2025-07-10T19:20:25.011000 56.0 39.625 0
2025-07-10T19:20:26.010000 56.0 39.625 0
2025-07-10T19:20:27.010000 56.000936 39.625 0
2025-07-10T19:20:28.010000 55.999064 39.625 0
2025-07-10T19:20:29.010000 56.000936 39.625 0
2025-07-10T19:20:30.010000 55.999064 39.625 0
2025-07-10T19:20:31.010000 56.00779999999999 39.625 0
2025-07-10T19:20:32.010000 56.00779999999999 39.625 0
2025-07-10T19:20:33.010000 56.00779999999999 39.625 0
2025-07-10T19:20:34.011000 56.01497599999999 39.625 0
2025-07-10T19:20:35.010000 56.016224 39.625 0
2025-07-10T19:20:36.010000 56.00779999999999 39.625 0
2025-07-10T19:20:37.010000 56.00779999999999 39.625 0
2025-07-10T19:20:38.010000 56.020404000000006 39.625 0
2025-07-10T19:20:39.010000 56.029771999999994 39.625 0
2025-07-10T19:20:40.010000 56.016224 39.625 0
2025-07-10T19:20:41.011000 56.01497599999999 39.625 0
2025-07-10T19:20:42.010000 56.016224 39.625 0
2025-07-10T19:20:43.010000 56.00779999999999 39.625 0
2025-07-10T19:20:44.010000 56.00779999999999 39.625 0
2025-07-10T19:20:45.010000 56.000312 39.625 0
2025-07-10T19:20:46.010000 55.999688 39.625 0
2025-07-10T19:20:47.010000 56.000312 39.625 0
2025-07-10T19:20:48.011000 55.999688 39.625 0
2025-07-10T19:20:49.010000 56.00779999999999 39.625 0
2025-07-10T19:20:50.010000 56.015288 39.625 0
2025-07-10T19:20:51.010000 56.0234 39.625 0
2025-07-10T19:20:52.011000 56.01591200000001 39.625 0
2025-07-10T19:20:53.010000 56.00779999999999 39.625 0
2025-07-10T19:20:54.010000 56.015288 39.625 0
2025-07-10T19:20:55.010000 56.0234 39.625 0
2025-07-10T19:20:56.010000 56.015600000000006 39.625 0
2025-07-10T19:20:57.010000 56.00779999999999 39.625 0
2025-07-10T19:20:58.010000 56.00779999999999 39.625 0
2025-07-10T19:20:59.010000 56.01559999999999 39.625 0
2025-07-10T19:21:00.010000 56.0234 39.625 0
2025-07-10T19:21:01.010000 56.0234 39.625 0
2025-07-10T19:21:02.010000 56.029300000000006 39.625 0
2025-07-10T19:21:03.010000 56.02929999999999 39.625 0
2025-07-10T19:21:04.010000 56.0234 39.625 0
2025-07-10T19:21:05.010000 56.028591999999996 39.625 0
2025-07-10T19:21:06.010000 56.03520000000001 39.625 0
2025-07-10T19:21:07.010000 56.030007999999995 39.625 0
2025-07-10T19:21:08.010000 56.0234 39.625 0
2025-07-10T19:21:09.010000 56.028591999999996 39.625 0
2025-07-10T19:21:10.010000 56.03520000000001 39.625 0
2025-07-10T19:21:11.010000 56.04206399999999 39.625 0
2025-07-10T19:21:12.010000 56.038196000000006 39.625 0
2025-07-10T19:21:13.010000 56.03600399999999 39.625 0
2025-07-10T19:21:14.010000 56.043624 39.625 0
2025-07-10T19:21:15.010000 56.029771999999994 39.625 0
2025-07-10T19:21:16.010000 56.028828 39.625 0
2025-07-10T19:21:17.010000 56.03520000000001 39.625 0
2025-07-10T19:21:18.010000 56.042376 39.625 0
2025-07-10T19:21:19.010000 56.0508 39.625 0
2025-07-10T19:21:20.010000 56.0508 39.625 0
2025-07-10T19:21:21.010000 56.0508 39.625 0
2025-07-10T19:21:22.010000 56.0508 39.625 0
2025-07-10T19:21:23.010000 56.0508 39.625 0
2025-07-10T19:21:24.010000 56.05828799999999 39.625 0
2025-07-10T19:21:25.010000 56.058912 39.625 16384
2025-07-10T19:21:26.010000 56.0508 39.625 16384
2025-07-10T19:21:27.010000 56.0508 39.625 16384
2025-07-10T19:21:28.010000 56.05828799999999 39.625 0
2025-07-10T19:21:29.010000 56.058912 39.625 0
2025-07-10T19:21:30.010000 56.0508 39.6525 0
2025-07-10T19:21:31.010000 56.0508 39.6875 0
2025-07-10T19:21:32.010000 56.0508 39.6875 0
2025-07-10T19:21:33.010000 56.0586 39.63 0
2025-07-10T19:21:34.010000 56.058600000000006 39.625 0
2025-07-10T19:21:35.010000 56.0508 39.625 0
2025-07-10T19:21:36.010000 56.0586 39.625 0
2025-07-10T19:21:37.010000 56.0742 39.625 0
2025-07-10T19:21:38.010000 56.0742 39.625 0
2025-07-10T19:21:39.010000 56.058600000000006 39.625 0
2025-07-10T19:21:40.010000 56.0586 39.625 0
2025-07-10T19:21:41.010000 56.066399999999994 39.625 0
2025-07-10T19:21:42.010000 56.058600000000006 39.625 0
2025-07-10T19:21:43.010000 56.064528 39.625 0
2025-07-10T19:21:44.010000 56.08200000000001 39.625 0
2025-07-10T19:21:45.010000 56.075136 39.625 0
2025-07-10T19:21:46.010000 56.066399999999994 39.625 16384
2025-07-10T19:21:47.010000 56.073264 39.625 16384
2025-07-10T19:21:48.010000 56.08200000000001 39.625 16384
2025-07-10T19:21:49.010000 56.08200000000001 39.625 0
2025-07-10T19:21:50.010000 56.06764799999999 39.635 0
2025-07-10T19:21:51.012000 56.057976 39.6875 0
2025-07-10T19:21:52.010000 56.05922399999999 39.6875 0
2025-07-10T19:21:53.010000 56.057976 39.64875 0
2025-07-10T19:21:54.010000 56.066399999999994 39.625 0
2025-07-10T19:21:55.010000 56.066399999999994 39.625 0
2025-07-10T19:21:56.013000 56.066399999999994 39.625 0
2025-07-10T19:21:57.010000 56.066399999999994 39.625 0
2025-07-10T19:21:58.010000 56.058912 39.625 0
2025-07-10T19:21:59.010000 56.0508 39.625 0
2025-07-10T19:22:00.010000 56.04331200000001 39.625 0
2025-07-10T19:22:01.011000 56.03520000000001 39.625 0
2025-07-10T19:22:02.010000 56.03520000000001 39.625 0
2025-07-10T19:22:03.011000 56.03520000000001 39.625 16384
2025-07-10T19:22:04.010000 56.03520000000001 39.625 16384
2025-07-10T19:22:05.010000 56.03520000000001 39.625 16384
2025-07-10T19:22:06.010000 56.03520000000001 39.625 0
2025-07-10T19:22:07.011000 56.03520000000001 39.625 0
2025-07-10T19:22:08.010000 56.029536 39.65125 0
2025-07-10T19:22:09.010000 56.029064 39.6875 0
2025-07-10T19:22:10.010000 56.03520000000001 39.6875 0
2025-07-10T19:22:11.010000 56.03520000000001 39.63125 0
2025-07-10T19:22:12.010000 56.03520000000002 39.625 0
2025-07-10T19:22:13.015000 56.0293 39.625 0
2025-07-10T19:22:14.010000 56.0234 39.625 0
2025-07-10T19:22:15.010000 56.03709999999999 39.625 0
2025-07-10T19:22:16.010000 56.04300000000001 39.625 0
2025-07-10T19:22:17.010000 56.021499999999996 39.625 0
2025-07-10T19:22:18.010000 56.01559999999999 39.625 0
2025-07-10T19:22:19.010000 56.0234 39.625 0
2025-07-10T19:22:20.010000 56.0234 39.625 0
2025-07-10T19:22:21.011000 56.0234 39.625 16384
2025-07-10T19:22:22.010000 56.028591999999996 39.625 16384
2025-07-10T19:22:23.010000 56.030007999999995 39.625 16384
2025-07-10T19:22:24.011000 56.0234 39.625 0
2025-07-10T19:22:25.010000 56.016224 39.625 0
2025-07-10T19:22:26.010000 56.00779999999999 39.66875 16384
2025-07-10T19:22:27.010000 56.007799999999996 39.6875 16384
2025-07-10T19:22:28.014000 56.00779999999999 39.67875 16384
2025-07-10T19:22:29.010000 56.00062400000001 39.625 0
2025-07-10T19:22:30.012000 55.99937599999999 39.625 0
2025-07-10T19:22:31.010000 56.00062400000001 39.6625 0
2025-07-10T19:22:32.010000 55.99220000000001 39.6875 0
2025-07-10T19:22:33.010000 55.99220000000001 39.68375 0
2025-07-10T19:22:34.010000 55.98502400000001 39.625 0
2025-07-10T19:22:35.010000 55.991576 39.625 0
2025-07-10T19:22:36.010000 56.00779999999999 39.625 0
2025-07-10T19:22:37.010000 56.00779999999999 39.625 0
2025-07-10T19:22:38.010000 56.000312 39.625 0
2025-07-10T19:22:39.011000 55.99220000000001 39.625 0
2025-07-10T19:22:40.010000 55.99220000000001 39.625 0
2025-07-10T19:22:41.010000 55.984725000000005 39.625 0
2025-07-10T19:22:42.010000 55.99188163265307 39.625 0
2025-07-10T19:22:43.010000 56.00779999999999 39.625 0
2025-07-10T19:22:44.010000 56.00779999999999 39.625 0
2025-07-10T19:22:45.010000 56.000312 39.625 0
2025-07-10T19:22:46.010000 55.99220000000001 39.625 16384
2025-07-10T19:22:47.010000 56.0 39.625 16384
2025-07-10T19:22:48.011000 56.01559999999999 39.625 16384
2025-07-10T19:22:49.010000 56.015600000000006 39.625 16384
2025-07-10T19:22:50.010000 56.01559999999999 39.625 16384
2025-07-10T19:22:51.010000 56.0234 39.6475 16384
2025-07-10T19:22:52.010000 56.015600000000006 39.6875 0
2025-07-10T19:22:53.010000 56.00779999999999 39.6875 0
2025-07-10T19:22:54.010000 56.00779999999999 39.6875 0
2025-07-10T19:22:55.010000 56.00779999999999 39.6875 0
2025-07-10T19:22:56.010000 56.00779999999999 39.67125 0
2025-07-10T19:22:57.010000 56.015911999999986 39.625 0
2025-07-10T19:22:58.010000 56.0234 39.625 0
2025-07-10T19:22:59.010000 56.0234 39.625 0
2025-07-10T19:23:00.010000 56.0234 39.625 0
2025-07-10T19:23:01.010000 56.028828 39.625 0
2025-07-10T19:23:02.010000 56.03520000000001 39.625 0
2025-07-10T19:23:03.010000 56.029771999999994 39.625 0
2025-07-10T19:23:04.010000 56.028828 39.66875 0
2025-07-10T19:23:05.010000 56.02259599999999 39.6875 0
2025-07-10T19:23:06.010000 56.020404000000006 39.6775 0
2025-07-10T19:23:07.010000 56.03520000000001 39.625 16384
2025-07-10T19:23:08.010000 56.03520000000001 39.625 16384
2025-07-10T19:23:09.010000 56.03520000000001 39.625 0
2025-07-10T19:23:10.010000 56.03520000000001 39.625 0
2025-07-10T19:23:11.010000 56.03520000000001 39.63125 0
2025-07-10T19:23:12.010000 56.03520000000001 39.6875 0
2025-07-10T19:23:13.010000 56.03520000000001 39.6875 0
2025-07-10T19:23:14.011000 56.02942040816327 39.651785714285715 0
2025-07-10T19:23:15.010000 56.029064 39.625 0
2025-07-10T19:23:16.010000 56.03520000000001 39.625 0
2025-07-10T19:23:17.010000 56.03520000000001 39.625 0
2025-07-10T19:23:18.010000 56.03520000000001 39.625 0
2025-07-10T19:23:19.010000 56.03520000000001 39.625 0
2025-07-10T19:23:20.011000 56.03520000000001 39.625 0
2025-07-10T19:23:21.010000 56.029536 39.625 0
2025-07-10T19:23:22.010000 56.0234 39.625 16384
2025-07-10T19:23:23.010000 56.029300000000006 39.625 16384
2025-07-10T19:23:24.010000 56.02929999999999 39.625 16384
2025-07-10T19:23:25.010000 56.0234 39.625 16384
2025-07-10T19:23:26.010000 56.0234 39.625 16384
2025-07-10T19:23:27.010000 56.0234 39.68125 0
2025-07-10T19:23:28.010000 56.029300000000006 39.6875 0
2025-07-10T19:23:29.010000 56.03520000000001 39.6875 0
2025-07-10T19:23:30.010000 56.03520000000001 39.6875 16384
2025-07-10T19:23:31.010000 56.04299999999999 39.6875 16384
2025-07-10T19:23:32.010000 56.03709999999999 39.635 0
2025-07-10T19:23:33.010000 56.0234 39.625 0
2025-07-10T19:23:34.010000 56.029536 39.64375 0
2025-07-10T19:23:35.010000 56.03520000000001 39.6875 0
2025-07-10T19:23:36.010000 56.03520000000001 39.6875 0
2025-07-10T19:23:37.010000 56.04331199999999 39.64 16384
2025-07-10T19:23:38.011000 56.043624 39.625 16384
2025-07-10T19:23:39.010000 56.042376 39.63875 16384
2025-07-10T19:23:40.010000 56.043624 39.6875 0
2025-07-10T19:23:41.010000 56.03520000000001 39.6875 0
2025-07-10T19:23:42.010000 56.03520000000001 39.6875 16384
2025-07-10T19:23:43.010000 56.03520000000001 39.6875 16384
2025-07-10T19:23:44.010000 56.03520000000001 39.6875 16384
2025-07-10T19:23:45.010000 56.03520000000001 39.6875 0
2025-07-10T19:23:46.010000 56.042376 39.6875 0
2025-07-10T19:23:47.010000 56.0508 39.6875 0
2025-07-10T19:23:48.010000 56.0508 39.6875 0
2025-07-10T19:23:49.010000 56.037648 39.6825 0
2025-07-10T19:23:50.011000 56.044039999999995 39.625 0
2025-07-10T19:23:51.010000 56.058912 39.625 0
2025-07-10T19:23:52.010000 56.05828799999999 39.65875 0
2025-07-10T19:23:53.010000 56.066399999999994 39.6875 0
2025-07-10T19:23:54.010000 56.058912 39.6875 0
2025-07-10T19:23:55.010000 56.0508 39.6875 0
2025-07-10T19:23:56.010000 56.0508 39.6875 0
2025-07-10T19:23:57.010000 56.0508 39.65875 0
2025-07-10T19:23:58.010000 56.066399999999994 39.625 0
2025-07-10T19:23:59.010000 56.0742 39.625 0
2025-07-10T19:24:00.010000 56.066399999999994 39.625 0
2025-07-10T19:24:01.010000 56.058600000000006 39.625 0
2025-07-10T19:24:02.010000 56.0586 39.625 16384
2025-07-10T19:24:03.010000 56.058600000000006 39.625 16384
2025-07-10T19:24:04.010000 56.0586 39.625 16384
2025-07-10T19:24:05.010000 56.066399999999994 39.6775 0
2025-07-10T19:24:06.010000 56.058600000000006 39.6875 0
2025-07-10T19:24:07.010000 56.0586 39.6875 0
2025-07-10T19:24:08.010000 56.074512 39.6875 16384
2025-07-10T19:24:09.010000 56.073888 39.6875 16384
2025-07-10T19:24:10.010000 56.066399999999994 39.6375 0
2025-07-10T19:24:11.010000 56.066399999999994 39.625 0
2025-07-10T19:24:12.010000 56.074512 39.64 0
2025-07-10T19:24:13.010000 56.08200000000001 39.6875 0
2025-07-10T19:24:14.010000 56.073888 39.6875 0
2025-07-10T19:24:15.010000 56.066399999999994 39.6425 16384
2025-07-10T19:24:16.010000 56.05922399999999 39.625 16384
2025-07-10T19:24:17.010000 56.0508 39.6375 16384
2025-07-10T19:24:18.010000 56.0508 39.6875 0
2025-07-10T19:24:19.010000 56.057976 39.6875 0
2025-07-10T19:24:20.010000 56.080798 39.6875 16384
2025-07-10T19:24:21.010000 56.090478000000004 39.6875 16384
2025-07-10T19:24:22.010000 56.08200000000001 39.6875 16384
2025-07-10T19:24:23.010000 56.08922200000001 39.6875 0
2025-07-10T19:24:24.010000 56.09770000000001 39.6875 0
2025-07-10T19:24:25.010000 56.090164 39.6875 0
2025-07-10T19:24:26.010000 56.074512 39.6875 0
2025-07-10T19:24:27.010000 56.081424000000005 39.6875 0
2025-07-10T19:24:28.010000 56.090164 39.6875 0
2025-07-10T19:24:29.010000 56.08953600000001 39.6875 0
2025-07-10T19:24:30.011000 56.09770000000001 39.65875 0
2025-07-10T19:24:31.010000 56.090164 39.625 0
2025-07-10T19:24:32.010000 56.08953600000001 39.625 0
2025-07-10T19:24:33.010000 56.09770000000001 39.625 0
2025-07-10T19:24:34.010000 56.09770000000001 39.625 0
2025-07-10T19:24:35.010000 56.089850000000006 39.64875 16384
2025-07-10T19:24:36.011000 56.0742 39.6875 16384
2025-07-10T19:24:37.010000 56.08205 39.6875 16384
2025-07-10T19:24:38.010000 56.089850000000006 39.6875 16384
2025-07-10T19:24:39.010000 56.08985000000001 39.6875 16384
2025-07-10T19:24:40.010000 56.089850000000006 39.6875 16384
2025-07-10T19:24:41.010000 56.08985000000001 39.6875 0
2025-07-10T19:24:42.010000 56.089850000000006 39.6875 0
2025-07-10T19:24:43.010000 56.08985000000001 39.6875 0
2025-07-10T19:24:44.010000 56.08953600000001 39.6875 0
2025-07-10T19:24:45.010000 56.097649999999994 39.67125 0
2025-07-10T19:24:46.010000 56.1133 39.625 0
2025-07-10T19:24:47.010000 56.097024000000005 39.625 0
2025-07-10T19:24:48.011000 56.090164000000016 39.67125 0
2025-07-10T19:24:49.010000 56.10581199999999 39.6875 0
2025-07-10T19:24:50.010000 56.097024000000005 39.6875 0
2025-07-10T19:24:51.010000 56.073888 39.6875 16384
2025-07-10T19:24:52.010000 56.090788 39.6875 16384
2025-07-10T19:24:53.011000 56.12141199999999 39.64625 0
2025-07-10T19:24:54.010000 56.12172399999999 39.625 0
2025-07-10T19:24:55.010000 56.1133 39.6325 0
2025-07-10T19:24:56.011000 56.1133 39.6875 0
2025-07-10T19:24:57.010000 56.1133 39.6875 0
2025-07-10T19:24:58.010000 56.120476 39.6875 16384
2025-07-10T19:24:59.010000 56.128899999999994 39.6875 16384
2025-07-10T19:25:00.010000 56.1289 39.6875 16384
2025-07-10T19:25:01.011000 56.121412 39.6875 0
2025-07-10T19:25:02.010000 56.1133 39.6875 0
2025-07-10T19:25:03.010000 56.10581200000001 39.6875 0
2025-07-10T19:25:04.010000 56.105188 39.6875 0
2025-07-10T19:25:05.010000 56.1133 39.6875 0
2025-07-10T19:25:06.010000 56.1133 39.6875 0
2025-07-10T19:25:07.011000 56.12078799999999 39.6875 0
2025-07-10T19:25:08.010000 56.128899999999994 39.66 0
2025-07-10T19:25:09.011000 56.128899999999994 39.625 0
2025-07-10T19:25:10.010000 56.1289 39.625 0
2025-07-10T19:25:11.010000 56.128899999999994 39.68125 0
2025-07-10T19:25:12.010000 56.121412 39.6875 0
2025-07-10T19:25:13.010000 56.1211 39.6875 16384
2025-07-10T19:25:14.010000 56.134750000000004 39.6875 16384
2025-07-10T19:25:15.010000 56.13475 39.6875 16384
2025-07-10T19:25:16.010000 56.128899999999994 39.6875 0
2025-07-10T19:25:17.010000 56.134750000000004 39.6875 0
2025-07-10T19:25:18.011000 56.13475 39.6875 0
2025-07-10T19:25:19.010000 56.128899999999994 39.6875 0
2025-07-10T19:25:20.010000 56.121100000000006 39.6875 0
2025-07-10T19:25:21.010000 56.1211 39.63875 0
2025-07-10T19:25:22.010000 56.128899999999994 39.625 0
2025-07-10T19:25:23.010000 56.128899999999994 39.64 0
2025-07-10T19:25:24.010000 56.134984 39.6875 0
2025-07-10T19:25:25.010000 56.14059999999999 39.6875 0
2025-07-10T19:25:26.010000 56.14059999999999 39.6875 16384
2025-07-10T19:25:27.010000 56.14059999999999 39.6875 16384
2025-07-10T19:25:28.010000 56.134391836734686 39.67729591836735 16384
2025-07-10T19:25:29.010000 56.120788000000005 39.625 0
2025-07-10T19:25:30.010000 56.127496 39.625 0
2025-07-10T19:25:31.010000 56.13451599999999 39.66375 0
2025-07-10T19:25:32.010000 56.134282000000006 39.6875 0
2025-07-10T19:25:33.010000 56.135217999999995 39.6875 0
2025-07-10T19:25:34.010000 56.134282000000006 39.6875 16384
2025-07-10T19:25:35.010000 56.135217999999995 39.6875 16384
2025-07-10T19:25:36.010000 56.141458000000014 39.6875 16384
2025-07-10T19:25:37.010000 56.149024 39.6875 0
2025-07-10T19:25:38.010000 56.135217999999995 39.6875 0
2025-07-10T19:25:39.010000 56.128899999999994 39.6875 0
2025-07-10T19:25:40.010000 56.134516000000005 39.6875 0
2025-07-10T19:25:41.010000 56.134983999999996 39.6875 0
2025-07-10T19:25:42.010000 56.134516000000005 39.6875 0
2025-07-10T19:25:43.010000 56.14059999999999 39.6875 0
2025-07-10T19:25:44.010000 56.14059999999999 39.6875 0
2025-07-10T19:25:45.010000 56.14059999999999 39.6875 0
2025-07-10T19:25:46.010000 56.148088 39.6875 0
2025-07-10T19:25:47.011000 56.156200000000005 39.6875 0
2025-07-10T19:25:48.011000 56.148711999999996 39.6875 0
2025-07-10T19:25:49.010000 56.13475 39.6875 0
2025-07-10T19:25:50.010000 56.128899999999994 39.6875 0
2025-07-10T19:25:51.010000 56.128899999999994 39.6875 0
2025-07-10T19:25:52.010000 56.128899999999994 39.6875 0
2025-07-10T19:25:53.010000 56.128899999999994 39.6875 0
2025-07-10T19:25:54.010000 56.134750000000004 39.6875 0
2025-07-10T19:25:55.010000 56.13475 39.6875 0
2025-07-10T19:25:56.010000 56.128899999999994 39.6875 0
2025-07-10T19:25:57.010000 56.128899999999994 39.6875 0
2025-07-10T19:25:58.010000 56.128899999999994 39.6875 0
2025-07-10T19:25:59.010000 56.134750000000004 39.6875 0
2025-07-10T19:26:00.022000 56.13475 39.6875 0
2025-07-10T19:26:01.010000 56.120788000000005 39.6875 0
2025-07-10T19:26:02.010000 56.1133 39.6875 0
2025-07-10T19:26:03.010000 56.12141199999999 39.6875 0
2025-07-10T19:26:04.011000 56.128899999999994 39.6875 0
2025-07-10T19:26:05.010000 56.128899999999994 39.6875 0
2025-07-10T19:26:06.010000 56.128899999999994 39.6875 0
2025-07-10T19:26:07.010000 56.128899999999994 39.6875 0
2025-07-10T19:26:08.010000 56.128899999999994 39.6875 0
2025-07-10T19:26:09.010000 56.128899999999994 39.6875 0
2025-07-10T19:26:10.010000 56.134984 39.6875 0
2025-07-10T19:26:11.011000 56.14059999999999 39.6875 0
2025-07-10T19:26:12.010000 56.14059999999999 39.6875 0
2025-07-10T19:26:13.010000 56.14059999999999 39.6875 0
2025-07-10T19:26:14.010000 56.14059999999999 39.6875 0
2025-07-10T19:26:15.010000 56.135217999999995 39.6875 0
2025-07-10T19:26:16.010000 56.134282000000006 39.6875 0
2025-07-10T19:26:17.010000 56.148088 39.6875 0
2025-07-10T19:26:18.010000 56.148711999999996 39.6875 0
2025-07-10T19:26:19.010000 56.14059999999999 39.6875 0
2025-07-10T19:26:20.010000 56.134983999999996 39.6875 0
2025-07-10T19:26:21.010000 56.134516000000005 39.6875 0
2025-07-10T19:26:22.010000 56.148088 39.6875 0
2025-07-10T19:26:23.010000 56.148711999999996 39.6875 0
2025-07-10T19:26:24.010000 56.148088 39.6875 0
2025-07-10T19:26:25.015000 56.148711999999996 39.6875 0
2025-07-10T19:26:26.010000 56.148088 39.6875 0
2025-07-10T19:26:27.010000 56.148711999999996 39.6875 0
2025-07-10T19:26:28.010000 56.14059999999999 39.6875 0
2025-07-10T19:26:29.010000 56.1484 39.6875 0
2025-07-10T19:26:30.010000 56.1484 39.6875 0
2025-07-10T19:26:31.010000 56.14059999999999 39.6875 0
2025-07-10T19:26:32.011000 56.1484 39.6875 0
2025-07-10T19:26:33.010000 56.156200000000005 39.6875 0
2025-07-10T19:26:34.010000 56.16404999999999 39.6875 0
2025-07-10T19:26:35.010000 56.16405 39.6875 0
2025-07-10T19:26:36.010000 56.156200000000005 39.6875 0
2025-07-10T19:26:37.010000 56.14855918367347 39.6875 0
2025-07-10T19:26:38.010000 56.14872499999999 39.6875 0
2025-07-10T19:26:39.010000 56.148088 39.6875 0
2025-07-10T19:26:40.010000 56.14059999999999 39.6875 0
2025-07-10T19:26:41.010000 56.14059999999999 39.6875 0
2025-07-10T19:26:42.010000 56.148711999999996 39.6875 0
2025-07-10T19:26:43.010000 56.156200000000005 39.6875 0
2025-07-10T19:26:44.010000 56.148088 39.6875 0
2025-07-10T19:26:45.010000 56.14059999999999 39.6875 0
2025-07-10T19:26:46.010000 56.156876000000004 39.6875 0
2025-07-10T19:26:47.010000 56.16373600000001 39.6875 0
2025-07-10T19:26:48.010000 56.156200000000005 39.6875 0
2025-07-10T19:26:49.010000 56.156200000000005 39.6875 0
2025-07-10T19:26:50.010000 56.156200000000005 39.6875 0
2025-07-10T19:26:51.015000 56.17059799999999 39.6875 0
2025-07-10T19:26:52.011000 56.17310200000001 39.6875 0
2025-07-10T19:26:53.010000 56.16342199999999 39.6875 0
2025-07-10T19:26:54.010000 56.164678 39.6875 0
2025-07-10T19:26:55.010000 56.156200000000005 39.6875 0
2025-07-10T19:26:56.010000 56.1562 39.6875 0
2025-07-10T19:26:57.011000 56.156200000000005 39.6875 0
2025-07-10T19:26:58.010000 56.16373599999999 39.6875 0
2025-07-10T19:26:59.011000 56.17190000000001 39.6875 0
2025-07-10T19:27:00.010000 56.164364000000006 39.6875 0
2025-07-10T19:27:01.015000 56.16373599999999 39.6875 0
2025-07-10T19:27:02.010000 56.17190000000001 39.6875 0
2025-07-10T19:27:03.010000 56.17190000000001 39.6875 0
2025-07-10T19:27:04.010000 56.164364000000006 39.6875 0
2025-07-10T19:27:05.010000 56.148711999999996 39.6875 0
2025-07-10T19:27:06.011000 56.14059999999999 39.6875 0
2025-07-10T19:27:07.010000 56.14059999999999 39.6875 0
2025-07-10T19:27:08.010000 56.14059999999999 39.6875 0
2025-07-10T19:27:09.010000 56.14059999999999 39.6875 0
2025-07-10T19:27:10.010000 56.14059999999999 39.6875 0
2025-07-10T19:27:11.010000 56.13475 39.6875 0
2025-07-10T19:27:12.010000 56.134750000000004 39.6875 0
2025-07-10T19:27:13.010000 56.14059999999999 39.6875 0
2025-07-10T19:27:14.010000 56.1484 39.6875 0
2025-07-10T19:27:15.013000 56.1484 39.6875 0
2025-07-10T19:27:16.010000 56.148711999999996 39.6875 0
2025-07-10T19:27:17.010000 56.148088 39.6875 0
2025-07-10T19:27:18.010000 56.148711999999996 39.6875 0
2025-07-10T19:27:19.010000 56.148088 39.6875 0
2025-07-10T19:27:20.010000 56.148711999999996 39.6875 0
2025-07-10T19:27:21.010000 56.156200000000005 39.6875 0
2025-07-10T19:27:22.010000 56.156200000000005 39.6875 0
2025-07-10T19:27:23.010000 56.148088 39.6875 0
2025-07-10T19:27:24.010000 56.156876000000004 39.6875 0
2025-07-10T19:27:25.010000 56.16373600000001 39.6875 0
2025-07-10T19:27:26.010000 56.156200000000005 39.6875 0
2025-07-10T19:27:27.010000 56.16342199999999 39.6875 0
2025-07-10T19:27:28.010000 56.157502 39.6875 0
2025-07-10T19:27:29.010000 56.14059999999999 39.6875 0
2025-07-10T19:27:30.010000 56.147776 39.6875 0
2025-07-10T19:27:31.010000 56.14364199999999 39.6875 0
2025-07-10T19:27:32.010000 56.134282000000006 39.6875 0
2025-07-10T19:27:33.010000 56.14059999999999 39.6875 0
2025-07-10T19:27:34.010000 56.14059999999999 39.6875 0
2025-07-10T19:27:35.010000 56.14059999999999 39.6875 0
2025-07-10T19:27:36.011000 56.14059999999999 39.6875 0
2025-07-10T19:27:37.010000 56.148088 39.6875 0
2025-07-10T19:27:38.010000 56.156200000000005 39.6875 0
2025-07-10T19:27:39.010000 56.148711999999996 39.6875 0
2025-07-10T19:27:40.010000 56.148088 39.6875 0
2025-07-10T19:27:41.010000 56.148711999999996 39.6875 0
2025-07-10T19:27:42.010000 56.14059999999999 39.6875 0
2025-07-10T19:27:43.010000 56.148088 39.6875 0
2025-07-10T19:27:44.010000 56.1484 39.6875 0
2025-07-10T19:27:45.010000 56.1484 39.6875 0
2025-07-10T19:27:46.010000 56.1484 39.6875 0
2025-07-10T19:27:47.010000 56.14059999999999 39.6875 0
2025-07-10T19:27:48.010000 56.13475 39.6875 0
2025-07-10T19:27:49.010000 56.14255000000001 39.6875 0
2025-07-10T19:27:50.010000 56.156200000000005 39.6875 0
2025-07-10T19:27:51.010000 56.156200000000005 39.6875 0
2025-07-10T19:27:52.010000 56.14254999999999 39.6875 0
2025-07-10T19:27:53.010000 56.128899999999994 39.6875 0
2025-07-10T19:27:54.010000 56.134984 39.6875 0
2025-07-10T19:27:55.011000 56.14059999999999 39.6875 0
2025-07-10T19:27:56.010000 56.148711999999996 39.6875 0
2025-07-10T19:27:57.011000 56.156200000000005 39.6875 0
2025-07-10T19:27:58.010000 56.14824081632653 39.6875 0
2025-07-10T19:27:59.011000 56.1406 39.6875 0
2025-07-10T19:28:00.010000 56.14059999999999 39.6875 0
2025-07-10T19:28:01.010000 56.13451599999999 39.6875 0
2025-07-10T19:28:02.010000 56.128899999999994 39.6875 0
2025-07-10T19:28:03.010000 56.112676 39.6875 0
2025-07-10T19:28:04.010000 56.10581199999999 39.6875 0
2025-07-10T19:28:05.010000 56.120476 39.6875 0
2025-07-10T19:28:06.010000 56.12172399999999 39.6875 0
2025-07-10T19:28:07.010000 56.120476 39.6875 0
2025-07-10T19:28:08.010000 56.12172399999999 39.6875 0
2025-07-10T19:28:09.010000 56.1133 39.6875 0
2025-07-10T19:28:10.010000 56.098276000000006 39.6875 0
2025-07-10T19:28:11.010000 56.08953600000001 39.6875 0
2025-07-10T19:28:12.010000 56.105188 39.6875 0
2025-07-10T19:28:13.010000 56.1133 39.6875 0
2025-07-10T19:28:14.010000 56.12078799999999 39.6875 0
2025-07-10T19:28:15.010000 56.106387999999995 39.6875 0
2025-07-10T19:28:16.010000 56.08953600000001 39.6875 0
2025-07-10T19:28:17.010000 56.105188 39.6875 0
2025-07-10T19:28:18.010000 56.1133 39.6875 0
2025-07-10T19:28:19.023000 56.12078799999999 39.6875 0
2025-07-10T19:28:20.010000 56.121412 39.6875 0
2025-07-10T19:28:21.010000 56.1211 39.6875 0
2025-07-10T19:28:22.010000 56.12126595744681 39.6875 0
2025-07-10T19:28:23.010000 56.1211 39.6875 0
2025-07-10T19:28:24.010000 56.134750000000004 39.6875 0
2025-07-10T19:28:25.010000 56.13475 39.6875 0
2025-07-10T19:28:26.010000 56.121100000000006 39.6875 0
2025-07-10T19:28:27.010000 56.10550000000001 39.6875 0
2025-07-10T19:28:28.010000 56.11915000000001 39.6875 0
2025-07-10T19:28:29.010000 56.126949999999994 39.6875 0
2025-07-10T19:28:30.010000 56.127496 39.6875 0
2025-07-10T19:28:31.010000 56.134506249999994 39.6875 0
2025-07-10T19:28:32.010000 56.1289 39.6875 0
2025-07-10T19:28:33.010000 56.120788000000005 39.6875 0
2025-07-10T19:28:34.010000 56.12141199999999 39.6875 0
2025-07-10T19:28:35.011000 56.120788000000005 39.6875 0
2025-07-10T19:28:36.010000 56.127496 39.6875 0
2025-07-10T19:28:37.010000 56.126403999999994 39.6875 0
2025-07-10T19:28:38.010000 56.1133 39.6875 0
2025-07-10T19:28:39.010000 56.105188000000005 39.6875 0
2025-07-10T19:28:40.010000 56.09770000000001 39.6875 0
2025-07-10T19:28:41.010000 56.09770000000001 39.6875 0
2025-07-10T19:28:42.011000 56.09770000000002 39.6875 0
2025-07-10T19:28:43.010000 56.090478000000004 39.6875 0
2025-07-10T19:28:44.010000 56.09639799999999 39.6875 0
2025-07-10T19:28:45.011000 56.098901999999995 39.6875 0
2025-07-10T19:28:46.010000 56.08922200000001 39.6875 0
2025-07-10T19:28:47.010000 56.090164 39.6875 0
2025-07-10T19:28:48.010000 56.08953600000001 39.6875 0
2025-07-10T19:28:49.010000 56.090164 39.6875 0
2025-07-10T19:28:50.011000 56.08953600000001 39.6875 0
2025-07-10T19:28:51.011000 56.090164 39.6875 0
2025-07-10T19:28:52.010000 56.08200000000001 39.6875 0
2025-07-10T19:28:53.010000 56.08953600000001 39.6875 0
2025-07-10T19:28:54.010000 56.105188 39.6875 0
2025-07-10T19:28:55.010000 56.098276000000006 39.6875 0
2025-07-10T19:28:56.010000 56.08953600000001 39.6875 0
2025-07-10T19:28:57.010000 56.09770000000002 39.6875 0
2025-07-10T19:28:58.010000 56.09770000000001 39.6875 0
2025-07-10T19:28:59.010000 56.09770000000001 39.6875 0
2025-07-10T19:29:00.010000 56.09770000000001 39.6875 0
2025-07-10T19:29:01.010000 56.09770000000001 39.6875 0
2025-07-10T19:29:02.010000 56.089850000000006 39.6875 0
2025-07-10T19:29:03.010000 56.08200000000001 39.6875 0
2025-07-10T19:29:04.010000 56.08200000000001 39.6875 0
2025-07-10T19:29:05.010000 56.097649999999994 39.6875 0
2025-07-10T19:29:06.010000 56.1133 39.6875 0
2025-07-10T19:29:07.011000 56.10550000000001 39.6875 0
2025-07-10T19:29:08.011000 56.09770000000001 39.6875 0
2025-07-10T19:29:09.010000 56.09770000000001 39.6875 0
2025-07-10T19:29:10.010000 56.089369387755106 39.6875 16384
2025-07-10T19:29:11.010000 56.098276 39.6875 16384
2025-07-10T19:29:12.010000 56.105188000000005 39.6875 0
2025-07-10T19:29:13.010000 56.10581199999999 39.6875 0
2025-07-10T19:29:14.010000 56.105188000000005 39.70125 0
2025-07-10T19:29:15.010000 56.09770000000001 39.75 0
2025-07-10T19:29:16.010000 56.09770000000001 39.75 0
2025-07-10T19:29:17.011000 56.106124 39.70625 16384
2025-07-10T19:29:18.011000 56.1133 39.6875 16384
2025-07-10T19:29:19.010000 56.1133 39.6875 16384
2025-07-10T19:29:20.010000 56.1133 39.6875 0
2025-07-10T19:29:21.010000 56.1133 39.6875 0
2025-07-10T19:29:22.010000 56.120476 39.7275 0
2025-07-10T19:29:23.010000 56.113924000000004 39.75 16384
2025-07-10T19:29:24.010000 56.09770000000001 39.74375 16384
2025-07-10T19:29:25.010000 56.105188 39.6875 0
2025-07-10T19:29:26.010000 56.12078799999999 39.6875 0
2025-07-10T19:29:27.010000 56.121412 39.7225 0
2025-07-10T19:29:28.010000 56.10581200000001 39.75 0
2025-07-10T19:29:29.010000 56.105188 39.7475 0
2025-07-10T19:29:30.010000 56.1133 39.6875 0
2025-07-10T19:29:31.010000 56.10581200000001 39.6875 0
2025-07-10T19:29:32.010000 56.105174999999996 39.6875 0
2025-07-10T19:29:33.010000 56.09796938775511 39.6875 0
2025-07-10T19:29:34.011000 56.08200000000001 39.6875 0
2025-07-10T19:29:35.010000 56.08985000000001 39.6875 0
2025-07-10T19:29:36.010000 56.08205 39.6875 0
2025-07-10T19:29:37.010000 56.066399999999994 39.71125 16384
2025-07-10T19:29:38.010000 56.0742 39.75 16384
2025-07-10T19:29:39.010000 56.0742 39.75 16384
2025-07-10T19:29:40.010000 56.066399999999994 39.69625 0
2025-07-10T19:29:41.010000 56.08205 39.6875 0
2025-07-10T19:29:42.010000 56.08205 39.7075 0
2025-07-10T19:29:43.010000 56.0742 39.75 0
2025-07-10T19:29:44.010000 56.090164000000016 39.75 0
2025-07-10T19:29:45.010000 56.08953600000001 39.7 0
2025-07-10T19:29:46.010000 56.08200000000001 39.6875 0
2025-07-10T19:29:47.010000 56.08200000000001 39.6875 0
2025-07-10T19:29:48.011000 56.08200000000001 39.6875 0
2025-07-10T19:29:49.011000 56.090164000000016 39.6875 0
2025-07-10T19:29:50.011000 56.09770000000001 39.6875 16384
2025-07-10T19:29:51.011000 56.09770000000001 39.6875 16384
2025-07-10T19:29:52.010000 56.08953600000001 39.7 16384
2025-07-10T19:29:53.010000 56.090164000000016 39.75 0
2025-07-10T19:29:54.010000 56.089222 39.75 0
2025-07-10T19:29:55.010000 56.09047800000001 39.75 16384
2025-07-10T19:29:56.010000 56.089222 39.75 16384
2025-07-10T19:29:57.010000 56.073575999999996 39.74125 16384
2025-07-10T19:29:58.010000 56.074824 39.6875 0
2025-07-10T19:29:59.010000 56.08200000000001 39.6875 0
2025-07-10T19:30:00.010000 56.08953600000001 39.72625 0
2025-07-10T19:30:01.010000 56.105188 39.75 0
2025-07-10T19:30:02.010000 56.098276000000006 39.745 0
2025-07-10T19:30:03.010000 56.08200000000001 39.6875 16384
2025-07-10T19:30:04.010000 56.08953600000001 39.6875 16384
2025-07-10T19:30:05.010000 56.09770000000001 39.6875 16384
2025-07-10T19:30:06.010000 56.09770000000001 39.6875 0
2025-07-10T19:30:07.010000 56.105188 39.68875 0
2025-07-10T19:30:08.010000 56.1133 39.75 0
2025-07-10T19:30:09.010000 56.1133 39.75 0
2025-07-10T19:30:10.010000 56.10550000000001 39.75 0
2025-07-10T19:30:11.010000 56.09770000000001 39.75 0
2025-07-10T19:30:12.010000 56.09770000000001 39.75 0
2025-07-10T19:30:13.010000 56.09770000000001 39.69 0
2025-07-10T19:30:14.010000 56.10549999999999 39.6875 0
2025-07-10T19:30:15.010000 56.1133 39.6875 0
2025-07-10T19:30:16.010000 56.1133 39.6875 0
2025-07-10T19:30:17.010000 56.1211 39.6875 0
2025-07-10T19:30:18.010000 56.121100000000006 39.74375 16384
2025-07-10T19:30:19.010000 56.1133 39.75 16384
2025-07-10T19:30:20.010000 56.1133 39.72875 16384
2025-07-10T19:30:21.010000 56.1133 39.6875 0
2025-07-10T19:30:22.010000 56.1133 39.6875 0
2025-07-10T19:30:23.010000 56.12141199999999 39.73875 0
2025-07-10T19:30:24.010000 56.120788000000005 39.75 0
2025-07-10T19:30:25.010000 56.1133 39.7325 16384
2025-07-10T19:30:26.010000 56.1133 39.6875 16384
2025-07-10T19:30:27.010000 56.105188000000005 39.6875 16384
2025-07-10T19:30:28.010000 56.09770000000001 39.735 0
2025-07-10T19:30:29.010000 56.10581199999999 39.75 0
2025-07-10T19:30:30.010000 56.12141199999999 39.75 0
2025-07-10T19:30:31.011000 56.135218 39.75 16384
2025-07-10T19:30:32.010000 56.14059999999999 39.75 16384
2025-07-10T19:30:33.010000 56.13428199999999 39.75 0
2025-07-10T19:30:34.010000 56.128899999999994 39.75 0
2025-07-10T19:30:35.010000 56.128899999999994 39.75 0
2025-07-10T19:30:36.010000 56.128899999999994 39.75 0
2025-07-10T19:30:37.010000 56.128899999999994 39.75 0
2025-07-10T19:30:38.010000 56.128899999999994 39.70875 0
2025-07-10T19:30:39.010000 56.134516000000005 39.6875 0
2025-07-10T19:30:40.010000 56.134983999999996 39.6875 0
2025-07-10T19:30:41.010000 56.128899999999994 39.6875 0
2025-07-10T19:30:42.010000 56.134282000000006 39.6875 0
2025-07-10T19:30:43.010000 56.14059999999999 39.725 0
2025-07-10T19:30:44.010000 56.14059999999999 39.75 0
2025-07-10T19:30:45.010000 56.14059999999999 39.75 0
2025-07-10T19:30:46.010000 56.14059999999999 39.75 0
2025-07-10T19:30:47.010000 56.14059999999999 39.75 0
2025-07-10T19:30:48.010000 56.14059999999999 39.715 0
2025-07-10T19:30:49.013000 56.14059999999999 39.6875 0
2025-07-10T19:30:50.010000 56.13475 39.6875 0
2025-07-10T19:30:51.010000 56.134750000000004 39.6875 0
2025-07-10T19:30:52.010000 56.14059999999999 39.6875 0
2025-07-10T19:30:53.010000 56.14059999999999 39.6875 0
2025-07-10T19:30:54.011000 56.13475 39.6875 16384
2025-07-10T19:30:55.010000 56.134750000000004 39.6875 16384
2025-07-10T19:30:56.010000 56.14059999999999 39.6875 16384
2025-07-10T19:30:57.010000 56.1406 39.6875 16384
2025-07-10T19:30:58.011000 56.13463061224489 39.71173469387755 16384
2025-07-10T19:30:59.010000 56.134984 39.75 16384
2025-07-10T19:31:00.010000 56.14059999999999 39.75 16384
2025-07-10T19:31:01.010000 56.13451599999999 39.75 16384
2025-07-10T19:31:02.010000 56.134984 39.75 16384
2025-07-10T19:31:03.010000 56.13451599999999 39.75 16384
2025-07-10T19:31:04.010000 56.134984 39.75 0
2025-07-10T19:31:05.010000 56.13451599999999 39.75 0
2025-07-10T19:31:06.010000 56.134984 39.75 0
2025-07-10T19:31:07.010000 56.14059999999999 39.75 0
2025-07-10T19:31:08.010000 56.13451599999999 39.75 0
2025-07-10T19:31:09.010000 56.120476 39.75 0
2025-07-10T19:31:10.010000 56.1133 39.75 0
2025-07-10T19:31:11.010000 56.1133 39.75 0
2025-07-10T19:31:12.010000 56.104876000000004 39.75 0
2025-07-10T19:31:13.010000 56.106124 39.73875 0
2025-07-10T19:31:14.011000 56.104876000000004 39.6875 0
2025-07-10T19:31:15.010000 56.09770000000001 39.6875 0
2025-07-10T19:31:16.010000 56.09770000000001 39.72875 0
2025-07-10T19:31:17.010000 56.105188 39.75 0
2025-07-10T19:31:18.010000 56.098276000000006 39.75 0
2025-07-10T19:31:19.010000 56.08200000000001 39.75 16384
2025-07-10T19:31:20.010000 56.08200000000001 39.75 16384
2025-07-10T19:31:21.011000 56.08200000000001 39.75 16384
2025-07-10T19:31:22.010000 56.08200000000001 39.75 0
2025-07-10T19:31:23.010000 56.08200000000001 39.75 0
2025-07-10T19:31:24.010000 56.0742 39.75 0
2025-07-10T19:31:25.010000 56.066399999999994 39.75 0
2025-07-10T19:31:26.010000 56.058600000000006 39.75 0
2025-07-10T19:31:27.010000 56.0586 39.75 0
2025-07-10T19:31:28.010000 56.066399999999994 39.75 0
2025-07-10T19:31:29.010000 56.066399999999994 39.75 0
2025-07-10T19:31:30.010000 56.066399999999994 39.75 0
2025-07-10T19:31:31.010000 56.066399999999994 39.75 0
2025-07-10T19:31:32.011000 56.066399999999994 39.75 0
2025-07-10T19:31:33.010000 56.066399999999994 39.75 0
2025-07-10T19:31:34.010000 56.074512 39.75 0
2025-07-10T19:31:35.010000 56.073888 39.75 0
2025-07-10T19:31:36.010000 56.066399999999994 39.75 0
2025-07-10T19:31:37.010000 56.066399999999994 39.75 0
2025-07-10T19:31:38.010000 56.066399999999994 39.75 0
2025-07-10T19:31:39.010000 56.074512 39.6975 0
2025-07-10T19:31:40.010000 56.073888 39.6875 0
2025-07-10T19:31:41.010000 56.066399999999994 39.7075 0
2025-07-10T19:31:42.010000 56.066399999999994 39.75 0
2025-07-10T19:31:43.010000 56.057976 39.75 0
2025-07-10T19:31:44.010000 56.0508 39.75 16384
2025-07-10T19:31:45.010000 56.042376000000004 39.75 16384
2025-07-10T19:31:46.010000 56.043624 39.75 16384
2025-07-10T19:31:47.010000 56.0508 39.75 0
2025-07-10T19:31:48.010000 56.0508 39.75 0
2025-07-10T19:31:49.010000 56.042376000000004 39.75 0
2025-07-10T19:31:50.010000 56.028828 39.75 0
2025-07-10T19:31:51.010000 56.029771999999994 39.75 0
2025-07-10T19:31:52.010000 56.03520000000001 39.75 0
2025-07-10T19:31:53.010000 56.03520000000001 39.75 0
2025-07-10T19:31:54.010000 56.029536 39.75 0
2025-07-10T19:31:55.010000 56.0234 39.75 0
2025-07-10T19:31:56.010000 56.029064 39.75 0
2025-07-10T19:31:57.010000 56.022048 39.75 0
2025-07-10T19:31:58.010000 56.015288 39.75 0
2025-07-10T19:31:59.010000 56.0234 39.75 0
2025-07-10T19:32:00.010000 56.029300000000006 39.75 0
2025-07-10T19:32:01.011000 56.03520000000001 39.75 0
2025-07-10T19:32:02.010000 56.02929999999999 39.75 0
2025-07-10T19:32:03.010000 56.029300000000006 39.75 0
2025-07-10T19:32:04.010000 56.03520000000001 39.75 0
2025-07-10T19:32:05.010000 56.02929999999999 39.75 0
2025-07-10T19:32:06.010000 56.029300000000006 39.75 0
2025-07-10T19:32:07.010000 56.04299999999999 39.75 0
2025-07-10T19:32:08.011000 56.0508 39.75 0
2025-07-10T19:32:09.010000 56.0508 39.75 0
2025-07-10T19:32:10.010000 56.04300000000001 39.75 0
2025-07-10T19:32:11.010000 56.04315918367347 39.75 0
2025-07-10T19:32:12.010000 56.0508 39.75 0
2025-07-10T19:32:13.010000 56.05891199999999 39.75 0
2025-07-10T19:32:14.010000 56.058288000000005 39.75 0
2025-07-10T19:32:15.010000 56.05891199999999 39.75 0
2025-07-10T19:32:16.010000 56.058288000000005 39.75 0
2025-07-10T19:32:17.010000 56.0508 39.75 0
2025-07-10T19:32:18.010000 56.0508 39.75 0
2025-07-10T19:32:19.010000 56.0508 39.75 0
2025-07-10T19:32:20.010000 56.05891199999999 39.75 0
2025-07-10T19:32:21.010000 56.066399999999994 39.75 0
2025-07-10T19:32:22.011000 56.066399999999994 39.75 0
2025-07-10T19:32:23.011000 56.066399999999994 39.75 0
2025-07-10T19:32:24.010000 56.057976 39.75 0
2025-07-10T19:32:25.010000 56.05922399999999 39.75 0
2025-07-10T19:32:26.010000 56.066399999999994 39.75 0
2025-07-10T19:32:27.010000 56.066399999999994 39.75 0
2025-07-10T19:32:28.010000 56.066399999999994 39.75 0
2025-07-10T19:32:29.010000 56.066399999999994 39.75 0
2025-07-10T19:32:30.010000 56.066399999999994 39.75 0
2025-07-10T19:32:31.010000 56.074824 39.75 0
2025-07-10T19:32:32.010000 56.074512 39.75 0
2025-07-10T19:32:33.010000 56.073888 39.75 0
2025-07-10T19:32:34.010000 56.074512 39.75 0
2025-07-10T19:32:35.011000 56.058912 39.75 0
2025-07-10T19:32:36.010000 56.06577600000001 39.75 0
2025-07-10T19:32:37.010000 56.074512 39.75 0
2025-07-10T19:32:38.010000 56.066399999999994 39.75 0
2025-07-10T19:32:39.010000 56.08205 39.75 0
2025-07-10T19:32:40.010000 56.089850000000006 39.75 0
2025-07-10T19:32:41.010000 56.0742 39.75 0
2025-07-10T19:32:42.010000 56.066399999999994 39.75 0
2025-07-10T19:32:43.010000 56.066399999999994 39.75 0
2025-07-10T19:32:44.010000 56.058600000000006 39.75 0
2025-07-10T19:32:45.010000 56.066399999999994 39.75 0
2025-07-10T19:32:46.010000 56.08200000000001 39.75 0
2025-07-10T19:32:47.010000 56.0742 39.75 0
2025-07-10T19:32:48.010000 56.066399999999994 39.75 0
2025-07-10T19:32:49.010000 56.066399999999994 39.75 0
2025-07-10T19:32:50.010000 56.066399999999994 39.75 0
2025-07-10T19:32:51.010000 56.066399999999994 39.75 0
2025-07-10T19:32:52.010000 56.058288000000005 39.75 0
2025-07-10T19:32:53.010000 56.05891199999999 39.75 0
2025-07-10T19:32:54.010000 56.074512 39.75 0
2025-07-10T19:32:55.010000 56.08200000000001 39.75 0
2025-07-10T19:32:56.010000 56.08200000000001 39.75 0
2025-07-10T19:32:57.010000 56.090164000000016 39.75 0
2025-07-10T19:32:58.010000 56.09770000000001 39.75 0
2025-07-10T19:32:59.010000 56.08953600000001 39.75 0
2025-07-10T19:33:00.010000 56.08200000000001 39.705 0
2025-07-10T19:33:01.010000 56.09047800000001 39.6875 0
2025-07-10T19:33:02.011000 56.089222 39.69875 0
2025-07-10T19:33:03.010000 56.08200000000001 39.75 0
2025-07-10T19:33:04.010000 56.08200000000001 39.75 0
2025-07-10T19:33:05.010000 56.08200000000001 39.75 16384
2025-07-10T19:33:06.010000 56.08200000000001 39.75 16384
2025-07-10T19:33:07.010000 56.09047800000001 39.75 16384
2025-07-10T19:33:08.010000 56.072373999999996 39.75 0
2025-07-10T19:33:09.010000 56.067648 39.75 0
2025-07-10T19:33:10.010000 56.08953600000001 39.75 0
2025-07-10T19:33:11.010000 56.090164 39.75 0
2025-07-10T19:33:12.010000 56.097024000000005 39.75 0
2025-07-10T19:33:13.010000 56.10581200000001 39.75 0
2025-07-10T19:33:14.010000 56.09770000000001 39.75 0
2025-07-10T19:33:15.010000 56.09770000000001 39.75 0
2025-07-10T19:33:16.010000 56.09770000000001 39.75 0
2025-07-10T19:33:17.010000 56.089850000000006 39.75 0
2025-07-10T19:33:18.011000 56.08200000000001 39.75 0
2025-07-10T19:33:19.010000 56.08985000000001 39.75 0
2025-07-10T19:33:20.010000 56.09770000000001 39.75 0
2025-07-10T19:33:21.010000 56.089850000000006 39.75 0
2025-07-10T19:33:22.010000 56.08200000000001 39.75 0
2025-07-10T19:33:23.010000 56.0742 39.75 0
2025-07-10T19:33:24.011000 56.0742 39.75 0
2025-07-10T19:33:25.010000 56.0742 39.75 0
2025-07-10T19:33:26.010000 56.066399999999994 39.75 0
2025-07-10T19:33:27.010000 56.074512 39.75 0
2025-07-10T19:33:28.010000 56.08200000000001 39.75 0
2025-07-10T19:33:29.010000 56.08200000000001 39.75 0
2025-07-10T19:33:30.010000 56.090164000000016 39.75 0
2025-07-10T19:33:31.010000 56.08953600000001 39.75 0
2025-07-10T19:33:32.010000 56.073888 39.75 0
2025-07-10T19:33:33.010000 56.074512 39.75 0
2025-07-10T19:33:34.010000 56.07404081632652 39.75 0
2025-07-10T19:33:35.010000 56.074524999999994 39.75 0
2025-07-10T19:33:36.010000 56.073888 39.75 0
2025-07-10T19:33:37.010000 56.066399999999994 39.75 0
2025-07-10T19:33:38.010000 56.066399999999994 39.75 0
2025-07-10T19:33:39.010000 56.074824 39.75 0
2025-07-10T19:33:40.010000 56.08200000000001 39.75 0
2025-07-10T19:33:41.010000 56.08200000000001 39.75 0
2025-07-10T19:33:42.010000 56.08200000000001 39.75 0
2025-07-10T19:33:43.010000 56.073575999999996 39.75 0
2025-07-10T19:33:44.010000 56.066399999999994 39.75 0
2025-07-10T19:33:45.010000 56.074824 39.75 0
2025-07-10T19:33:46.010000 56.073575999999996 39.75 0
2025-07-10T19:33:47.010000 56.074824 39.75 0
2025-07-10T19:33:48.010000 56.074512 39.75 0
2025-07-10T19:33:49.010000 56.073888 39.75 0
2025-07-10T19:33:50.010000 56.067024 39.75 0
2025-07-10T19:33:51.010000 56.0508 39.75 0
2025-07-10T19:33:52.010000 56.05828799999999 39.75 0
2025-07-10T19:33:53.010000 56.066399999999994 39.75 0
2025-07-10T19:33:54.010000 56.04576 39.75 0
2025-07-10T19:33:55.010000 56.03709999999999 39.75 0
2025-07-10T19:33:56.010000 56.0508 39.75 0
2025-07-10T19:33:57.010000 56.0586 39.75 0
2025-07-10T19:33:58.010000 56.0508 39.75 0
2025-07-10T19:33:59.010000 56.03520000000001 39.75 0
2025-07-10T19:34:00.010000 56.02929999999999 39.75 0
2025-07-10T19:34:01.010000 56.0234 39.75 0
2025-07-10T19:34:02.010000 56.015600000000006 39.75 0
2025-07-10T19:34:03.010000 56.0 39.75 0
2025-07-10T19:34:04.010000 55.98440000000001 39.75 0
2025-07-10T19:34:05.010000 55.984712 39.75 0
2025-07-10T19:34:06.010000 55.984088000000014 39.75 0
2025-07-10T19:34:07.010000 55.984712 39.75 0
2025-07-10T19:34:08.010000 55.984088000000014 39.75 0
2025-07-10T19:34:09.010000 55.9766 39.75 0
2025-07-10T19:34:10.010000 55.984712 39.75 0
2025-07-10T19:34:11.010000 56.000311999999994 39.75 0
2025-07-10T19:34:12.010000 55.98341199999999 39.75 0
2025-07-10T19:34:13.010000 55.969063999999996 39.75 0
2025-07-10T19:34:14.010000 55.968436000000004 39.75 0
2025-07-10T19:34:15.010000 55.977176 39.75 0
2025-07-10T19:34:16.010000 55.983776000000006 39.75 0
2025-07-10T19:34:17.010000 55.9766 39.75 0
2025-07-10T19:34:18.010000 55.9766 39.75 0
2025-07-10T19:34:19.010000 55.968122 39.75 0
2025-07-10T19:34:20.010000 55.97780199999999 39.75 0
2025-07-10T19:34:21.011000 55.983776000000006 39.75 0
2025-07-10T19:34:22.026000 55.985023999999996 39.75 0
2025-07-10T19:34:23.010000 55.983776000000006 39.75 0
2025-07-10T19:34:24.010000 55.985023999999996 39.75 0
2025-07-10T19:34:25.010000 56.000623999999995 39.75 0
2025-07-10T19:34:26.010000 55.999376000000005 39.75 0
2025-07-10T19:34:27.010000 55.999688 39.75 0
2025-07-10T19:34:28.010000 55.99282400000001 39.75 0
2025-07-10T19:34:29.010000 55.98408799999999 39.75 0
2025-07-10T19:34:30.010000 55.984712 39.75 0
2025-07-10T19:34:31.010000 55.984399999999994 39.75 16384
2025-07-10T19:34:32.010000 55.99220000000001 39.75 16384
2025-07-10T19:34:33.010000 55.99220000000001 39.75 16384
2025-07-10T19:34:34.010000 55.99220000000001 39.75 0
2025-07-10T19:34:35.010000 55.99220000000001 39.75 0
2025-07-10T19:34:36.010000 55.99220000000001 39.78 0
2025-07-10T19:34:37.010000 56.0 39.8125 0
2025-07-10T19:34:38.010000 56.00779999999999 39.8125 0
2025-07-10T19:34:39.010000 55.99220000000001 39.75375 0
2025-07-10T19:34:40.024000 55.9766 39.75 0
2025-07-10T19:34:41.010000 55.992200000000004 39.75 0
2025-07-10T19:34:42.010000 55.999688000000006 39.75 0
2025-07-10T19:34:43.010000 56.000311999999994 39.75 0
2025-07-10T19:34:44.016000 56.00779999999999 39.75 0
2025-07-10T19:34:45.010000 55.991576 39.75 0
2025-07-10T19:34:46.010000 55.992824 39.75 0
2025-07-10T19:34:47.010000 55.999688000000006 39.75 0
2025-07-10T19:34:48.010000 55.99220000000001 39.75 0
2025-07-10T19:34:49.010000 55.99220000000001 39.75 0
2025-07-10T19:34:50.010000 56.000311999999994 39.75 0
2025-07-10T19:34:51.010000 55.999688000000006 39.75 0
2025-07-10T19:34:52.010000 56.000311999999994 39.75 0
2025-07-10T19:34:53.010000 55.999376000000005 39.75 0
2025-07-10T19:34:54.010000 56.000623999999995 39.75 0
2025-07-10T19:34:55.010000 55.999376000000005 39.75 0
2025-07-10T19:34:56.010000 56.000623999999995 39.75 0
2025-07-10T19:34:57.010000 55.999376000000005 39.75 0
2025-07-10T19:34:58.010000 55.983776000000006 39.75 0
2025-07-10T19:34:59.010000 55.99344800000001 39.75 16384
2025-07-10T19:35:00.010000 56.00779999999999 39.75 16384
2025-07-10T19:35:01.010000 55.999376000000005 39.75 16384
2025-07-10T19:35:02.010000 56.000623999999995 39.75 0
2025-07-10T19:35:03.010000 56.00779999999999 39.75 0
2025-07-10T19:35:04.010000 56.00779999999999 39.78625 0
2025-07-10T19:35:05.010000 56.000312 39.8125 0
2025-07-10T19:35:06.010000 55.99220000000001 39.81 0
2025-07-10T19:35:07.010000 56.0 39.75 16384
2025-07-10T19:35:08.010000 56.01559999999999 39.75 16384
2025-07-10T19:35:09.010000 56.007799999999996 39.75 0
2025-07-10T19:35:10.010000 55.99220000000001 39.75 0
2025-07-10T19:35:11.011000 56.0 39.75 0
2025-07-10T19:35:12.010000 55.99220000000001 39.81125 0
2025-07-10T19:35:13.010000 55.9766 39.8125 0
2025-07-10T19:35:14.010000 55.9766 39.78375 0
2025-07-10T19:35:15.010000 55.984399999999994 39.75 0
2025-07-10T19:35:16.010000 56.0 39.75 0
2025-07-10T19:35:17.010000 56.0 39.75 0
2025-07-10T19:35:18.010000 55.99220000000001 39.75 0
2025-07-10T19:35:19.010000 55.99220000000001 39.75 16384
2025-07-10T19:35:20.010000 56.000311999999994 39.75 16384
2025-07-10T19:35:21.010000 55.991576 39.75 16384
2025-07-10T19:35:22.011000 55.984712 39.8025 0
2025-07-10T19:35:23.010000 55.97592399999999 39.8125 0
2025-07-10T19:35:24.010000 55.969063999999996 39.8125 0
2025-07-10T19:35:25.010000 55.968436000000004 39.8125 16384
2025-07-10T19:35:26.010000 55.969063999999996 39.8125 16384
2025-07-10T19:35:27.010000 55.984712 39.765 0
2025-07-10T19:35:28.010000 55.984088000000014 39.75 0
2025-07-10T19:35:29.010000 55.9766 39.765 0
2025-07-10T19:35:30.010000 55.968122 39.8125 0
2025-07-10T19:35:31.011000 55.969378 39.8125 0
2025-07-10T19:35:32.010000 55.968122 39.8125 0
2025-07-10T19:35:33.010000 55.969378 39.8125 0
2025-07-10T19:35:34.010000 55.968122 39.80125 0
2025-07-10T19:35:35.010000 55.9609 39.75 0
2025-07-10T19:35:36.010000 55.969378 39.75 0
2025-07-10T19:35:37.010000 55.968122 39.75 0
2025-07-10T19:35:38.010000 55.969378 39.75 0
2025-07-10T19:35:39.011000 55.9766 39.75 0
2025-07-10T19:35:40.010000 55.968122 39.75 16384
2025-07-10T19:35:41.010000 55.978427999999994 39.75 16384
2025-07-10T19:35:42.010000 55.983464000000005 39.75 16384
2025-07-10T19:35:43.010000 55.9766 39.75 16384
2025-07-10T19:35:44.010000 55.9766 39.75375 16384
2025-07-10T19:35:45.010000 55.9766 39.8125 16384
2025-07-10T19:35:46.010000 55.9766 39.8125 16384
2025-07-10T19:35:47.010000 55.984399999999994 39.8125 16384
2025-07-10T19:35:48.010000 55.99220000000001 39.8125 0
2025-07-10T19:35:49.010000 55.99220000000001 39.8125 0
2025-07-10T19:35:50.010000 55.99220000000001 39.8125 0
2025-07-10T19:35:51.010000 55.99220000000001 39.8125 0
2025-07-10T19:35:52.010000 55.98440000000001 39.7825 0
2025-07-10T19:35:53.011000 55.984399999999994 39.75 0
2025-07-10T19:35:54.010000 55.99220000000001 39.75 0
2025-07-10T19:35:55.010000 56.0 39.80875 0
2025-07-10T19:35:56.010000 55.999688000000006 39.8125 0
2025-07-10T19:35:57.010000 56.008424 39.7875 0
2025-07-10T19:35:58.010000 56.007176 39.75 0
2025-07-10T19:35:59.010000 56.000311999999994 39.75 0
2025-07-10T19:36:00.011000 56.00779999999999 39.75 0
2025-07-10T19:36:01.010000 55.991576 39.75 0
2025-07-10T19:36:02.010000 55.992824 39.75 0
2025-07-10T19:36:03.010000 56.00779999999999 39.75 0
2025-07-10T19:36:04.011000 55.991576 39.75 0
2025-07-10T19:36:05.010000 55.984712 39.75 16384
2025-07-10T19:36:06.010000 56.000623999999995 39.75 16384
2025-07-10T19:36:07.010000 56.00779999999999 39.75 16384
2025-07-10T19:36:08.010000 56.016223999999994 39.75 16384
2025-07-10T19:36:09.010000 56.0234 39.75 16384
2025-07-10T19:36:10.010000 56.014976000000004 39.795 16384
2025-07-10T19:36:11.010000 56.00779999999999 39.8125 16384
2025-07-10T19:36:12.010000 56.00779999999999 39.8125 16384
2025-07-10T19:36:13.010000 56.016223999999994 39.8125 0
2025-07-10T19:36:14.010000 56.0234 39.8125 0
2025-07-10T19:36:15.010000 56.029771999999994 39.8125 0
2025-07-10T19:36:16.010000 56.028828 39.8125 0
2025-07-10T19:36:17.010000 56.014976000000004 39.80375 0
2025-07-10T19:36:18.011000 56.016535999999995 39.75 0
2025-07-10T19:36:19.010000 56.0234 39.75 0
2025-07-10T19:36:20.010000 56.0234 39.75 0
2025-07-10T19:36:21.010000 56.029300000000006 39.75 0
2025-07-10T19:36:22.011000 56.03520000000001 39.75375 0
2025-07-10T19:36:23.010000 56.02929999999999 39.8125 16384
2025-07-10T19:36:24.010000 56.029300000000006 39.8125 16384
2025-07-10T19:36:25.010000 56.03520000000001 39.8125 16384
2025-07-10T19:36:26.010000 56.02929999999999 39.8125 16384
2025-07-10T19:36:27.010000 56.0234 39.8125 16384
2025-07-10T19:36:28.010000 56.029300000000006 39.8125 0
2025-07-10T19:36:29.010000 56.02929999999999 39.8125 0
2025-07-10T19:36:30.010000 56.0234 39.8125 0
2025-07-10T19:36:31.011000 56.03709999999999 39.8125 0
2025-07-10T19:36:32.011000 56.042688000000005 39.8125 0
2025-07-10T19:36:33.010000 56.03520000000001 39.8125 0
2025-07-10T19:36:34.010000 56.03520000000001 39.8125 0
2025-07-10T19:36:35.010000 56.03520000000001 39.8125 0
2025-07-10T19:36:36.010000 56.03520000000001 39.8125 0
2025-07-10T19:36:37.010000 56.029064 39.8125 0
2025-07-10T19:36:38.010000 56.029536 39.75875 0
2025-07-10T19:36:39.010000 56.04331199999999 39.75 0
2025-07-10T19:36:40.010000 56.042688000000005 39.75 0
2025-07-10T19:36:41.010000 56.029064 39.75 0
2025-07-10T19:36:42.010000 56.037648 39.75 0
2025-07-10T19:36:43.010000 56.042376000000004 39.8 16384
2025-07-10T19:36:44.010000 56.03520000000001 39.8125 16384
2025-07-10T19:36:45.010000 56.043624 39.8125 16384
2025-07-10T19:36:46.010000 56.05922399999999 39.8125 16384
2025-07-10T19:36:47.011000 56.057976 39.8125 16384
2025-07-10T19:36:48.010000 56.042376000000004 39.8125 0
2025-07-10T19:36:49.010000 56.03520000000001 39.8125 0
2025-07-10T19:36:50.010000 56.043624 39.8125 0
2025-07-10T19:36:51.010000 56.042376000000004 39.8125 0
2025-07-10T19:36:52.010000 56.03520000000001 39.8125 0
2025-07-10T19:36:53.010000 56.028828 39.77125 0
2025-07-10T19:36:54.010000 56.030007999999995 39.75 0
2025-07-10T19:36:55.010000 56.03520000000001 39.7575 0
2025-07-10T19:36:56.010000 56.03520000000001 39.8125 0
2025-07-10T19:36:57.010000 56.03520000000001 39.8125 0
2025-07-10T19:36:58.010000 56.03520000000002 39.8125 16384
2025-07-10T19:36:59.010000 56.02929999999999 39.8125 16384
2025-07-10T19:37:00.010000 56.029300000000006 39.8125 16384
2025-07-10T19:37:01.010000 56.02929999999999 39.8125 0
2025-07-10T19:37:02.010000 56.029300000000006 39.8125 0
2025-07-10T19:37:03.010000 56.02929999999999 39.8125 0
2025-07-10T19:37:04.010000 56.029300000000006 39.8125 0
2025-07-10T19:37:05.010000 56.03520000000001 39.8125 0
2025-07-10T19:37:06.010000 56.03520000000001 39.8125 0
2025-07-10T19:37:07.010000 56.029064 39.8125 0
2025-07-10T19:37:08.010000 56.029300000000006 39.8125 0
2025-07-10T19:37:09.010000 56.029064 39.8125 0
2025-07-10T19:37:10.010000 56.0234 39.8125 0
2025-07-10T19:37:11.010000 56.037648 39.8125 0
2025-07-10T19:37:12.010000 56.042688000000005 39.8125 0
2025-07-10T19:37:13.012000 56.04331199999999 39.8125 0
2025-07-10T19:37:14.010000 56.042688000000005 39.8125 0
2025-07-10T19:37:15.010000 56.04331199999999 39.8125 0
2025-07-10T19:37:16.010000 56.03655199999999 39.8125 0
2025-07-10T19:37:17.010000 56.037648 39.8125 0
2025-07-10T19:37:18.010000 56.03655199999999 39.8125 0
2025-07-10T19:37:19.010000 56.029771999999994 39.8125 0
2025-07-10T19:37:20.010000 56.03520000000001 39.8125 0
2025-07-10T19:37:21.010000 56.03520000000001 39.8125 0
2025-07-10T19:37:22.010000 56.043624 39.8125 0
2025-07-10T19:37:23.010000 56.03600399999999 39.8125 0
2025-07-10T19:37:24.010000 56.038196000000006 39.8125 0
2025-07-10T19:37:25.010000 56.04235 39.8125 0
2025-07-10T19:37:26.010000 56.043795918367344 39.8125 0
2025-07-10T19:37:27.010000 56.042376000000004 39.8125 0
2025-07-10T19:37:28.010000 56.043624 39.8125 0
2025-07-10T19:37:29.010000 56.05922399999999 39.8125 0
2025-07-10T19:37:30.010000 56.057976 39.8125 0
2025-07-10T19:37:31.010000 56.04206400000001 39.8125 0
2025-07-10T19:37:32.010000 56.043935999999995 39.8125 0
2025-07-10T19:37:33.010000 56.0508 39.8125 0
2025-07-10T19:37:34.010000 56.05953599999999 39.8125 0
2025-07-10T19:37:35.010000 56.057664 39.8125 0
2025-07-10T19:37:36.010000 56.04206400000001 39.8125 0
2025-07-10T19:37:37.010000 56.03520000000001 39.8125 0
2025-07-10T19:37:38.010000 56.04299999999999 39.8125 0
2025-07-10T19:37:39.010000 56.0508 39.8125 0
2025-07-10T19:37:40.010000 56.0586 39.8125 0
2025-07-10T19:37:41.010000 56.066399999999994 39.8125 0
2025-07-10T19:37:42.010000 56.058600000000006 39.8125 0
2025-07-10T19:37:43.010000 56.0508 39.8125 0
2025-07-10T19:37:44.010000 56.0508 39.8125 0
2025-07-10T19:37:45.010000 56.0508 39.8125 0
2025-07-10T19:37:46.010000 56.0508 39.8125 0
2025-07-10T19:37:47.015000 56.0508 39.8125 0
2025-07-10T19:37:48.010000 56.0508 39.8125 0
2025-07-10T19:37:49.010000 56.0508 39.8125 0
2025-07-10T19:37:50.010000 56.05891199999999 39.8125 0
2025-07-10T19:37:51.010000 56.050176 39.8125 0
2025-07-10T19:37:52.010000 56.04331199999999 39.8125 0
2025-07-10T19:37:53.010000 56.042688000000005 39.8125 0
2025-07-10T19:37:54.010000 56.03520000000001 39.8125 0
2025-07-10T19:37:55.010000 56.03520000000001 39.8125 0
2025-07-10T19:37:56.010000 56.03520000000001 39.8125 0
2025-07-10T19:37:57.010000 56.028828 39.8125 0
2025-07-10T19:37:58.010000 56.014976000000004 39.8125 0
2025-07-10T19:37:59.010000 56.00779999999999 39.8125 0
2025-07-10T19:38:00.010000 56.016223999999994 39.8125 0
2025-07-10T19:38:01.010000 56.014976000000004 39.8125 0
2025-07-10T19:38:02.010000 55.999376000000005 39.8125 0
2025-07-10T19:38:03.010000 55.99220000000001 39.8125 0
2025-07-10T19:38:04.010000 56.000623999999995 39.8125 0
2025-07-10T19:38:05.010000 56.00779999999999 39.8125 0
2025-07-10T19:38:06.010000 56.00779999999999 39.8125 0
2025-07-10T19:38:07.010000 55.990328000000005 39.8125 0
2025-07-10T19:38:08.010000 55.994072 39.8125 0
2025-07-10T19:38:09.010000 56.00779999999999 39.8125 0
2025-07-10T19:38:10.010000 56.00779999999999 39.8125 0
2025-07-10T19:38:11.010000 56.00779999999999 39.8125 0
2025-07-10T19:38:12.010000 56.016535999999995 39.8125 0
2025-07-10T19:38:13.010000 56.014664 39.8125 0
2025-07-10T19:38:14.010000 56.00779999999999 39.8125 0
2025-07-10T19:38:15.010000 56.0 39.8125 0
2025-07-10T19:38:16.010000 56.00779999999999 39.8125 0
2025-07-10T19:38:17.010000 56.0234 39.8125 0
2025-07-10T19:38:18.010000 56.015600000000006 39.8125 0
2025-07-10T19:38:19.010000 56.01559999999999 39.8125 0
2025-07-10T19:38:20.010000 56.007799999999996 39.8125 0
2025-07-10T19:38:21.010000 56.0 39.8125 0
2025-07-10T19:38:22.010000 56.00779999999999 39.8125 0
2025-07-10T19:38:23.010000 56.015911999999986 39.8125 0
2025-07-10T19:38:24.011000 56.0234 39.8125 0
2025-07-10T19:38:25.010000 56.015288 39.8125 0
2025-07-10T19:38:26.011000 56.00779999999999 39.8125 0
2025-07-10T19:38:27.010000 56.015911999999986 39.8125 0
2025-07-10T19:38:28.010000 56.015288 39.8125 0
2025-07-10T19:38:29.010000 56.022048000000005 39.8125 0
2025-07-10T19:38:30.010000 56.029064 39.8125 0
2025-07-10T19:38:31.010000 56.0234 39.8125 0
2025-07-10T19:38:32.010000 56.029536 39.8125 0
2025-07-10T19:38:33.010000 56.028828 39.8125 0
2025-07-10T19:38:34.010000 56.0234 39.8125 0
2025-07-10T19:38:35.010000 56.029771999999994 39.8125 0
2025-07-10T19:38:36.010000 56.03520000000001 39.8125 0
2025-07-10T19:38:37.010000 56.03520000000001 39.8125 0
2025-07-10T19:38:38.010000 56.028828 39.8125 0
2025-07-10T19:38:39.010000 56.029771999999994 39.8125 0
2025-07-10T19:38:40.011000 56.03520000000001 39.8125 0
2025-07-10T19:38:41.010000 56.028828 39.8125 0
2025-07-10T19:38:42.010000 56.029771999999994 39.8125 0
2025-07-10T19:38:43.010000 56.03520000000001 39.8125 0
2025-07-10T19:38:44.010000 56.028591999999996 39.8125 0
2025-07-10T19:38:45.010000 56.030007999999995 39.8125 0
2025-07-10T19:38:46.010000 56.028591999999996 39.8125 0
2025-07-10T19:38:47.010000 56.030007999999995 39.8125 0
2025-07-10T19:38:48.010000 56.028591999999996 39.8125 0
2025-07-10T19:38:49.010000 56.030007999999995 39.8125 0
2025-07-10T19:38:50.010000 56.03520000000001 39.8125 0
2025-07-10T19:38:51.010000 56.028591999999996 39.8125 0
2025-07-10T19:38:52.010000 56.0234 39.8125 0
2025-07-10T19:38:53.010000 56.0234 39.8125 0
2025-07-10T19:38:54.010000 56.029300000000006 39.8125 0
2025-07-10T19:38:55.010000 56.02929999999999 39.8125 0
2025-07-10T19:38:56.010000 56.0234 39.8125 0
2025-07-10T19:38:57.010000 56.03709999999999 39.8125 0
2025-07-10T19:38:58.010000 56.04300000000001 39.8125 0
2025-07-10T19:38:59.010000 56.03520000000001 39.8125 0
2025-07-10T19:39:00.010000 56.03520000000001 39.8125 0
2025-07-10T19:39:01.010000 56.03520000000001 39.8125 0
2025-07-10T19:39:02.010000 56.029064 39.8125 0
2025-07-10T19:39:03.010000 56.029536 39.8125 0
2025-07-10T19:39:04.010000 56.03520000000001 39.8125 0
2025-07-10T19:39:05.010000 56.029064 39.8125 0
2025-07-10T19:39:06.010000 56.0234 39.8125 0
2025-07-10T19:39:07.011000 56.015288 39.8125 0
2025-07-10T19:39:08.010000 56.022048000000005 39.8125 0
2025-07-10T19:39:09.010000 56.04331199999999 39.8125 0
2025-07-10T19:39:10.010000 56.042688000000005 39.8125 0
2025-07-10T19:39:11.010000 56.03520000000001 39.8125 0
2025-07-10T19:39:12.010000 56.03520000000001 39.8125 0
2025-07-10T19:39:13.010000 56.03520000000001 39.8125 0
2025-07-10T19:39:14.010000 56.043624 39.8125 0
2025-07-10T19:39:15.010000 56.042376000000004 39.8125 0
2025-07-10T19:39:16.010000 56.043624 39.8125 0
2025-07-10T19:39:17.010000 56.03600399999999 39.8125 0
2025-07-10T19:39:18.010000 56.029771999999994 39.8125 0
2025-07-10T19:39:19.010000 56.028828 39.8125 0
2025-07-10T19:39:20.010000 56.029771999999994 39.8125 0
2025-07-10T19:39:21.010000 56.03520000000001 39.8125 0
2025-07-10T19:39:22.010000 56.03520000000001 39.8125 0
2025-07-10T19:39:23.010000 56.03520000000001 39.8125 0
2025-07-10T19:39:24.010000 56.043935999999995 39.8125 0
2025-07-10T19:39:25.010000 56.035455999999996 39.8125 0
2025-07-10T19:39:26.010000 56.0234 39.8125 0
2025-07-10T19:39:27.010000 56.030007999999995 39.8125 0
2025-07-10T19:39:28.010000 56.028591999999996 39.8125 16384
2025-07-10T19:39:29.010000 56.0234 39.8125 16384
2025-07-10T19:39:30.010000 56.0234 39.8125 16384
2025-07-10T19:39:31.011000 56.014664 39.8125 0
2025-07-10T19:39:32.010000 56.00779999999999 39.8125 0
2025-07-10T19:39:33.010000 56.00779999999999 39.865 0
2025-07-10T19:39:34.010000 56.00779999999999 39.875 0
2025-07-10T19:39:35.010000 56.00779999999999 39.855 0
2025-07-10T19:39:36.010000 55.99220000000001 39.8125 0
2025-07-10T19:39:37.010000 55.960950000000004 39.8125 0
2025-07-10T19:39:38.010000 55.96157600000001 39.8125 0
2025-07-10T19:39:39.010000 55.968436000000004 39.8125 0
2025-07-10T19:39:40.010000 55.9609 39.8125 0
2025-07-10T19:39:41.010000 55.969063999999996 39.8125 0
2025-07-10T19:39:42.010000 55.968436000000004 39.8125 0
2025-07-10T19:39:43.010000 55.9609 39.8125 0
2025-07-10T19:39:44.012000 55.969063999999996 39.8125 0
2025-07-10T19:39:45.011000 55.9766 39.8125 0
2025-07-10T19:39:46.010000 55.968436000000004 39.8125 0
2025-07-10T19:39:47.010000 55.9609 39.8125 0
2025-07-10T19:39:48.010000 55.952788 39.8125 16384
2025-07-10T19:39:49.010000 55.936876000000005 39.8125 16384
2025-07-10T19:39:50.010000 55.938123999999995 39.8125 16384
2025-07-10T19:39:51.010000 55.92845200000001 39.8125 0
2025-07-10T19:39:52.010000 55.907728000000006 39.8125 0
2025-07-10T19:39:53.010000 55.908672 39.85125 0
2025-07-10T19:39:54.010000 55.9141 39.875 0
2025-07-10T19:39:55.010000 55.882456000000005 39.87 0
2025-07-10T19:39:56.010000 55.863924000000004 39.8125 16384
2025-07-10T19:39:57.010000 55.871100000000006 39.8125 16384
2025-07-10T19:39:58.010000 55.862676 39.8125 16384
2025-07-10T19:39:59.010000 55.87297200000001 39.8125 0
2025-07-10T19:40:00.010000 55.87796400000001 39.815 0
2025-07-10T19:40:01.010000 55.871100000000006 39.875 0
2025-07-10T19:40:02.010000 55.871100000000006 39.875 0
2025-07-10T19:40:03.010000 55.888572 39.875 0
2025-07-10T19:40:04.010000 55.884828000000006 39.875 0
2025-07-10T19:40:05.010000 55.871100000000006 39.875 0
2025-07-10T19:40:06.010000 55.879836 39.81375 0
2025-07-10T19:40:07.010000 55.87796400000001 39.8125 0
2025-07-10T19:40:08.010000 55.879836 39.8125 0
2025-07-10T19:40:09.010000 55.87796400000001 39.8125 0
2025-07-10T19:40:10.010000 55.8633 39.8125 0
2025-07-10T19:40:11.010000 55.85549999999999 39.8125 0
2025-07-10T19:40:12.010000 55.85549999999999 39.8125 0
2025-07-10T19:40:13.010000 55.8633 39.8125 0
2025-07-10T19:40:14.010000 55.871100000000006 39.8125 0
2025-07-10T19:40:15.010000 55.8633 39.8125 0
2025-07-10T19:40:16.010000 55.871724 39.8125 0
2025-07-10T19:40:17.010000 55.87858800000001 39.8125 0
2025-07-10T19:40:18.010000 55.871100000000006 39.8125 0
2025-07-10T19:40:19.010000 55.879211999999995 39.8125 0
2025-07-10T19:40:20.010000 55.894811999999995 39.8125 0
2025-07-10T19:40:21.010000 55.886076 39.8125 16384
2025-07-10T19:40:22.010000 55.871100000000006 39.8125 16384
2025-07-10T19:40:23.010000 55.854824 39.8125 16384
2025-07-10T19:40:24.010000 55.84796399999999 39.8125 0
2025-07-10T19:40:25.010000 55.847335999999984 39.8125 0
2025-07-10T19:40:26.010000 55.84796399999999 39.8575 16384
2025-07-10T19:40:27.010000 55.85549999999999 39.875 16384
2025-07-10T19:40:28.010000 55.85549999999999 39.86375 16384
2025-07-10T19:40:29.010000 55.863924000000004 39.8125 16384
2025-07-10T19:40:30.010000 55.862676 39.8125 16384
2025-07-10T19:40:31.010000 55.872348 39.8525 0
2025-07-10T19:40:32.010000 55.869852 39.875 0
2025-07-10T19:40:33.015000 55.863924000000004 39.875 0
2025-07-10T19:40:34.013000 55.862676 39.875 0
2025-07-10T19:40:35.010000 55.863777551020405 39.875 0
2025-07-10T19:40:36.010000 55.879549999999995 39.838541666666664 0
2025-07-10T19:40:37.010000 55.8867 39.8125 0
2025-07-10T19:40:38.010000 55.8867 39.8125 0
2025-07-10T19:40:39.010000 55.8867 39.8125 0
2025-07-10T19:40:40.010000 55.89543599999999 39.8125 0
2025-07-10T19:40:41.010000 55.90229999999999 39.845 16384
2025-07-10T19:40:42.010000 55.893564000000005 39.875 16384
2025-07-10T19:40:43.010000 55.87796400000001 39.875 16384
2025-07-10T19:40:44.010000 55.871100000000006 39.875 0
2025-07-10T19:40:45.010000 55.879836 39.875 0
2025-07-10T19:40:46.010000 55.89543599999999 39.875 0
2025-07-10T19:40:47.010000 55.90229999999999 39.875 0
2025-07-10T19:40:48.010000 55.90229999999999 39.875 0
2025-07-10T19:40:49.010000 55.90229999999999 39.8175 0
2025-07-10T19:40:50.010000 55.90229999999999 39.8125 0
2025-07-10T19:40:51.011000 55.90820000000001 39.83625 0
2025-07-10T19:40:52.010000 55.907964 39.875 0
2025-07-10T19:40:53.010000 55.89418800000001 39.875 0
2025-07-10T19:40:54.010000 55.894811999999995 39.82125 16384
2025-07-10T19:40:55.010000 55.89418800000001 39.8125 16384
2025-07-10T19:40:56.010000 55.894811999999995 39.8125 16384
2025-07-10T19:40:57.010000 55.90229999999999 39.8125 0
2025-07-10T19:40:58.010000 55.90229999999999 39.8125 0
2025-07-10T19:40:59.010000 55.90229999999999 39.8625 16384
2025-07-10T19:41:00.010000 55.90229999999999 39.875 16384
2025-07-10T19:41:01.010000 55.89418800000001 39.875 16384
2025-07-10T19:41:02.010000 55.90094800000001 39.875 16384
2025-07-10T19:41:03.010000 55.907964 39.875 16384
2025-07-10T19:41:04.010000 55.90229999999999 39.875 0
2025-07-10T19:41:05.010000 55.893876 39.875 0
2025-07-10T19:41:06.010000 55.8867 39.875 0
2025-07-10T19:41:07.010000 55.861374 39.875 0
2025-07-10T19:41:08.010000 55.83979999999999 39.875 0
2025-07-10T19:41:09.010000 55.848278 39.875 0
2025-07-10T19:41:10.010000 55.85549999999999 39.875 0
2025-07-10T19:41:11.010000 55.838598000000005 39.875 0
2025-07-10T19:41:12.010000 55.81577600000001 39.875 0
2025-07-10T19:41:13.010000 55.808600000000006 39.875 0
2025-07-10T19:41:14.010000 55.802282 39.875 0
2025-07-10T19:41:15.010000 55.79690000000001 39.875 0
2025-07-10T19:41:16.010000 55.79690000000001 39.875 0
2025-07-10T19:41:17.010000 55.779372 39.875 0
2025-07-10T19:41:18.010000 55.76559999999999 39.875 0
2025-07-10T19:41:19.010000 55.76559999999999 39.875 0
2025-07-10T19:41:20.010000 55.774336000000005 39.875 0
2025-07-10T19:41:21.010000 55.772464 39.875 0
2025-07-10T19:41:22.010000 55.75686399999999 39.875 0
2025-07-10T19:41:23.010000 55.75 39.875 0
2025-07-10T19:41:24.010000 55.75 39.875 0
2025-07-10T19:41:25.010000 55.75 39.875 0
2025-07-10T19:41:26.010000 55.734399999999994 39.875 0
2025-07-10T19:41:27.010000 55.73440000000001 39.875 0
2025-07-10T19:41:28.010000 55.734399999999994 39.875 0
2025-07-10T19:41:29.010000 55.74220000000001 39.875 0
2025-07-10T19:41:30.010000 55.757487999999995 39.875 0
2025-07-10T19:41:31.010000 55.75 39.875 0
2025-07-10T19:41:32.010000 55.741887999999996 39.875 0
2025-07-10T19:41:33.013000 55.73440000000001 39.875 0
2025-07-10T19:41:34.010000 55.726288000000004 39.875 0
2025-07-10T19:41:35.010000 55.726912 39.875 0
2025-07-10T19:41:36.010000 55.742512000000005 39.875 0
2025-07-10T19:41:37.010000 55.741887999999996 39.875 0
2025-07-10T19:41:38.010000 55.742512000000005 39.875 0
2025-07-10T19:41:39.010000 55.75 39.875 0
2025-07-10T19:41:40.010000 55.75 39.875 0
2025-07-10T19:41:41.010000 55.75 39.875 0
2025-07-10T19:41:42.010000 55.75 39.875 0
2025-07-10T19:41:43.010000 55.75 39.875 0
2025-07-10T19:41:44.010000 55.75 39.875 0
2025-07-10T19:41:45.010000 55.76684800000001 39.875 0
2025-07-10T19:41:46.010000 55.764352 39.875 0
2025-07-10T19:41:47.010000 55.75 39.875 0
2025-07-10T19:41:48.010000 55.758424000000005 39.875 0
2025-07-10T19:41:49.010000 55.76559999999999 39.875 0
2025-07-10T19:41:50.010000 55.757176 39.875 0
2025-07-10T19:41:51.010000 55.758424000000005 39.875 0
2025-07-10T19:41:52.010000 55.774336000000005 39.875 0
2025-07-10T19:41:53.010000 55.781200000000005 39.875 0
2025-07-10T19:41:54.010000 55.772464 39.875 0
2025-07-10T19:41:55.011000 55.774336000000005 39.875 0
2025-07-10T19:41:56.010000 55.781200000000005 39.875 0
2025-07-10T19:41:57.010000 55.781200000000005 39.875 0
2025-07-10T19:41:58.010000 55.781200000000005 39.875 0
2025-07-10T19:41:59.010000 55.781200000000005 39.875 0
2025-07-10T19:42:00.010000 55.781200000000005 39.875 0
2025-07-10T19:42:01.010000 55.781200000000005 39.875 0
2025-07-10T19:42:02.010000 55.781200000000005 39.875 0
2025-07-10T19:42:03.010000 55.790306 39.875 0
2025-07-10T19:42:04.010000 55.79690000000001 39.875 0
2025-07-10T19:42:05.011000 55.78873600000001 39.875 0
2025-07-10T19:42:06.011000 55.789364 39.875 0
2025-07-10T19:42:07.010000 55.80298400000001 39.875 0
2025-07-10T19:42:08.010000 55.816711999999995 39.875 0
2025-07-10T19:42:09.010000 55.810004 39.875 0
2025-07-10T19:42:10.010000 55.80298400000001 39.875 0
2025-07-10T19:42:11.010000 55.808600000000006 39.875 0
2025-07-10T19:42:12.010000 55.816711999999995 39.875 0
2025-07-10T19:42:13.010000 55.8242 39.875 0
2025-07-10T19:42:14.010000 55.810004 39.875 0
2025-07-10T19:42:15.010000 55.811096000000006 39.875 0
2025-07-10T19:42:16.010000 55.81608800000001 39.875 0
2025-07-10T19:42:17.010000 55.825447999999994 39.875 0
2025-07-10T19:42:18.010000 55.82295200000001 39.875 0
2025-07-10T19:42:19.010000 55.817024 39.875 0
2025-07-10T19:42:20.010000 55.832623999999996 39.875 0
2025-07-10T19:42:21.010000 55.831376 39.875 0
2025-07-10T19:42:22.010000 55.8242 39.875 0
2025-07-10T19:42:23.010000 55.832623999999996 39.875 0
2025-07-10T19:42:24.010000 55.83979999999999 39.875 0
2025-07-10T19:42:25.010000 55.83979999999999 39.875 0
2025-07-10T19:42:26.011000 55.83979999999999 39.875 0
2025-07-10T19:42:27.010000 55.83979999999999 39.875 0
2025-07-10T19:42:28.010000 55.83979999999999 39.875 0
2025-07-10T19:42:29.010000 55.848592 39.875 0
2025-07-10T19:42:30.010000 55.84670799999999 39.875 0
2025-07-10T19:42:31.010000 55.848592 39.875 0
2025-07-10T19:42:32.010000 55.85549999999999 39.875 0
2025-07-10T19:42:33.010000 55.85549999999999 39.875 0
2025-07-10T19:42:34.010000 55.84670799999999 39.875 0
2025-07-10T19:42:35.010000 55.83979999999999 39.875 0
2025-07-10T19:42:36.010000 55.848592 39.875 0
2025-07-10T19:42:37.010000 55.85549999999999 39.875 0
2025-07-10T19:42:38.010000 55.864548000000006 39.875 0
2025-07-10T19:42:39.010000 55.862052000000006 39.875 0
2025-07-10T19:42:40.010000 55.864548000000006 39.875 0
2025-07-10T19:42:41.010000 55.862052000000006 39.875 0
2025-07-10T19:42:42.011000 55.864548000000006 39.875 0
2025-07-10T19:42:43.010000 55.871100000000006 39.875 0
2025-07-10T19:42:44.010000 55.871100000000006 39.875 0
2025-07-10T19:42:45.010000 55.871100000000006 39.875 0
2025-07-10T19:42:46.010000 55.871100000000006 39.875 0
2025-07-10T19:42:47.010000 55.871100000000006 39.875 0
2025-07-10T19:42:48.011000 55.862988 39.875 0
2025-07-10T19:42:49.010000 55.871724 39.875 0
2025-07-10T19:42:50.010000 55.87858800000001 39.875 0
2025-07-10T19:42:51.010000 55.871100000000006 39.875 0
2025-07-10T19:42:52.011000 55.871100000000006 39.875 0
2025-07-10T19:42:53.010000 55.879524 39.875 0
2025-07-10T19:42:54.010000 55.895123999999996 39.875 0
2025-07-10T19:42:55.010000 55.893876 39.875 0
2025-07-10T19:42:56.010000 55.8867 39.875 0
2025-07-10T19:42:57.010000 55.87827600000001 39.875 0
2025-07-10T19:42:58.010000 55.879524 39.875 0
2025-07-10T19:42:59.010000 55.90149600000001 39.875 0
2025-07-10T19:43:00.010000 55.899303999999994 39.875 0
2025-07-10T19:43:01.010000 55.895123999999996 39.875 0
2025-07-10T19:43:02.010000 55.90229999999999 39.875 0
2025-07-10T19:43:03.010000 55.90229999999999 39.875 0
2025-07-10T19:43:04.010000 55.90229999999999 39.875 0
2025-07-10T19:43:05.010000 55.90229999999999 39.875 0
2025-07-10T19:43:06.010000 55.908908000000004 39.875 0
2025-07-10T19:43:07.010000 55.89875599999999 39.875 0
2025-07-10T19:43:08.010000 55.89543599999999 39.875 0
2025-07-10T19:43:09.010000 55.893564000000005 39.875 0
2025-07-10T19:43:10.010000 55.89543599999999 39.875 0
2025-07-10T19:43:11.010000 55.90229999999999 39.875 0
2025-07-10T19:43:12.010000 55.908908000000004 39.875 0
2025-07-10T19:43:13.010000 55.907492000000005 39.875 0
2025-07-10T19:43:14.010000 55.893564000000005 39.875 0
2025-07-10T19:43:15.010000 55.902592000000006 39.875 0
2025-07-10T19:43:16.010000 55.907256 39.875 0
2025-07-10T19:43:17.010000 55.893252000000004 39.875 0
2025-07-10T19:43:18.010000 55.895748 39.875 0
2025-07-10T19:43:19.010000 55.909144 39.875 0
2025-07-10T19:43:20.011000 55.907256 39.875 0
2025-07-10T19:43:21.010000 55.908436 39.875 0
2025-07-10T19:43:22.010000 55.907964 39.875 0
2025-07-10T19:43:23.011000 55.90229999999999 39.875 16384
2025-07-10T19:43:24.013000 55.90229999999999 39.875 16384
2025-07-10T19:43:25.010000 55.908436 39.875 16384
2025-07-10T19:43:26.010000 55.907964 39.875 0
2025-07-10T19:43:27.010000 55.916548000000006 39.875 0
2025-07-10T19:43:28.010000 55.915451999999995 39.905 0
2025-07-10T19:43:29.010000 55.916548000000006 39.9375 0
2025-07-10T19:43:30.016000 55.915161224489786 39.9375 0
2025-07-10T19:43:31.010000 55.90229999999999 39.88 0
2025-07-10T19:43:32.010000 55.90229999999999 39.875 0
2025-07-10T19:43:33.010000 55.908672 39.875 0
2025-07-10T19:43:34.010000 55.9141 39.875 0
2025-07-10T19:43:35.010000 55.922523999999996 39.875 0
2025-07-10T19:43:36.010000 55.921276000000006 39.875 0
2025-07-10T19:43:37.010000 55.922523999999996 39.875 0
2025-07-10T19:43:38.010000 55.92970000000001 39.875 0
2025-07-10T19:43:39.011000 55.914904 39.875 16384
2025-07-10T19:43:40.010000 55.90229999999999 39.875 16384
2025-07-10T19:43:41.010000 55.917644 39.875 0
2025-07-10T19:43:42.010000 55.920964000000005 39.875 0
2025-07-10T19:43:43.010000 55.922836 39.89125 0
2025-07-10T19:43:44.010000 55.920964000000005 39.9375 0
2025-07-10T19:43:45.010000 55.907492000000005 39.9375 0
2025-07-10T19:43:46.010000 55.908908000000004 39.8925 0
2025-07-10T19:43:47.010000 55.9141 39.875 0
2025-07-10T19:43:48.010000 55.922836 39.875 0
2025-07-10T19:43:49.010000 55.938436 39.875 0
2025-07-10T19:43:50.010000 55.936252 39.875 0
2025-07-10T19:43:51.010000 55.920964000000005 39.875 0
2025-07-10T19:43:52.010000 55.923148 39.875 0
2025-07-10T19:43:53.010000 55.938748 39.875 0
2025-07-10T19:43:54.010000 55.936252 39.875 0
2025-07-10T19:43:55.010000 55.92970000000001 39.875 0
2025-07-10T19:43:56.010000 55.938748 39.875 0
2025-07-10T19:43:57.010000 55.936252 39.875 0
2025-07-10T19:43:58.010000 55.92065200000001 39.875 0
2025-07-10T19:43:59.010000 55.930324 39.875 0
2025-07-10T19:44:00.010000 55.94529999999999 39.875 0
2025-07-10T19:44:01.010000 55.94529999999999 39.875 0
2025-07-10T19:44:02.010000 55.94529999999999 39.875 0
2025-07-10T19:44:03.010000 55.937188000000006 39.875 0
2025-07-10T19:44:04.010000 55.937811999999994 39.875 16384
2025-07-10T19:44:05.010000 55.94529999999999 39.875 16384
2025-07-10T19:44:06.010000 55.953411999999986 39.875 16384
2025-07-10T19:44:07.010000 55.94405199999999 39.875 0
2025-07-10T19:44:08.010000 55.938123999999995 39.875 0
2025-07-10T19:44:09.010000 55.936876000000005 39.93375 0
2025-07-10T19:44:10.010000 55.938123999999995 39.9375 0
2025-07-10T19:44:11.010000 55.94529999999999 39.91125 0
2025-07-10T19:44:12.010000 55.94529999999999 39.875 0
2025-07-10T19:44:13.010000 55.953723999999994 39.875 0
2025-07-10T19:44:14.010000 55.952476000000004 39.875 0
2025-07-10T19:44:15.011000 55.94529999999999 39.875 0
2025-07-10T19:44:16.010000 55.94529999999999 39.875 0
2025-07-10T19:44:17.010000 55.94529999999999 39.875 0
2025-07-10T19:44:18.010000 55.94529999999999 39.875 0
2025-07-10T19:44:19.010000 55.936564 39.875 0
2025-07-10T19:44:20.010000 55.938436 39.875 0
2025-07-10T19:44:21.010000 55.954035999999995 39.875 0
2025-07-10T19:44:22.010000 55.9609 39.875 0
2025-07-10T19:44:23.010000 55.952164 39.875 0
2025-07-10T19:44:24.011000 55.94529999999999 39.875 0
2025-07-10T19:44:25.010000 55.954035999999995 39.875 0
2025-07-10T19:44:26.010000 55.952164 39.875 0
2025-07-10T19:44:27.010000 55.954035999999995 39.875 0
2025-07-10T19:44:28.010000 55.951852 39.875 0
2025-07-10T19:44:29.010000 55.95434799999999 39.875 0
2025-07-10T19:44:30.010000 55.951852 39.875 0
2025-07-10T19:44:31.010000 55.95434799999999 39.875 0
2025-07-10T19:44:32.011000 55.951852 39.875 0
2025-07-10T19:44:33.010000 55.94529999999999 39.875 0
2025-07-10T19:44:34.012000 55.936252 39.875 16384
2025-07-10T19:44:35.011000 55.947796 39.875 16384
2025-07-10T19:44:36.010000 55.951852 39.875 16384
2025-07-10T19:44:37.010000 55.937188000000006 39.875 16384
2025-07-10T19:44:38.010000 55.937811999999994 39.875 16384
2025-07-10T19:44:39.010000 55.937188000000006 39.90875 16384
2025-07-10T19:44:40.010000 55.937811999999994 39.9375 16384
2025-07-10T19:44:41.010000 55.929076 39.9375 16384
2025-07-10T19:44:42.010000 55.9141 39.9375 0
2025-07-10T19:44:43.010000 55.9141 39.9375 0
2025-07-10T19:44:44.010000 55.922523999999996 39.9375 0
2025-07-10T19:44:45.010000 55.92970000000001 39.9375 0
2025-07-10T19:44:46.010000 55.938123999999995 39.9375 0
2025-07-10T19:44:47.010000 55.936876000000005 39.87875 0
2025-07-10T19:44:48.015000 55.92970000000001 39.875 0
2025-07-10T19:44:49.011000 55.92970000000001 39.9 0
2025-07-10T19:44:50.010000 55.92970000000001 39.9375 0
2025-07-10T19:44:51.011000 55.921276000000006 39.9375 0
2025-07-10T19:44:52.010000 55.93094800000001 39.9375 16384
2025-07-10T19:44:53.010000 55.92845200000001 39.9375 16384
2025-07-10T19:44:54.010000 55.922836 39.91625 16384
2025-07-10T19:44:55.010000 55.920964000000005 39.875 0
2025-07-10T19:44:56.010000 55.931572 39.875 0
2025-07-10T19:44:57.010000 55.94529999999999 39.92375 0
2025-07-10T19:44:58.010000 55.936564 39.9375 0
2025-07-10T19:44:59.010000 55.92970000000001 39.9225 16384
2025-07-10T19:45:00.010000 55.920964000000005 39.875 16384
2025-07-10T19:45:01.010000 55.922836 39.875 16384
2025-07-10T19:45:02.010000 55.938436 39.92 0
2025-07-10T19:45:03.010000 55.936564 39.9375 0
2025-07-10T19:45:04.010000 55.92970000000001 39.9375 0
2025-07-10T19:45:05.010000 55.92065200000001 39.9375 16384
2025-07-10T19:45:06.010000 55.932196000000005 39.9375 16384
2025-07-10T19:45:07.010000 55.94529999999999 39.9375 0
2025-07-10T19:45:08.010000 55.936252 39.9375 0
2025-07-10T19:45:09.010000 55.947796 39.9375 0
2025-07-10T19:45:10.010000 55.942803999999995 39.9375 0
2025-07-10T19:45:11.010000 55.938748 39.9375 0
2025-07-10T19:45:12.010000 55.94529999999999 39.9375 0
2025-07-10T19:45:13.010000 55.936252 39.9375 0
2025-07-10T19:45:14.010000 55.938748 39.9375 0
2025-07-10T19:45:15.010000 55.94529999999999 39.9375 0
2025-07-10T19:45:16.010000 55.953411999999986 39.9375 0
2025-07-10T19:45:17.010000 55.952788 39.9375 0
2025-07-10T19:45:18.010000 55.953411999999986 39.9375 0
2025-07-10T19:45:19.010000 55.9609 39.9375 0
2025-07-10T19:45:20.010000 55.9609 39.9375 0
2025-07-10T19:45:21.010000 55.952788 39.9375 0
2025-07-10T19:45:22.010000 55.94529999999999 39.9375 0
2025-07-10T19:45:23.010000 55.945299999999996 39.9375 0
2025-07-10T19:45:24.010000 55.94529999999999 39.9375 0
2025-07-10T19:45:25.010000 55.962202000000005 39.9375 0
2025-07-10T19:45:26.010000 55.968122 39.9375 0
2025-07-10T19:45:27.010000 55.952476000000004 39.9375 0
2025-07-10T19:45:28.010000 55.953723999999994 39.9375 0
2025-07-10T19:45:29.010000 55.9609 39.9375 0
2025-07-10T19:45:30.010000 55.952476000000004 39.9375 0
2025-07-10T19:45:31.010000 55.953723999999994 39.9375 0
2025-07-10T19:45:32.010000 55.952164 39.9375 0
2025-07-10T19:45:33.010000 55.94529999999999 39.9375 0
2025-07-10T19:45:34.010000 55.94529999999999 39.9375 0
2025-07-10T19:45:35.010000 55.94529999999999 39.9375 0
2025-07-10T19:45:36.010000 55.94529999999999 39.9375 0
2025-07-10T19:45:37.010000 55.94529999999999 39.9375 0
2025-07-10T19:45:38.011000 55.94529999999999 39.9375 0
2025-07-10T19:45:39.011000 55.96282800000001 39.9375 0
2025-07-10T19:45:40.010000 55.959072000000006 39.9375 0
2025-07-10T19:45:41.010000 55.954035999999995 39.9375 0
2025-07-10T19:45:42.010000 55.969691999999995 39.9375 0
2025-07-10T19:45:43.010000 55.967493999999995 39.9375 0
2025-07-10T19:45:44.010000 55.970006000000005 39.9375 0
2025-07-10T19:45:45.010000 55.967493999999995 39.9375 0
2025-07-10T19:45:46.010000 55.951852 39.9375 0
2025-07-10T19:45:47.010000 55.94529999999999 39.9375 0
2025-07-10T19:45:48.010000 55.95434799999999 39.9375 0
2025-07-10T19:45:49.010000 55.9609 39.9375 0
2025-07-10T19:45:50.011000 55.970006000000005 39.9375 0
2025-07-10T19:45:51.010000 55.9766 39.9375 0
2025-07-10T19:45:52.010000 55.967493999999995 39.9375 0
2025-07-10T19:45:53.015000 55.969063999999996 39.9375 0
2025-07-10T19:45:54.010000 55.968436000000004 39.9375 0
2025-07-10T19:45:55.010000 55.9609 39.9375 0
2025-07-10T19:45:56.010000 55.969063999999996 39.9375 0
2025-07-10T19:45:57.010000 55.960324 39.9375 0
2025-07-10T19:45:58.010000 55.962202000000005 39.9375 0
2025-07-10T19:45:59.010000 55.9766 39.9375 0
2025-07-10T19:46:00.010000 55.9766 39.9375 0
2025-07-10T19:46:01.011000 55.9766 39.9375 0
2025-07-10T19:46:02.010000 55.9766 39.9375 0
2025-07-10T19:46:03.010000 55.9766 39.9375 0
2025-07-10T19:46:04.010000 55.968122 39.9375 0
2025-07-10T19:46:05.010000 55.9609 39.9375 0
2025-07-10T19:46:06.010000 55.9609 39.9375 0
2025-07-10T19:46:07.010000 55.9609 39.9375 0
2025-07-10T19:46:08.010000 55.9609 39.9375 0
2025-07-10T19:46:09.010000 55.97780199999999 39.9375 0
2025-07-10T19:46:10.010000 55.97467199999999 39.9375 0
2025-07-10T19:46:11.010000 55.9609 39.9375 0
2025-07-10T19:46:12.010000 55.9609 39.9375 0
2025-07-10T19:46:13.010000 55.969691999999995 39.9375 0
2025-07-10T19:46:14.010000 55.9766 39.9375 0
2025-07-10T19:46:15.010000 55.967808000000005 39.9375 0
2025-07-10T19:46:16.010000 55.952164 39.9375 0
2025-07-10T19:46:17.010000 55.954035999999995 39.9375 0
2025-07-10T19:46:18.010000 55.969691999999995 39.9375 0
2025-07-10T19:46:19.010000 55.9766 39.9375 0
2025-07-10T19:46:20.010000 55.967808000000005 39.9375 0
2025-07-10T19:46:21.010000 55.951852 39.9375 0
2025-07-10T19:46:22.010000 55.963454 39.9375 0
2025-07-10T19:46:23.010000 55.9766 39.9375 0
2025-07-10T19:46:24.010000 55.9766 39.9375 0
2025-07-10T19:46:25.010000 55.958446 39.9375 0
2025-07-10T19:46:26.010000 55.963454 39.9375 0
2025-07-10T19:46:27.010000 55.958446 39.9375 0
2025-07-10T19:46:28.010000 55.95434799999999 39.9375 0
2025-07-10T19:46:29.010000 55.9609 39.9375 0
2025-07-10T19:46:30.010000 55.9609 39.9375 0
2025-07-10T19:46:31.010000 55.969063999999996 39.9375 0
2025-07-10T19:46:32.010000 55.960324 39.9375 0
2025-07-10T19:46:33.010000 55.953723999999994 39.9375 0
2025-07-10T19:46:34.010000 55.952476000000004 39.9375 0
2025-07-10T19:46:35.010000 55.94529999999999 39.9375 0
2025-07-10T19:46:36.010000 55.936876000000005 39.9375 0
2025-07-10T19:46:37.010000 55.92970000000001 39.9375 0
2025-07-10T19:46:38.010000 55.921276000000006 39.9375 0
2025-07-10T19:46:39.010000 55.9141 39.9375 0
2025-07-10T19:46:40.013000 55.90783877551021 39.9375 0
2025-07-10T19:46:41.010000 55.90229999999999 39.9375 0
2025-07-10T19:46:42.010000 55.893876 39.9375 0
2025-07-10T19:46:43.010000 55.8867 39.9375 0
2025-07-10T19:46:44.010000 55.8867 39.9375 0
2025-07-10T19:46:45.010000 55.895123999999996 39.9375 0
2025-07-10T19:46:46.010000 55.893876 39.9375 16384
2025-07-10T19:46:47.010000 55.8867 39.9375 16384
2025-07-10T19:46:48.010000 55.8867 39.9375 16384
2025-07-10T19:46:49.010000 55.87796400000001 39.9375 0
2025-07-10T19:46:50.010000 55.871100000000006 39.9375 0
2025-07-10T19:46:51.010000 55.871100000000006 39.97125 0
2025-07-10T19:46:52.010000 55.862364 40.0 0
2025-07-10T19:46:53.010000 55.85549999999999 40.0 0
2025-07-10T19:46:54.010000 55.85549999999999 39.9375 0
2025-07-10T19:46:55.010000 55.864236 39.9375 0
2025-07-10T19:46:56.010000 55.8711 39.9375 0
2025-07-10T19:46:57.010000 55.862364 39.9375 0
2025-07-10T19:46:58.010000 55.85549999999999 39.9375 0
2025-07-10T19:46:59.010000 55.84639399999999 39.9375 0
2025-07-10T19:47:00.010000 55.83979999999999 39.9375 0
2025-07-10T19:47:01.010000 55.848906 39.9625 0
2025-07-10T19:47:02.010000 55.85549999999999 40.0 0
2025-07-10T19:47:03.010000 55.85549999999999 40.0 0
2025-07-10T19:47:04.010000 55.864548000000006 39.94625 0
2025-07-10T19:47:05.010000 55.862052000000006 39.9375 0
2025-07-10T19:47:06.010000 55.83761428571428 39.9375 0
2025-07-10T19:47:07.010000 55.84245833333333 39.9375 0
2025-07-10T19:47:08.011000 55.84639399999999 39.9375 0
2025-07-10T19:47:09.010000 55.848906 39.9375 0
2025-07-10T19:47:10.010000 55.85549999999999 39.9375 0
2025-07-10T19:47:11.010000 55.84702199999999 39.9525 0
2025-07-10T19:47:12.010000 55.83979999999999 40.0 0
2025-07-10T19:47:13.010000 55.848278 40.0 0
2025-07-10T19:47:14.010000 55.85549999999999 39.95625 0
2025-07-10T19:47:15.010000 55.85549999999999 39.9375 0
2025-07-10T19:47:16.010000 55.85549999999999 39.9375 0
2025-07-10T19:47:17.010000 55.85549999999999 39.9375 0
2025-07-10T19:47:18.010000 55.85549999999999 39.9375 0
2025-07-10T19:47:19.010000 55.838598000000005 39.9375 0
2025-07-10T19:47:20.010000 55.8242 39.9375 0
2025-07-10T19:47:21.010000 55.832623999999996 39.9375 0
2025-07-10T19:47:22.010000 55.831376 39.9375 0
2025-07-10T19:47:23.010000 55.8242 39.9375 0
2025-07-10T19:47:24.010000 55.832623999999996 39.9375 16384
2025-07-10T19:47:25.010000 55.848278 39.9375 16384
2025-07-10T19:47:26.010000 55.85549999999999 39.9375 16384
2025-07-10T19:47:27.010000 55.83797200000001 39.9375 16384
2025-07-10T19:47:28.010000 55.83293599999999 39.9375 16384
2025-07-10T19:47:29.010000 55.83979999999999 39.9675 16384
2025-07-10T19:47:30.012000 55.831064000000005 40.0 0
2025-07-10T19:47:31.010000 55.8242 40.0 0
2025-07-10T19:47:32.010000 55.841728 40.0 16384
2025-07-10T19:47:33.010000 55.864236 40.0 16384
2025-07-10T19:47:34.010000 55.862364 39.975 0
2025-07-10T19:47:35.010000 55.87297200000001 39.9375 0
2025-07-10T19:47:36.010000 55.868604000000005 39.9375 0
2025-07-10T19:47:37.010000 55.85549999999999 39.99125 0
2025-07-10T19:47:38.010000 55.864548000000006 40.0 0
2025-07-10T19:47:39.010000 55.871100000000006 39.98 16384
2025-07-10T19:47:40.010000 55.871100000000006 39.9375 16384
2025-07-10T19:47:41.010000 55.862052000000006 39.9375 16384
2025-07-10T19:47:42.010000 55.864548000000006 39.98625 0
2025-07-10T19:47:43.011000 55.862052000000006 40.0 0
2025-07-10T19:47:44.011000 55.864548000000006 40.0 0
2025-07-10T19:47:45.010000 55.852946 40.0 16384
2025-07-10T19:47:46.010000 55.83979999999999 40.0 16384
2025-07-10T19:47:47.010000 55.83979999999999 39.95875 0
2025-07-10T19:47:48.010000 55.83979999999999 39.9375 0
2025-07-10T19:47:49.011000 55.848278 39.945 0
2025-07-10T19:47:50.010000 55.84702199999999 40.0 0
2025-07-10T19:47:51.010000 55.856702000000006 40.0 0
2025-07-10T19:47:52.010000 55.862676 40.0 16384
2025-07-10T19:47:53.010000 55.85549999999999 40.0 16384
2025-07-10T19:47:54.010000 55.838598000000005 40.0 16384
2025-07-10T19:47:55.010000 55.832623999999996 40.0 0
2025-07-10T19:47:56.010000 55.831376 40.0 0
2025-07-10T19:47:57.010000 55.832623999999996 40.0 0
2025-07-10T19:47:58.010000 55.82295200000001 40.0 0
2025-07-10T19:47:59.010000 55.825447999999994 40.0 0
2025-07-10T19:48:00.010000 55.83979999999999 40.0 0
2025-07-10T19:48:01.015000 55.83979999999999 40.0 0
2025-07-10T19:48:02.010000 55.82295200000001 39.97125 0
2025-07-10T19:48:03.010000 55.825447999999994 39.9375 0
2025-07-10T19:48:04.010000 55.83979999999999 39.9375 0
2025-07-10T19:48:05.010000 55.831064000000005 39.99625 0
2025-07-10T19:48:06.010000 55.83293599999999 40.0 0
2025-07-10T19:48:07.010000 55.848592 40.0 16384
2025-07-10T19:48:08.010000 55.85549999999999 40.0 16384
2025-07-10T19:48:09.010000 55.83797200000001 40.0 16384
2025-07-10T19:48:10.010000 55.841728 40.0 0
2025-07-10T19:48:11.010000 55.83797200000001 40.0 0
2025-07-10T19:48:12.010000 55.833248 40.0 0
2025-07-10T19:48:13.010000 55.830752000000004 40.0 0
2025-07-10T19:48:14.010000 55.833248 40.0 0
2025-07-10T19:48:15.010000 55.848906 40.0 0
2025-07-10T19:48:16.010000 55.85549999999999 40.0 0
2025-07-10T19:48:17.010000 55.85549999999999 40.0 0
2025-07-10T19:48:18.010000 55.864732653061225 40.0 0
2025-07-10T19:48:19.010000 55.852946 40.0 0
2025-07-10T19:48:20.010000 55.848906 40.0 0
2025-07-10T19:48:21.011000 55.864548000000006 40.0 0
2025-07-10T19:48:22.010000 55.852946 40.0 0
2025-07-10T19:48:23.010000 55.84922 40.0 0
2025-07-10T19:48:24.010000 55.85549999999999 40.0 0
2025-07-10T19:48:25.010000 55.864732653061225 40.0 0
2025-07-10T19:48:26.010000 55.86282244897959 40.0 0
2025-07-10T19:48:27.010000 55.85549999999999 40.0 0
2025-07-10T19:48:28.010000 55.863924000000004 40.0 0
2025-07-10T19:48:29.010000 55.871100000000006 40.0 0
2025-07-10T19:48:30.010000 55.871100000000006 40.0 0
2025-07-10T19:48:31.010000 55.879524 40.0 0
2025-07-10T19:48:32.011000 55.87827600000001 40.0 0
2025-07-10T19:48:33.010000 55.879524 40.0 0
2025-07-10T19:48:34.010000 55.8867 40.0 0
2025-07-10T19:48:35.010000 55.87827600000001 40.0 0
2025-07-10T19:48:36.010000 55.871100000000006 40.0 0
2025-07-10T19:48:37.010000 55.862676 40.0 0
2025-07-10T19:48:38.010000 55.872348 40.0 0
2025-07-10T19:48:39.010000 55.8867 40.0 0
2025-07-10T19:48:40.010000 55.8867 40.0 0
2025-07-10T19:48:41.010000 55.8867 40.0 0
2025-07-10T19:48:42.010000 55.8867 40.0 0
2025-07-10T19:48:43.010000 55.89543599999999 40.0 0
2025-07-10T19:48:44.010000 55.908908000000004 40.0 0
2025-07-10T19:48:45.010000 55.89875599999999 40.0 0
2025-07-10T19:48:46.010000 55.8867 40.0 0
2025-07-10T19:48:47.010000 55.8867 40.0 0
2025-07-10T19:48:48.011000 55.89543599999999 40.0 0
2025-07-10T19:48:49.010000 55.893252000000004 40.0 0
2025-07-10T19:48:50.010000 55.895748 40.0 0
2025-07-10T19:48:51.010000 55.90229999999999 40.0 0
2025-07-10T19:48:52.010000 55.893252000000004 40.0 0
2025-07-10T19:48:53.029000 55.895748 40.0 0
2025-07-10T19:48:54.010000 55.90229999999999 40.0 0
2025-07-10T19:48:55.010000 55.90229999999999 40.0 0
2025-07-10T19:48:56.010000 55.893252000000004 40.0 0
2025-07-10T19:48:57.017000 55.8867 40.0 0
2025-07-10T19:48:58.010000 55.895748 40.0 0
2025-07-10T19:48:59.010000 55.90229999999999 40.0 0
2025-07-10T19:49:00.010000 55.893252000000004 40.0 0
2025-07-10T19:49:01.010000 55.8867 40.0 0
2025-07-10T19:49:02.010000 55.89606 40.0 0
2025-07-10T19:49:03.010000 55.91885416666667 40.0 0
2025-07-10T19:49:04.010000 55.921104081632656 40.0 0
2025-07-10T19:49:05.010000 55.9141 40.0 0
2025-07-10T19:49:06.010000 55.9141 40.0 0
2025-07-10T19:49:07.010000 55.922523999999996 40.0 0
2025-07-10T19:49:08.010000 55.921276000000006 40.0 0
2025-07-10T19:49:09.010000 55.9141 40.0 0
2025-07-10T19:49:10.010000 55.922523999999996 40.0 0
2025-07-10T19:49:11.010000 55.921276000000006 40.0 16384
2025-07-10T19:49:12.010000 55.922523999999996 40.0 16384
2025-07-10T19:49:13.010000 55.92970000000001 40.0 16384
2025-07-10T19:49:14.010000 55.914858333333335 40.0 0
2025-07-10T19:49:15.010000 55.908802040816326 40.0 0
2025-07-10T19:49:16.010000 55.9141 40.05125 0
2025-07-10T19:49:17.010000 55.907492000000005 40.0625 0
2025-07-10T19:49:18.010000 55.908908000000004 40.04375 0
2025-07-10T19:49:19.010000 55.9141 40.0 0
2025-07-10T19:49:20.010000 55.907492000000005 40.0 0
2025-07-10T19:49:21.010000 55.908908000000004 40.0 0
2025-07-10T19:49:22.010000 55.9141 40.0 0
2025-07-10T19:49:23.010000 55.922836 40.0 0
2025-07-10T19:49:24.010000 55.90562 40.0 0
2025-07-10T19:49:25.010000 55.902592000000006 40.0 0
2025-07-10T19:49:26.010000 55.907492000000005 40.0 0
2025-07-10T19:49:27.010000 55.918192 40.0 0
2025-07-10T19:49:28.011000 55.92970000000001 40.0 0
2025-07-10T19:49:29.010000 55.92065200000001 40.0 0
2025-07-10T19:49:30.010000 55.907256 40.0 0
2025-07-10T19:49:31.010000 55.909144 40.0 0
2025-07-10T19:49:32.010000 55.907256 40.0 0
2025-07-10T19:49:33.010000 55.90229999999999 40.0 0
2025-07-10T19:49:34.011000 55.893252000000004 40.0 0
2025-07-10T19:49:35.010000 55.895748 40.0 0
2025-07-10T19:49:36.010000 55.90229999999999 40.0 0
2025-07-10T19:49:37.010000 55.90952448979593 40.0 0
2025-07-10T19:49:38.010000 55.9141 40.0 0
2025-07-10T19:49:39.011000 55.897659999999995 40.0 0
2025-07-10T19:49:40.011000 55.89606 40.0 0
2025-07-10T19:49:41.010000 55.892939999999996 40.0 0
2025-07-10T19:49:42.010000 55.90149600000001 40.0 0
2025-07-10T19:49:43.011000 55.922523999999996 40.0 0
2025-07-10T19:49:44.010000 55.914904 40.0 16384
2025-07-10T19:49:45.010000 55.893876 40.0 16384
2025-07-10T19:49:46.010000 55.8867 40.0 16384
2025-07-10T19:49:47.010000 55.90149600000001 40.0 0
2025-07-10T19:49:48.010000 55.9141 40.0 0
2025-07-10T19:49:49.010000 55.922523999999996 40.0525 0
2025-07-10T19:49:50.015000 55.914904 40.0625 0
2025-07-10T19:49:51.010000 55.908672 40.0425 0
2025-07-10T19:49:52.010000 55.9141 40.0 0
2025-07-10T19:49:53.010000 55.9141 40.0 0
2025-07-10T19:49:54.010000 55.922836 40.0 0
2025-07-10T19:49:55.010000 55.91435599999999 40.0 0
2025-07-10T19:49:56.010000 55.90229999999999 40.0 0
2025-07-10T19:49:57.010000 55.917644 40.0 0
2025-07-10T19:49:58.010000 55.91435599999999 40.0 0
2025-07-10T19:49:59.011000 55.908908000000004 40.04375 16384
2025-07-10T19:50:00.010000 55.89875599999999 40.0625 16384
2025-07-10T19:50:01.010000 55.902044000000004 40.0525 16384
2025-07-10T19:50:02.010000 55.907256 40.0 0
2025-07-10T19:50:03.010000 55.909144 40.0 0
2025-07-10T19:50:04.010000 55.907256 40.03875 0
2025-07-10T19:50:05.010000 55.909144 40.0625 0
2025-07-10T19:50:06.010000 55.9141 40.0575 0
2025-07-10T19:50:07.010000 55.9141 40.0 16384
2025-07-10T19:50:08.010000 55.9141 40.0 16384
2025-07-10T19:50:09.011000 55.9141 40.03375 16384
2025-07-10T19:50:10.010000 55.9141 40.0625 0
2025-07-10T19:50:11.011000 55.898208 40.0625 0
2025-07-10T19:50:12.011000 55.895748 40.0625 0
2025-07-10T19:50:13.010000 55.90229999999999 40.0625 0
2025-07-10T19:50:14.010000 55.91874 40.0625 0
2025-07-10T19:50:15.010000 55.92970000000001 40.0625 0
2025-07-10T19:50:16.010000 55.92970000000001 40.0625 0
2025-07-10T19:50:17.010000 55.92034 40.005 0
2025-07-10T19:50:18.010000 55.92346 40.0 0
2025-07-10T19:50:19.010000 55.9206 40.0234375 0
2025-07-10T19:50:20.010000 55.92269591836734 40.0625 0
2025-07-10T19:50:21.010000 55.92970000000001 40.0625 0
2025-07-10T19:50:22.010000 55.92970000000001 40.01125 16384
2025-07-10T19:50:23.010000 55.921276000000006 40.0 16384
2025-07-10T19:50:24.010000 55.922523999999996 40.0 16384
2025-07-10T19:50:25.010000 55.92970000000001 40.0 0
2025-07-10T19:50:26.010000 55.929700000000004 40.0 0
2025-07-10T19:50:27.011000 55.938295918367345 40.047193877551024 16384
2025-07-10T19:50:28.010000 55.927828000000005 40.0625 16384
2025-07-10T19:50:29.010000 55.931572 40.0625 16384
2025-07-10T19:50:30.011000 55.94529999999999 40.0625 16384
2025-07-10T19:50:31.010000 55.927828000000005 40.0625 16384
2025-07-10T19:50:32.011000 55.931572 40.0625 0
2025-07-10T19:50:33.010000 55.936564 40.0625 0
2025-07-10T19:50:34.010000 55.92970000000001 40.0625 0
2025-07-10T19:50:35.010000 55.938436 40.0625 0
2025-07-10T19:50:36.010000 55.94529999999999 40.0625 0
2025-07-10T19:50:37.010000 55.936564 40.0625 0
2025-07-10T19:50:38.011000 55.920964000000005 40.0625 0
2025-07-10T19:50:39.010000 55.923148 40.0625 0
2025-07-10T19:50:40.010000 55.938748 40.0625 0
2025-07-10T19:50:41.010000 55.927204 40.0625 0
2025-07-10T19:50:42.010000 55.923148 40.0625 0
2025-07-10T19:50:43.011000 55.92970000000001 40.0625 0
2025-07-10T19:50:44.010000 55.92970000000001 40.0625 0
2025-07-10T19:50:45.012000 55.947796 40.0625 0
2025-07-10T19:50:46.010000 55.951852 40.0625 0
2025-07-10T19:50:47.010000 55.94529999999999 40.0625 0
2025-07-10T19:50:48.010000 55.95434799999999 40.0625 0
2025-07-10T19:50:49.010000 55.95154 40.0625 0
2025-07-10T19:50:50.010000 55.93594000000001 40.0625 0
2025-07-10T19:50:51.010000 55.93905999999999 40.0625 0
2025-07-10T19:50:52.010000 55.94529999999999 40.0625 0
2025-07-10T19:50:53.010000 55.93587500000001 40.0625 0
2025-07-10T19:50:54.010000 55.92970000000001 40.0625 0
2025-07-10T19:50:55.010000 55.93905999999999 40.0625 0
2025-07-10T19:50:56.010000 55.94529999999999 40.0625 0
2025-07-10T19:50:57.010000 55.94529999999999 40.0625 0
2025-07-10T19:50:58.010000 55.93594000000001 40.0625 0
2025-07-10T19:50:59.010000 55.938123999999995 40.0625 0
2025-07-10T19:51:00.010000 55.94529999999999 40.0625 0
2025-07-10T19:51:01.010000 55.94529999999999 40.0625 0
2025-07-10T19:51:02.010000 55.94529999999999 40.0625 0
2025-07-10T19:51:03.011000 55.94529999999999 40.0625 0
2025-07-10T19:51:04.010000 55.94529999999999 40.0625 0
2025-07-10T19:51:05.010000 55.936564 40.0625 0
2025-07-10T19:51:06.010000 55.92970000000001 40.0625 0
2025-07-10T19:51:07.011000 55.947171999999995 40.0625 0
2025-07-10T19:51:08.010000 55.952164 40.0625 0
2025-07-10T19:51:09.010000 55.94529999999999 40.0625 0
2025-07-10T19:51:10.010000 55.936564 40.0625 0
2025-07-10T19:51:11.010000 55.92970000000001 40.0625 0
2025-07-10T19:51:12.010000 55.92970000000001 40.0625 0
2025-07-10T19:51:13.010000 55.92970000000001 40.0625 0
2025-07-10T19:51:14.010000 55.938436 40.0625 0
2025-07-10T19:51:15.010000 55.936564 40.0625 0
2025-07-10T19:51:16.010000 55.938748 40.0625 0
2025-07-10T19:51:17.010000 55.94529999999999 40.0625 0
2025-07-10T19:51:18.010000 55.94529999999999 40.0625 0
2025-07-10T19:51:19.010000 55.95434799999999 40.0625 0
2025-07-10T19:51:20.010000 55.9609 40.0625 0
2025-07-10T19:51:21.011000 55.9609 40.0625 0
2025-07-10T19:51:22.010000 55.9609 40.0625 0
2025-07-10T19:51:23.010000 55.951852 40.0625 0
2025-07-10T19:51:24.010000 55.95434799999999 40.0625 0
2025-07-10T19:51:25.010000 55.9609 40.0625 0
2025-07-10T19:51:26.010000 55.9609 40.0625 0
2025-07-10T19:51:27.010000 55.95154 40.0625 0
2025-07-10T19:51:28.010000 55.95466 40.0625 0
2025-07-10T19:51:29.010000 55.95154 40.0625 0
2025-07-10T19:51:30.010000 55.95466 40.0625 0
2025-07-10T19:51:31.010000 55.9701918367347 40.0625 0
2025-07-10T19:51:32.010000 55.95768958333334 40.0625 0
2025-07-10T19:51:33.010000 55.94529999999999 40.0625 0
2025-07-10T19:51:34.010000 55.95466 40.0625 0
2025-07-10T19:51:35.010000 55.9609 40.0625 0
2025-07-10T19:51:36.010000 55.9609 40.0625 0
2025-07-10T19:51:37.010000 55.9609 40.0625 0
2025-07-10T19:51:38.010000 55.9609 40.0625 0
2025-07-10T19:51:39.010000 55.9609 40.0625 0
2025-07-10T19:51:40.010000 55.952476000000004 40.0625 0
2025-07-10T19:51:41.010000 55.94529999999999 40.0625 0
2025-07-10T19:51:42.010000 55.953723999999994 40.0625 0
2025-07-10T19:51:43.010000 55.9609 40.0625 0
2025-07-10T19:51:44.010000 55.9609 40.0625 0
2025-07-10T19:51:45.010000 55.9609 40.0625 0
2025-07-10T19:51:46.010000 55.9609 40.0625 0
2025-07-10T19:51:47.010000 55.9609 40.0625 0
2025-07-10T19:51:48.010000 55.9609 40.0625 0
2025-07-10T19:51:49.010000 55.952164 40.0625 0
2025-07-10T19:51:50.010000 55.94529999999999 40.0625 0
2025-07-10T19:51:51.010000 55.954035999999995 40.0625 0
2025-07-10T19:51:52.010000 55.9609 40.0625 0
2025-07-10T19:51:53.010000 55.9609 40.0625 0
2025-07-10T19:51:54.010000 55.9609 40.0625 0
2025-07-10T19:51:55.010000 55.9609 40.0625 0
2025-07-10T19:51:56.010000 55.9609 40.0625 0
2025-07-10T19:51:57.010000 55.942699999999995 40.0625 0
2025-07-10T19:51:58.011000 55.95690200000001 40.0625 0
2025-07-10T19:51:59.010000 55.958446 40.0625 0
2025-07-10T19:52:00.010000 55.95434799999999 40.0625 0
2025-07-10T19:52:01.011000 55.951852 40.0625 0
2025-07-10T19:52:02.010000 55.936252 40.0625 0
2025-07-10T19:52:03.010000 55.92970000000001 40.0625 0
2025-07-10T19:52:04.010000 55.93905999999999 40.0625 16384
2025-07-10T19:52:05.010000 55.94529999999999 40.0625 16384
2025-07-10T19:52:06.010000 55.93594000000001 40.0625 16384
2025-07-10T19:52:07.010000 55.92970000000001 40.0625 0
2025-07-10T19:52:08.010000 55.920275000000004 40.07421875 0
2025-07-10T19:52:09.010000 55.932820000000014 40.125 0
2025-07-10T19:52:10.010000 55.94529999999999 40.125 0
2025-07-10T19:52:11.010000 55.95466 40.08375 0
2025-07-10T19:52:12.011000 55.951852 40.0625 0
2025-07-10T19:52:13.010000 55.92658 40.0625 0
2025-07-10T19:52:14.010000 55.92346 40.0625 0
2025-07-10T19:52:15.010000 55.921276000000006 40.0625 0
2025-07-10T19:52:16.011000 55.9141 40.0625 0
2025-07-10T19:52:17.011000 55.9141 40.0625 0
2025-07-10T19:52:18.010000 55.9141 40.0625 0
2025-07-10T19:52:19.010000 55.907728000000006 40.12375 0
2025-07-10T19:52:20.010000 55.893876 40.125 0
2025-07-10T19:52:21.010000 55.89543599999999 40.09625 0
2025-07-10T19:52:22.028000 55.90229999999999 40.0625 0
2025-07-10T19:52:23.010000 55.908908000000004 40.0625 0
2025-07-10T19:52:24.010000 55.907492000000005 40.0625 0
2025-07-10T19:52:25.010000 55.90229999999999 40.0625 0
2025-07-10T19:52:26.010000 55.90229999999999 40.0625 0
2025-07-10T19:52:27.010000 55.893564000000005 40.0625 16384
2025-07-10T19:52:28.016000 55.89543599999999 40.0625 16384
2025-07-10T19:52:29.010000 55.908908000000004 40.0625 16384
2025-07-10T19:52:30.010000 55.9141 40.0625 16384
2025-07-10T19:52:31.010000 55.9141 40.07875 16384
2025-07-10T19:52:32.010000 55.907256 40.125 0
2025-07-10T19:52:33.010000 55.909144 40.125 0
2025-07-10T19:52:34.010000 55.898208 40.125 16384
2025-07-10T19:52:35.010000 55.902592000000006 40.125 16384
2025-07-10T19:52:36.010000 55.898208 40.1175 16384
2025-07-10T19:52:37.010000 55.8867 40.0625 0
2025-07-10T19:52:38.010000 55.8867 40.0625 0
2025-07-10T19:52:39.010000 55.8867 40.09875 0
2025-07-10T19:52:40.010000 55.877652000000005 40.125 0
2025-07-10T19:52:41.010000 55.880148 40.12375 0
2025-07-10T19:52:42.010000 55.877340000000004 40.0625 0
2025-07-10T19:52:43.010000 55.88046 40.0625 0
2025-07-10T19:52:44.010000 55.877340000000004 40.0625 0
2025-07-10T19:52:45.010000 55.871100000000006 40.0625 0
2025-07-10T19:52:46.010000 55.871100000000006 40.0625 0
2025-07-10T19:52:47.010000 55.85232 40.0625 0
2025-07-10T19:52:48.010000 55.85858 40.0625 0
2025-07-10T19:52:49.010000 55.86174 40.08875 0
2025-07-10T19:52:50.010000 55.84607999999999 40.125 16384
2025-07-10T19:52:51.010000 55.830439999999996 40.125 16384
2025-07-10T19:52:52.010000 55.83356 40.0725 16384
2025-07-10T19:52:53.010000 55.831376 40.0625 16384
2025-07-10T19:52:54.010000 55.8242 40.08125 16384
2025-07-10T19:52:55.015000 55.81577600000001 40.125 0
2025-07-10T19:52:56.010000 55.808600000000006 40.125 0
2025-07-10T19:52:57.010000 55.808600000000006 40.125 16384
2025-07-10T19:52:58.010000 55.817024 40.125 16384
2025-07-10T19:52:59.010000 55.808912 40.125 16384
2025-07-10T19:53:00.010000 55.80345200000001 40.125 0
2025-07-10T19:53:01.011000 55.80204799999999 40.125 0
2025-07-10T19:53:02.010000 55.80345200000001 40.125 0
2025-07-10T19:53:03.011000 55.793256 40.125 0
2025-07-10T19:53:04.010000 55.789992000000005 40.125 0
2025-07-10T19:53:05.010000 55.788108 40.125 0
2025-07-10T19:53:06.010000 55.772464 40.125 0
2025-07-10T19:53:07.011000 55.75682499999999 40.0859375 0
2025-07-10T19:53:08.010000 55.7589142857143 40.0625 0
2025-07-10T19:53:09.010000 55.774336000000005 40.0675 0
2025-07-10T19:53:10.010000 55.790306 40.125 0
2025-07-10T19:53:11.010000 55.778746 40.125 0
2025-07-10T19:53:12.010000 55.76559999999999 40.125 16384
2025-07-10T19:53:13.010000 55.76559999999999 40.125 16384
2025-07-10T19:53:14.010000 55.75655199999999 40.125 16384
2025-07-10T19:53:15.010000 55.759048 40.125 0
2025-07-10T19:53:16.010000 55.76559999999999 40.125 0
2025-07-10T19:53:17.010000 55.774648 40.125 0
2025-07-10T19:53:18.010000 55.76273469387755 40.125 0
2025-07-10T19:53:19.010000 55.76809600000001 40.125 0
2025-07-10T19:53:20.010000 55.772152 40.0675 0
2025-07-10T19:53:21.010000 55.75624 40.0625 0
2025-07-10T19:53:22.010000 55.75936000000001 40.0875 0
2025-07-10T19:53:23.010000 55.76559999999999 40.125 0
2025-07-10T19:53:24.010000 55.75624 40.125 0
2025-07-10T19:53:25.010000 55.75 40.125 16384
2025-07-10T19:53:26.010000 55.75 40.125 16384
2025-07-10T19:53:27.010000 55.75 40.125 16384
2025-07-10T19:53:28.010000 55.74063999999999 40.125 0
2025-07-10T19:53:29.010000 55.73440000000001 40.125 0
2025-07-10T19:53:30.010000 55.74376 40.125 0
2025-07-10T19:53:31.011000 55.741575999999995 40.125 0
2025-07-10T19:53:32.010000 55.742824 40.125 0
2025-07-10T19:53:33.010000 55.741575999999995 40.125 0
2025-07-10T19:53:34.010000 55.74313600000001 40.125 0
2025-07-10T19:53:35.010000 55.741263999999994 40.125 0
2025-07-10T19:53:36.010000 55.73440000000001 40.125 0
2025-07-10T19:53:37.010000 55.73440000000001 40.125 0
2025-07-10T19:53:38.010000 55.73440000000001 40.125 0
2025-07-10T19:53:39.011000 55.73440000000001 40.125 0
2025-07-10T19:53:40.010000 55.73440000000001 40.125 0
2025-07-10T19:53:41.010000 55.73440000000001 40.125 0
2025-07-10T19:53:42.010000 55.74313600000001 40.125 0
2025-07-10T19:53:43.010000 55.741263999999994 40.125 0
2025-07-10T19:53:44.010000 55.74313600000001 40.125 0
2025-07-10T19:53:45.010000 55.75 40.125 0
2025-07-10T19:53:46.010000 55.741263999999994 40.125 0
2025-07-10T19:53:47.010000 55.751872000000006 40.125 0
2025-07-10T19:53:48.010000 55.747504 40.125 0
2025-07-10T19:53:49.010000 55.752496 40.125 0
2025-07-10T19:53:50.010000 55.75655199999999 40.125 0
2025-07-10T19:53:51.010000 55.740952 40.125 0
2025-07-10T19:53:52.010000 55.74344800000001 40.125 0
2025-07-10T19:53:53.010000 55.740952 40.125 0
2025-07-10T19:53:54.010000 55.74344800000001 40.125 0
2025-07-10T19:53:55.012000 55.759048 40.125 0
2025-07-10T19:53:56.010000 55.76559999999999 40.125 0
2025-07-10T19:53:57.010000 55.774648 40.125 0
2025-07-10T19:53:58.010000 55.781200000000005 40.125 0
2025-07-10T19:53:59.010000 55.77183999999999 40.125 0
2025-07-10T19:54:00.010000 55.75624 40.125 0
2025-07-10T19:54:01.010000 55.76872000000001 40.125 0
2025-07-10T19:54:02.010000 55.76248 40.125 0
2025-07-10T19:54:03.010000 55.75 40.125 0
2025-07-10T19:54:04.010000 55.75 40.125 0
2025-07-10T19:54:05.011000 55.75910000000001 40.125 0
2025-07-10T19:54:06.010000 55.756367346938774 40.125 0
2025-07-10T19:54:07.010000 55.76872000000001 40.125 0
2025-07-10T19:54:08.010000 55.781200000000005 40.125 0
2025-07-10T19:54:09.010000 55.781200000000005 40.125 0
2025-07-10T19:54:10.012000 55.772464 40.125 0
2025-07-10T19:54:11.010000 55.774024 40.125 0
2025-07-10T19:54:12.010000 55.77277599999999 40.125 0
2025-07-10T19:54:13.012000 55.76559999999999 40.125 0
2025-07-10T19:54:14.010000 55.76559999999999 40.125 0
2025-07-10T19:54:15.010000 55.76559999999999 40.125 0
2025-07-10T19:54:16.010000 55.76559999999999 40.125 0
2025-07-10T19:54:17.018000 55.774336000000005 40.125 0
2025-07-10T19:54:18.010000 55.78970416666666 40.125 0
2025-07-10T19:54:19.010000 55.78824897959184 40.125 0
2025-07-10T19:54:20.010000 55.789992000000005 40.125 0
2025-07-10T19:54:21.010000 55.788108 40.125 0
2025-07-10T19:54:22.010000 55.7812 40.125 0
2025-07-10T19:54:23.002000 55.7812 40.125 0
2025-07-10T19:54:24.010000 55.789992000000005 40.125 0
2025-07-10T19:54:25.010000 55.788108 40.125 0
2025-07-10T19:54:26.010000 55.772152 40.125 0
2025-07-10T19:54:27.010000 55.78348571428572 40.125 0
2025-07-10T19:54:28.032000 55.78774166666667 40.125 0
2025-07-10T19:54:29.010000 55.781200000000005 40.125 0
2025-07-10T19:54:30.010000 55.790306 40.125 0
2025-07-10T19:54:31.010000 55.760650000000005 40.125 0
2025-07-10T19:54:32.010000 55.752496 40.125 0
2025-07-10T19:54:33.010000 55.76559999999999 40.125 0
2025-07-10T19:54:34.010000 55.76559999999999 40.125 0
2025-07-10T19:54:35.010000 55.75624 40.125 0
2025-07-10T19:54:36.024000 55.74063999999999 40.125 0
2025-07-10T19:54:37.010000 55.73440000000001 40.125 0
2025-07-10T19:54:38.010000 55.71562 40.125 0
2025-07-10T19:54:39.010000 55.70309999999999 40.125 0
2025-07-10T19:54:40.010000 55.71252 40.125 0
2025-07-10T19:54:41.010000 55.70938 40.125 0
2025-07-10T19:54:42.010000 55.69374 40.125 0
2025-07-10T19:54:43.010000 55.67112 40.125 0
2025-07-10T19:54:44.010000 55.66020000000001 40.125 0
2025-07-10T19:54:45.010000 55.66020000000001 40.125 0
2025-07-10T19:54:46.010000 55.66020000000001 40.125 0
2025-07-10T19:54:47.010000 55.668935999999995 40.125 0
2025-07-10T19:54:48.010000 55.682352 40.125 0
2025-07-10T19:54:49.013000 55.663419999999995 40.125 0
2025-07-10T19:54:50.010000 55.64450000000001 40.125 0
2025-07-10T19:54:51.010000 55.64450000000001 40.125 0
2025-07-10T19:54:52.010000 55.635764 40.125 0
2025-07-10T19:54:53.010000 55.628899999999994 40.125 0
2025-07-10T19:54:54.010000 55.637636 40.125 0
2025-07-10T19:54:55.010000 55.635764 40.125 0
2025-07-10T19:54:56.010000 55.64642799999999 40.125 0
2025-07-10T19:54:57.010000 55.651408 40.125 0
2025-07-10T19:54:58.010000 55.64450000000001 40.125 0
2025-07-10T19:54:59.010000 55.65329200000001 40.125 0
2025-07-10T19:55:00.010000 55.64267199999999 40.125 0
2025-07-10T19:55:01.010000 55.637947999999994 40.125 16384
2025-07-10T19:55:02.010000 55.65360600000001 40.125 16384
2025-07-10T19:55:03.010000 55.651094 40.125 16384
2025-07-10T19:55:04.010000 55.64450000000001 40.125 0
2025-07-10T19:55:05.010000 55.64450000000001 40.125 0
2025-07-10T19:55:06.010000 55.64450000000001 40.1475 0
2025-07-10T19:55:07.010000 55.65360600000001 40.1875 0
2025-07-10T19:55:08.011000 55.669247999999996 40.1875 0
2025-07-10T19:55:09.010000 55.6758 40.1375 0
2025-07-10T19:55:10.010000 55.6758 40.125 0
2025-07-10T19:55:11.010000 55.666752 40.125 0
2025-07-10T19:55:12.010000 55.669560000000004 40.125 0
2025-07-10T19:55:13.010000 55.6758 40.125 0
2025-07-10T19:55:14.010000 55.6758 40.125 16384
2025-07-10T19:55:15.010000 55.68282 40.125 16384
2025-07-10T19:55:16.010000 55.680479999999996 40.125 16384
2025-07-10T19:55:17.010000 55.6758 40.125 0
2025-07-10T19:55:18.010000 55.68282 40.125 0
2025-07-10T19:55:19.010000 55.6875 40.165 0
2025-07-10T19:55:20.010000 55.6875 40.1875 0
2025-07-10T19:55:21.010000 55.69717200000001 40.18125 0
2025-07-10T19:55:22.010000 55.69374 40.125 0
2025-07-10T19:55:23.010000 55.69717200000001 40.125 0
2025-07-10T19:55:24.010000 55.69354897959184 40.125 0
2025-07-10T19:55:25.010000 55.69717200000001 40.125 0
2025-07-10T19:55:26.010000 55.70309999999999 40.125 0
2025-07-10T19:55:27.010000 55.70309999999999 40.125 16384
2025-07-10T19:55:28.010000 55.69436399999999 40.125 16384
2025-07-10T19:55:29.010000 55.6875 40.15375 16384
2025-07-10T19:55:30.011000 55.6875 40.1875 16384
2025-07-10T19:55:31.011000 55.680948 40.1875 16384
2025-07-10T19:55:32.012000 55.6758 40.1875 16384
2025-07-10T19:55:33.011000 55.6758 40.1875 16384
2025-07-10T19:55:34.010000 55.66706400000001 40.1875 16384
2025-07-10T19:55:35.010000 55.668935999999995 40.1875 0
2025-07-10T19:55:36.010000 55.682352 40.1875 0
2025-07-10T19:55:37.010000 55.680713999999995 40.1875 0
2025-07-10T19:55:38.010000 55.6758 40.1875 0
2025-07-10T19:55:39.010000 55.6758 40.1875 0
2025-07-10T19:55:40.010000 55.682586 40.1875 0
2025-07-10T19:55:41.010000 55.6875 40.1875 0
2025-07-10T19:55:42.016000 55.6875 40.1875 0
2025-07-10T19:55:43.010000 55.696548 40.1875 0
2025-07-10T19:55:44.010000 55.70309999999999 40.17375 0
2025-07-10T19:55:45.010000 55.70309999999999 40.125 0
2025-07-10T19:55:46.010000 55.70309999999999 40.125 0
2025-07-10T19:55:47.010000 55.70309999999999 40.1675 0
2025-07-10T19:55:48.010000 55.70309999999999 40.1875 0
2025-07-10T19:55:49.010000 55.70309999999999 40.17875 0
2025-07-10T19:55:50.010000 55.70309999999999 40.125 16384
2025-07-10T19:55:51.010000 55.69374 40.125 16384
2025-07-10T19:55:52.010000 55.706279999999985 40.1625 16384
2025-07-10T19:55:53.010000 55.70938 40.1875 0
2025-07-10T19:55:54.010000 55.71252 40.1875 0
2025-07-10T19:55:55.010000 55.72816000000001 40.1875 16384
2025-07-10T19:55:56.010000 55.73440000000001 40.1875 16384
2025-07-10T19:55:57.010000 55.73440000000001 40.1875 16384
2025-07-10T19:55:58.010000 55.73440000000001 40.1875 0
2025-07-10T19:55:59.010000 55.73440000000001 40.1875 0
2025-07-10T19:56:00.010000 55.7344 40.1875 0
2025-07-10T19:56:01.010000 55.7344 40.1875 0
2025-07-10T19:56:02.010000 55.73440000000001 40.1875 0
2025-07-10T19:56:03.010000 55.744071999999996 40.1875 0
2025-07-10T19:56:04.010000 55.75 40.1875 0
2025-07-10T19:56:05.010000 55.758736000000006 40.1875 0
2025-07-10T19:56:06.010000 55.75686399999999 40.1875 0
2025-07-10T19:56:07.010000 55.75 40.1875 0
2025-07-10T19:56:08.010000 55.758736000000006 40.1875 0
2025-07-10T19:56:09.011000 55.76559999999999 40.1875 0
2025-07-10T19:56:10.010000 55.75686399999999 40.1875 0
2025-07-10T19:56:11.010000 55.75 40.1875 0
2025-07-10T19:56:12.010000 55.75 40.1875 0
2025-07-10T19:56:13.010000 55.75 40.1875 0
2025-07-10T19:56:14.010000 55.75 40.1875 0
2025-07-10T19:56:15.010000 55.759048 40.1875 0
2025-07-10T19:56:16.010000 55.774648 40.1875 0
2025-07-10T19:56:17.010000 55.781200000000005 40.1875 0
2025-07-10T19:56:18.010000 55.781200000000005 40.1875 0
2025-07-10T19:56:19.010000 55.790306 40.1875 0
2025-07-10T19:56:20.010000 55.778746 40.1875 0
2025-07-10T19:56:21.010000 55.75655199999999 40.1875 0
2025-07-10T19:56:22.010000 55.759048 40.1875 0
2025-07-10T19:56:23.011000 55.774648 40.1875 0
2025-07-10T19:56:24.010000 55.76248 40.1875 0
2025-07-10T19:56:25.010000 55.75936000000001 40.1875 0
2025-07-10T19:56:26.010000 55.7656 40.1875 0
2025-07-10T19:56:27.014000 55.774699999999996 40.1875 0
2025-07-10T19:56:28.010000 55.781200000000005 40.1875 0
2025-07-10T19:56:29.010000 55.781200000000005 40.1875 0
2025-07-10T19:56:30.010000 55.781200000000005 40.1875 0
2025-07-10T19:56:31.010000 55.77183999999999 40.1875 0
2025-07-10T19:56:32.010000 55.76559999999999 40.1875 0
2025-07-10T19:56:33.010000 55.77496 40.1875 0
2025-07-10T19:56:34.010000 55.79062 40.1875 0
2025-07-10T19:56:35.010000 55.787166000000006 40.1875 0
2025-07-10T19:56:36.010000 55.781200000000005 40.1875 0
2025-07-10T19:56:37.012000 55.771527999999996 40.1875 0
2025-07-10T19:56:38.010000 55.78540204081633 40.1875 0
2025-07-10T19:56:39.010000 55.787166000000006 40.1875 0
2025-07-10T19:56:40.010000 55.77133061224489 40.1875 0
2025-07-10T19:56:41.010000 55.775025 40.1875 0
2025-07-10T19:56:42.010000 55.781200000000005 40.1875 0
2025-07-10T19:56:43.010000 55.772464 40.1875 0
2025-07-10T19:56:44.011000 55.76559999999999 40.1875 0
2025-07-10T19:56:45.042000 55.7656 40.1875 0
2025-07-10T19:56:46.010000 55.75686399999999 40.1875 0
2025-07-10T19:56:47.010000 55.75877500000001 40.1875 0
2025-07-10T19:56:48.010000 55.78348571428572 40.1875 0
2025-07-10T19:56:49.013000 55.788108 40.1875 0
2025-07-10T19:56:50.010000 55.772152 40.1875 0
2025-07-10T19:56:51.010000 55.783754 40.1875 0
2025-07-10T19:56:52.010000 55.787794000000005 40.1875 0
2025-07-10T19:56:53.010000 55.781200000000005 40.1875 0
2025-07-10T19:56:54.010000 55.790306 40.1875 0
2025-07-10T19:56:55.010000 55.787794000000005 40.1875 0
2025-07-10T19:56:56.010000 55.772152 40.1875 0
2025-07-10T19:56:57.010000 55.774648 40.1875 0
2025-07-10T19:56:58.010000 55.772152 40.1875 0
2025-07-10T19:56:59.010000 55.774648 40.1875 0
2025-07-10T19:57:00.010000 55.781200000000005 40.1875 0
2025-07-10T19:57:01.010000 55.79062 40.1875 0
2025-07-10T19:57:02.010000 55.78748 40.1875 0
2025-07-10T19:57:03.010000 55.79062 40.1875 0
2025-07-10T19:57:04.010000 55.77812 40.1875 0
2025-07-10T19:57:05.010000 55.77496 40.1875 0
2025-07-10T19:57:06.010000 55.781200000000005 40.1875 0
2025-07-10T19:57:07.010000 55.781200000000005 40.1875 0
2025-07-10T19:57:08.010000 55.79062 40.1875 0
2025-07-10T19:57:09.010000 55.78748 40.1875 0
2025-07-10T19:57:10.010000 55.79062 40.1875 0
2025-07-10T19:57:11.010000 55.787166000000006 40.1875 0
2025-07-10T19:57:12.010000 55.781200000000005 40.1875 0
2025-07-10T19:57:13.010000 55.790934 40.1875 0
2025-07-10T19:57:14.010000 55.787166000000006 40.1875 0
2025-07-10T19:57:15.010000 55.790934 40.1875 0
2025-07-10T19:57:16.010000 55.80415400000001 40.1875 0
2025-07-10T19:57:17.011000 55.801345999999995 40.1875 0
2025-07-10T19:57:18.010000 55.79690000000001 40.1875 0
2025-07-10T19:57:19.010000 55.80415400000001 40.1875 0
2025-07-10T19:57:20.010000 55.775784 40.1875 0
2025-07-10T19:57:21.010000 55.758736000000006 40.1875 0
2025-07-10T19:57:22.010000 55.75686399999999 40.1875 0
2025-07-10T19:57:23.010000 55.75 40.1875 0
2025-07-10T19:57:24.010000 55.758736000000006 40.1875 0
2025-07-10T19:57:25.010000 55.748127999999994 40.1875 0
2025-07-10T19:57:26.010000 55.74344800000001 40.1875 16384
2025-07-10T19:57:27.010000 55.740952 40.1875 16384
2025-07-10T19:57:28.010000 55.73440000000001 40.1875 16384
2025-07-10T19:57:29.010000 55.73440000000001 40.1875 0
2025-07-10T19:57:30.010000 55.74344800000001 40.1875 0
2025-07-10T19:57:31.010000 55.75 40.2325 0
2025-07-10T19:57:32.010000 55.740952 40.25 0
2025-07-10T19:57:33.010000 55.74344800000001 40.2375 0
2025-07-10T19:57:34.011000 55.74089999999999 40.1875 0
2025-07-10T19:57:35.010000 55.7344 40.1875 0
2025-07-10T19:57:36.010000 55.73440000000001 40.1875 0
2025-07-10T19:57:37.012000 55.725352 40.1875 0
2025-07-10T19:57:38.010000 55.736895999999994 40.1875 0
2025-07-10T19:57:39.010000 55.74063999999999 40.1875 0
2025-07-10T19:57:40.010000 55.73440000000001 40.1875 0
2025-07-10T19:57:41.011000 55.74376 40.1875 0
2025-07-10T19:57:42.010000 55.75 40.1875 0
2025-07-10T19:57:43.010000 55.75936000000001 40.1875 0
2025-07-10T19:57:44.010000 55.746880000000004 40.1875 0
2025-07-10T19:57:45.011000 55.73440000000001 40.1875 0
2025-07-10T19:57:46.011000 55.74376 40.1875 0
2025-07-10T19:57:47.010000 55.75936000000001 40.1875 0
2025-07-10T19:57:48.010000 55.755928000000004 40.1875 0
2025-07-10T19:57:49.010000 55.75 40.1875 0
2025-07-10T19:57:50.010000 55.75967200000001 40.1875 0
2025-07-10T19:57:51.011000 55.76559999999999 40.1875 0
2025-07-10T19:57:52.011000 55.76559999999999 40.1875 0
2025-07-10T19:57:53.010000 55.76559999999999 40.1875 0
2025-07-10T19:57:54.010000 55.76559999999999 40.1875 0
2025-07-10T19:57:55.010000 55.76559999999999 40.1875 0
2025-07-10T19:57:56.010000 55.76559999999999 40.1875 0
2025-07-10T19:57:57.010000 55.76559999999999 40.1875 0
2025-07-10T19:57:58.010000 55.75686399999999 40.1875 0
2025-07-10T19:57:59.010000 55.758736000000006 40.1875 16384
2025-07-10T19:58:00.010000 55.76559999999999 40.1875 16384
2025-07-10T19:58:01.010000 55.76559999999999 40.1875 16384
2025-07-10T19:58:02.010000 55.774336000000005 40.1875 0
2025-07-10T19:58:03.010000 55.781200000000005 40.1875 0
2025-07-10T19:58:04.010000 55.789992000000005 40.23375 0
2025-07-10T19:58:05.010000 55.787794000000005 40.25 0
2025-07-10T19:58:06.010000 55.772152 40.235 0
2025-07-10T19:58:07.010000 55.774648 40.1875 0
2025-07-10T19:58:08.014000 55.781200000000005 40.1875 0
2025-07-10T19:58:09.010000 55.763104000000006 40.1875 0
2025-07-10T19:58:10.011000 55.759048 40.1875 0
2025-07-10T19:58:11.010000 55.75655199999999 40.1875 0
2025-07-10T19:58:12.011000 55.759048 40.1875 0
2025-07-10T19:58:13.010000 55.75655199999999 40.1875 0
2025-07-10T19:58:14.010000 55.759048 40.1875 0
2025-07-10T19:58:15.010000 55.75624 40.1875 0
2025-07-10T19:58:16.010000 55.75936000000001 40.1875 0
2025-07-10T19:58:17.010000 55.75624 40.1875 0
2025-07-10T19:58:18.010000 55.74063999999999 40.1875 0
2025-07-10T19:58:19.010000 55.74376 40.1875 16384
2025-07-10T19:58:20.010000 55.75 40.1875 16384
2025-07-10T19:58:21.010000 55.74063999999999 40.1875 16384
2025-07-10T19:58:22.010000 55.74376 40.1875 16384
2025-07-10T19:58:23.010000 55.75936000000001 40.1875 16384
2025-07-10T19:58:24.010000 55.76559999999999 40.215 16384
2025-07-10T19:58:25.010000 55.774648 40.25 0
2025-07-10T19:58:26.010000 55.781200000000005 40.25 0
2025-07-10T19:58:27.010000 55.771527999999996 40.25 0
2025-07-10T19:58:28.010000 55.76559999999999 40.25 0
2025-07-10T19:58:29.010000 55.76559999999999 40.23 0
2025-07-10T19:58:30.010000 55.785005999999996 40.1875 0
2025-07-10T19:58:31.010000 55.767821999999995 40.1875 0
2025-07-10T19:58:32.010000 55.75967200000001 40.1875 0
2025-07-10T19:58:33.010000 55.775272 40.1875 0
2025-07-10T19:58:34.010000 55.781200000000005 40.1875 0
2025-07-10T19:58:35.010000 55.77164897959184 40.1875 16384
2025-07-10T19:58:36.010000 55.76559999999999 40.1875 16384
2025-07-10T19:58:37.011000 55.748127999999994 40.1875 16384
2025-07-10T19:58:38.010000 55.751872000000006 40.1875 0
2025-07-10T19:58:39.010000 55.76559999999999 40.19875 0
2025-07-10T19:58:40.025000 55.774648 40.25 16384
2025-07-10T19:58:41.010000 55.763104000000006 40.25 16384
2025-07-10T19:58:42.010000 55.7589142857143 40.21045918367347 16384
2025-07-10T19:58:43.010000 55.774699999999996 40.1875 0
2025-07-10T19:58:44.010000 55.772152 40.19 0
2025-07-10T19:58:45.011000 55.76559999999999 40.25 0
2025-07-10T19:58:46.010000 55.76559999999999 40.25 0
2025-07-10T19:58:47.010000 55.774648 40.21875 16384
2025-07-10T19:58:48.010000 55.772152 40.1875 16384
2025-07-10T19:58:49.010000 55.774648 40.1875 16384
2025-07-10T19:58:50.010000 55.772152 40.245 0
2025-07-10T19:58:51.011000 55.774648 40.25 0
2025-07-10T19:58:52.010000 55.790306 40.25 16384
2025-07-10T19:58:53.010000 55.77812 40.25 16384
2025-07-10T19:58:54.010000 55.76559999999999 40.25 16384
2025-07-10T19:58:55.010000 55.76559999999999 40.25 0
2025-07-10T19:58:56.010000 55.77496 40.25 0
2025-07-10T19:58:57.010000 55.781200000000005 40.25 0
2025-07-10T19:58:58.010000 55.781200000000005 40.25 0
2025-07-10T19:58:59.010000 55.781200000000005 40.25 0
2025-07-10T19:59:00.012000 55.79062 40.25 0
2025-07-10T19:59:01.011000 55.79690000000001 40.25 0
2025-07-10T19:59:02.010000 55.78760816326531 40.25 0
2025-07-10T19:59:03.010000 55.771775 40.25 0
2025-07-10T19:59:04.010000 55.775272 40.25 0
2025-07-10T19:59:05.011000 55.781200000000005 40.25 0
2025-07-10T19:59:06.010000 55.781200000000005 40.25 0
2025-07-10T19:59:07.010000 55.781200000000005 40.25 0
2025-07-10T19:59:08.010000 55.790934 40.25 0
2025-07-10T19:59:09.010000 55.787166000000006 40.25 0
2025-07-10T19:59:10.010000 55.771527999999996 40.25 0
2025-07-10T19:59:11.010000 55.785005999999996 40.25 0
2025-07-10T19:59:12.010000 55.787166000000006 40.25 0
2025-07-10T19:59:13.010000 55.7812 40.25 0
2025-07-10T19:59:14.010000 55.781200000000005 40.25 0
2025-07-10T19:59:15.011000 55.781200000000005 40.25 0
2025-07-10T19:59:16.010000 55.772464 40.25 0
2025-07-10T19:59:17.010000 55.76559999999999 40.25 0
2025-07-10T19:59:18.010000 55.774648 40.25 0
2025-07-10T19:59:19.010000 55.772152 40.25 0
2025-07-10T19:59:20.010000 55.76559999999999 40.25 0
2025-07-10T19:59:21.010000 55.774648 40.25 0
2025-07-10T19:59:22.010000 55.781200000000005 40.25 0
2025-07-10T19:59:23.010000 55.772152 40.25 0
2025-07-10T19:59:24.010000 55.774648 40.25 0
2025-07-10T19:59:25.010000 55.781200000000005 40.25 0
2025-07-10T19:59:26.010000 55.781200000000005 40.25 0
2025-07-10T19:59:27.010000 55.781200000000005 40.25 0
2025-07-10T19:59:28.011000 55.781200000000005 40.25 0
2025-07-10T19:59:29.010000 55.7812 40.25 0
2025-07-10T19:59:30.010000 55.781200000000005 40.25 0
2025-07-10T19:59:31.010000 55.772152 40.25 0
2025-07-10T19:59:32.010000 55.77496 40.25 0
2025-07-10T19:59:33.010000 55.76248 40.25 0
2025-07-10T19:59:34.010000 55.75936000000001 40.25 0
2025-07-10T19:59:35.010000 55.77496 40.25 0
2025-07-10T19:59:36.010000 55.781200000000005 40.25 0
2025-07-10T19:59:37.010000 55.77183999999999 40.25 0
2025-07-10T19:59:38.010000 55.75624 40.25 0
2025-07-10T19:59:39.010000 55.76872000000001 40.25 0
2025-07-10T19:59:40.010000 55.77183999999999 40.25 0
2025-07-10T19:59:41.010000 55.76559999999999 40.25 0
2025-07-10T19:59:42.010000 55.775272 40.25 0
2025-07-10T19:59:43.010000 55.771527999999996 40.25 0
2025-07-10T19:59:44.010000 55.755928000000004 40.25 0
2025-07-10T19:59:45.010000 55.75 40.25 0
2025-07-10T19:59:46.010000 55.76934400000001 40.25 0
2025-07-10T19:59:47.010000 55.761855999999995 40.25 0
2025-07-10T19:59:48.010000 55.75 40.25 0
2025-07-10T19:59:49.010000 55.75967200000001 40.25 0
2025-07-10T19:59:50.010000 55.755928000000004 40.25 0
2025-07-10T19:59:51.011000 55.74032799999999 40.25 0
2025-07-10T19:59:52.010000 55.74395102040816 40.25 0
2025-07-10T19:59:53.010000 55.74089999999999 40.25 0
2025-07-10T19:59:54.010000 55.74344800000001 40.25 0
2025-07-10T19:59:55.010000 55.75 40.25 0
2025-07-10T19:59:56.010000 55.759048 40.25 0
2025-07-10T19:59:57.010000 55.75655199999999 40.25 0
2025-07-10T19:59:58.010000 55.759048 40.25 0
2025-07-10T19:59:59.010000 55.75655199999999 40.25 0
2025-07-10T20:00:00.010000 55.75 40.25 0
2025-07-10T20:00:01.010000 55.75 40.25 0
2025-07-10T20:00:02.010000 55.740952 40.25 0
2025-07-10T20:00:03.010000 55.725352 40.25 0
2025-07-10T20:00:04.010000 55.709694 40.25 0
2025-07-10T20:00:05.010000 55.70309999999999 40.25 0
2025-07-10T20:00:06.011000 55.70309999999999 40.25 0
2025-07-10T20:00:07.010000 55.70309999999999 40.25 0
2025-07-10T20:00:08.010000 55.712205999999995 40.25 0
2025-07-10T20:00:09.010000 55.718799999999995 40.25 0
2025-07-10T20:00:10.011000 55.72816000000001 40.25 0
2025-07-10T20:00:11.010000 55.71562 40.25 0
2025-07-10T20:00:12.010000 55.72188 40.25 0
2025-07-10T20:00:13.010000 55.72504 40.25 0
2025-07-10T20:00:14.010000 55.70938 40.25 0
2025-07-10T20:00:15.010000 55.71252 40.25 0
2025-07-10T20:00:16.010000 55.718799999999995 40.25 0
2025-07-10T20:00:17.011000 55.70002 40.25 0
2025-07-10T20:00:18.010000 55.69686000000001 40.25 0
2025-07-10T20:00:19.010000 55.72188 40.25 0
2025-07-10T20:00:20.010000 55.724728 40.25 0
2025-07-10T20:00:21.010000 55.709066 40.25 16384
2025-07-10T20:00:22.010000 55.712833999999994 40.25 16384
2025-07-10T20:00:23.010000 55.718799999999995 40.25 16384
2025-07-10T20:00:24.010000 55.728472000000004 40.25 0
2025-07-10T20:00:25.010000 55.714994000000004 40.25 0
2025-07-10T20:00:26.010000 55.693428000000004 40.285 0
2025-07-10T20:00:27.010000 55.680246 40.3125 0
2025-07-10T20:00:28.010000 55.692726 40.31125 0
2025-07-10T20:00:29.010000 55.70309999999999 40.25 16384
2025-07-10T20:00:30.010000 55.712833999999994 40.25 16384
2025-07-10T20:00:31.010000 55.709694 40.25 0
2025-07-10T20:00:32.010000 55.7031 40.25 0
2025-07-10T20:00:33.002000 55.6942294117647 40.25 0
2025-07-10T20:00:34.010000 55.6875 40.308673469387756 0
2025-07-10T20:00:35.030000 55.696732653061225 40.3125 0
2025-07-10T20:00:36.010000 55.69405199999999 40.29 0
2025-07-10T20:00:37.010000 55.6875 40.25 0
2025-07-10T20:00:38.010000 55.680713999999995 40.25 0
2025-07-10T20:00:39.013000 55.682586 40.25 0
2025-07-10T20:00:40.011000 55.6875 40.25 0
2025-07-10T20:00:41.010000 55.6875 40.25 0
2025-07-10T20:00:42.010000 55.6875 40.25 0
2025-07-10T20:00:43.010000 55.680713999999995 40.25 0
2025-07-10T20:00:44.011000 55.666752 40.25 0
2025-07-10T20:00:45.010000 55.676034 40.25 0
2025-07-10T20:00:46.010000 55.671666 40.25 0
2025-07-10T20:00:47.010000 55.66020000000001 40.25 16384
2025-07-10T20:00:48.010000 55.66020000000001 40.25 16384
2025-07-10T20:00:49.010000 55.65078 40.25 16384
2025-07-10T20:00:50.010000 55.65392000000001 40.25 0
2025-07-10T20:00:51.010000 55.669560000000004 40.2575 0
2025-07-10T20:00:52.010000 55.6758 40.3125 0
2025-07-10T20:00:53.010000 55.66644 40.3125 0
2025-07-10T20:00:54.010000 55.669560000000004 40.27625 16384
2025-07-10T20:00:55.010000 55.6758 40.25 16384
2025-07-10T20:00:56.012000 55.666128 40.25 16384
2025-07-10T20:00:57.010000 55.669872 40.25 0
2025-07-10T20:00:58.010000 55.666128 40.25 0
2025-07-10T20:00:59.010000 55.669872 40.28 0
2025-07-10T20:01:00.010000 55.666128 40.3125 0
2025-07-10T20:01:01.015000 55.66020000000001 40.3125 0
2025-07-10T20:01:02.011000 55.66020000000001 40.25375 0
2025-07-10T20:01:03.010000 55.669872 40.25 0
2025-07-10T20:01:04.010000 55.666128 40.25 0
2025-07-10T20:01:05.010000 55.66020000000001 40.25 0
2025-07-10T20:01:06.010000 55.66020000000001 40.25 0
2025-07-10T20:01:07.010000 55.650152 40.25 16384
2025-07-10T20:01:08.010000 55.664532 40.25 16384
2025-07-10T20:01:09.010000 55.666752 40.25 16384
2025-07-10T20:01:10.010000 55.66020000000001 40.25 0
2025-07-10T20:01:11.010000 55.66020000000001 40.25 0
2025-07-10T20:01:12.010000 55.651094 40.3 0
2025-07-10T20:01:13.010000 55.635451999999994 40.3125 0
2025-07-10T20:01:14.010000 55.628899999999994 40.29625 0
2025-07-10T20:01:15.010000 55.619852 40.25 16384
2025-07-10T20:01:16.010000 55.631395999999995 40.25 16384
2025-07-10T20:01:17.010000 55.64450000000001 40.25 0
2025-07-10T20:01:18.010000 55.635451999999994 40.25 0
2025-07-10T20:01:19.010000 55.628899999999994 40.26125 0
2025-07-10T20:01:20.010000 55.628899999999994 40.3125 16384
2025-07-10T20:01:21.010000 55.628899999999994 40.3125 16384
2025-07-10T20:01:22.010000 55.628899999999994 40.3125 16384
2025-07-10T20:01:23.010000 55.63826 40.3125 16384
2025-07-10T20:01:24.010000 55.62577999999999 40.3125 16384
2025-07-10T20:01:25.010000 55.622659999999996 40.3125 0
2025-07-10T20:01:26.010000 55.63826 40.3125 0
2025-07-10T20:01:27.010000 55.64450000000001 40.3125 0
2025-07-10T20:01:28.010000 55.62577999999999 40.3125 0
2025-07-10T20:01:29.010000 55.63201999999999 40.3125 0
2025-07-10T20:01:30.010000 55.63513999999999 40.3125 0
2025-07-10T20:01:31.010000 55.63826 40.3125 0
2025-07-10T20:01:32.010000 55.62515599999999 40.28125 0
2025-07-10T20:01:33.010000 55.632644 40.25 0
2025-07-10T20:01:34.012000 55.654234 40.25 0
2025-07-10T20:01:35.010000 55.650465999999994 40.25 0
2025-07-10T20:01:36.010000 55.654234 40.25 0
2025-07-10T20:01:37.010000 55.650465999999994 40.2775 16384
2025-07-10T20:01:38.010000 55.64450000000001 40.3125 16384
2025-07-10T20:01:39.010000 55.62515599999999 40.3125 16384
2025-07-10T20:01:40.010000 55.6133 40.3125 0
2025-07-10T20:01:41.010000 55.62297199999999 40.3125 0
2025-07-10T20:01:42.010000 55.619228 40.3125 0
2025-07-10T20:01:43.010000 55.6133 40.3125 0
2025-07-10T20:01:44.010000 55.6133 40.3125 0
2025-07-10T20:01:45.010000 55.6133 40.26125 0
2025-07-10T20:01:46.010000 55.60331599999999 40.25 0
2025-07-10T20:01:47.010000 55.59770000000001 40.26875 0
2025-07-10T20:01:48.015000 55.588594 40.3125 0
2025-07-10T20:01:49.010000 55.59110600000001 40.3125 0
2025-07-10T20:01:50.010000 55.59770000000001 40.3125 16384
2025-07-10T20:01:51.010000 55.588594 40.3125 16384
2025-07-10T20:01:52.010000 55.575213999999995 40.3125 16384
2025-07-10T20:01:53.010000 55.57029999999999 40.3125 0
2025-07-10T20:01:54.010000 55.577125 40.3125 0
2025-07-10T20:01:55.010000 55.57507551020408 40.3125 0
2025-07-10T20:01:56.010000 55.58619200000001 40.3125 0
2025-07-10T20:01:57.010000 55.588594 40.3125 0
2025-07-10T20:01:58.010000 55.575213999999995 40.3125 0
2025-07-10T20:01:59.010000 55.586740000000006 40.3125 0
2025-07-10T20:02:00.010000 55.59770000000001 40.3125 0
2025-07-10T20:02:01.010000 55.59770000000001 40.3125 0
2025-07-10T20:02:02.010000 55.59770000000001 40.3125 0
2025-07-10T20:02:03.010000 55.58126 40.3125 0
2025-07-10T20:02:04.010000 55.57732 40.3125 0
2025-07-10T20:02:05.010000 55.57498 40.3125 0
2025-07-10T20:02:06.010000 55.57029999999999 40.3125 0
2025-07-10T20:02:07.010000 55.57732 40.3125 0
2025-07-10T20:02:08.010000 55.582 40.3125 0
2025-07-10T20:02:09.010000 55.591612244897966 40.3125 0
2025-07-10T20:02:10.010000 55.587965999999994 40.3125 0
2025-07-10T20:02:11.010000 55.58200000000001 40.3125 0
2025-07-10T20:02:12.010000 55.591734 40.3125 0
2025-07-10T20:02:13.010000 55.587965999999994 40.3125 0
2025-07-10T20:02:14.010000 55.58200000000001 40.3125 0
2025-07-10T20:02:15.010000 55.58200000000001 40.3125 0
2025-07-10T20:02:16.010000 55.58200000000001 40.3125 0
2025-07-10T20:02:17.010000 55.58200000000001 40.3125 0
2025-07-10T20:02:18.010000 55.58200000000001 40.3125 0
2025-07-10T20:02:19.010000 55.592048000000005 40.3125 0
2025-07-10T20:02:20.010000 55.587652 40.3125 0
2025-07-10T20:02:21.010000 55.574512 40.3125 0
2025-07-10T20:02:22.010000 55.58783600000001 40.3125 0
2025-07-10T20:02:23.011000 55.580163999999996 40.3125 0
2025-07-10T20:02:24.010000 55.560316 40.3125 0
2025-07-10T20:02:25.010000 55.563748 40.3125 0
2025-07-10T20:02:26.010000 55.57029999999999 40.3125 0
2025-07-10T20:02:27.010000 55.561252 40.3125 0
2025-07-10T20:02:28.010000 55.570533999999995 40.3125 0
2025-07-10T20:02:29.010000 55.575213999999995 40.3125 0
2025-07-10T20:02:30.010000 55.57029999999999 40.3125 0
2025-07-10T20:02:31.011000 55.577086 40.3125 0
2025-07-10T20:02:32.010000 55.59110600000001 40.3125 0
2025-07-10T20:02:33.010000 55.588594 40.3125 0
2025-07-10T20:02:34.010000 55.58200000000001 40.3125 0
2025-07-10T20:02:35.010000 55.59110600000001 40.3125 0
2025-07-10T20:02:36.010000 55.59770000000001 40.3125 0
2025-07-10T20:02:37.010000 55.59770000000001 40.3125 0
2025-07-10T20:02:38.010000 55.59770000000001 40.3125 0
2025-07-10T20:02:39.010000 55.58828 40.3125 0
2025-07-10T20:02:40.010000 55.59142000000001 40.3125 0
2025-07-10T20:02:41.010000 55.59770000000001 40.3125 0
2025-07-10T20:02:42.010000 55.59770000000001 40.3125 0
2025-07-10T20:02:43.010000 55.607060000000004 40.3125 0
2025-07-10T20:02:44.010000 55.622659999999996 40.3125 0
2025-07-10T20:02:45.010000 55.61954 40.3125 0
2025-07-10T20:02:46.010000 55.6133 40.3125 0
2025-07-10T20:02:47.010000 55.6133 40.3125 0
2025-07-10T20:02:48.010000 55.603628 40.3125 0
2025-07-10T20:02:49.010000 55.59770000000001 40.3125 0
2025-07-10T20:02:50.010000 55.617043999999986 40.3125 0
2025-07-10T20:02:51.010000 55.619228 40.3125 0
2025-07-10T20:02:52.010000 55.6133 40.3125 0
2025-07-10T20:02:53.010000 55.6133 40.3125 16384
2025-07-10T20:02:54.010000 55.6133 40.3125 16384
2025-07-10T20:02:55.010000 55.62297199999999 40.3125 16384
2025-07-10T20:02:56.010000 55.618916 40.3125 0
2025-07-10T20:02:57.010000 55.62328399999999 40.3125 0
2025-07-10T20:02:58.010000 55.638884 40.33625 0
2025-07-10T20:02:59.010000 55.64450000000001 40.375 0
2025-07-10T20:03:00.010000 55.634516000000005 40.375 0
2025-07-10T20:03:01.010000 55.638884 40.3225 0
2025-07-10T20:03:02.010000 55.634516000000005 40.3125 0
2025-07-10T20:03:03.010000 55.637947999999994 40.3125 0
2025-07-10T20:03:04.010000 55.64450000000001 40.3125 0
2025-07-10T20:03:05.010000 55.64450000000001 40.3125 0
2025-07-10T20:03:06.010000 55.65360600000001 40.3125 0
2025-07-10T20:03:07.010000 55.66020000000001 40.3125 0
2025-07-10T20:03:08.010000 55.66020000000001 40.3125 0
2025-07-10T20:03:09.010000 55.66020000000001 40.3125 0
2025-07-10T20:03:10.010000 55.66020000000001 40.3125 0
2025-07-10T20:03:11.010000 55.66020000000001 40.3125 0
2025-07-10T20:03:12.010000 55.66020000000001 40.3125 0
2025-07-10T20:03:13.013000 55.66020000000001 40.3125 0
2025-07-10T20:03:14.010000 55.66020000000001 40.3125 0
2025-07-10T20:03:15.010000 55.66020000000001 40.3125 0
2025-07-10T20:03:16.010000 55.66020000000001 40.3125 0
2025-07-10T20:03:17.010000 55.66020000000001 40.3125 0
2025-07-10T20:03:18.010000 55.66020000000001 40.3125 0
2025-07-10T20:03:19.010000 55.66020000000001 40.3125 0
2025-07-10T20:03:20.010000 55.66020000000001 40.3125 0
2025-07-10T20:03:21.010000 55.66020000000001 40.3125 0
2025-07-10T20:03:22.010000 55.650465999999994 40.3125 0
2025-07-10T20:03:23.010000 55.66390599999999 40.3125 0
2025-07-10T20:03:24.010000 55.6758 40.3125 0
2025-07-10T20:03:25.021000 55.666128 40.3125 0
2025-07-10T20:03:26.010000 55.669872 40.3125 0
2025-07-10T20:03:27.010000 55.683054 40.3125 0
2025-07-10T20:03:28.010000 55.6875 40.3125 0
2025-07-10T20:03:29.010000 55.680246 40.3125 0
2025-07-10T20:03:30.011000 55.6758 40.3125 0
2025-07-10T20:03:31.010000 55.683054 40.3125 0
2025-07-10T20:03:32.010000 55.6875 40.3125 0
2025-07-10T20:03:33.010000 55.6875 40.3125 0
2025-07-10T20:03:34.010000 55.680012 40.3125 0
2025-07-10T20:03:35.010000 55.6758 40.3125 0
2025-07-10T20:03:36.010000 55.6758 40.3125 0
2025-07-10T20:03:37.010000 55.655767999999995 40.3125 16384
2025-07-10T20:03:38.010000 55.654548000000005 40.3125 16384
2025-07-10T20:03:39.010000 55.650152 40.3125 0
2025-07-10T20:03:40.010000 55.64450000000001 40.3125 0
2025-07-10T20:03:41.010000 55.64450000000001 40.33 0
2025-07-10T20:03:42.010000 55.64450000000001 40.375 0
2025-07-10T20:03:43.010000 55.64450000000001 40.375 0
2025-07-10T20:03:44.010000 55.64450000000001 40.32875 0
2025-07-10T20:03:45.011000 55.635451999999994 40.3125 0
2025-07-10T20:03:46.010000 55.628899999999994 40.3125 0
2025-07-10T20:03:47.010000 55.619852 40.3125 0
2025-07-10T20:03:48.013000 55.63201999999999 40.3125 0
2025-07-10T20:03:49.010000 55.64450000000001 40.3125 16384
2025-07-10T20:03:50.010000 55.63513999999999 40.3125 16384
2025-07-10T20:03:51.012000 55.61954 40.3125 16384
2025-07-10T20:03:52.010000 55.62203599999999 40.3125 16384
2025-07-10T20:03:53.010000 55.61954 40.3125 16384
2025-07-10T20:03:54.010000 55.6133 40.35125 16384
2025-07-10T20:03:55.010000 55.622659999999996 40.375 0
2025-07-10T20:03:56.010000 55.61018 40.375 0
2025-07-10T20:03:57.010000 55.59770000000001 40.375 0
2025-07-10T20:03:58.010000 55.61642 40.375 0
2025-07-10T20:03:59.010000 55.619228 40.34 0
2025-07-10T20:04:00.010000 55.62297199999999 40.3125 0
2025-07-10T20:04:01.011000 55.619228 40.3125 0
2025-07-10T20:04:02.010000 55.6133 40.3125 0
2025-07-10T20:04:03.010000 55.6133 40.3125 0
2025-07-10T20:04:04.010000 55.62297199999999 40.3125 0
2025-07-10T20:04:05.010000 55.628899999999994 40.3125 16384
2025-07-10T20:04:06.010000 55.619228 40.3125 16384
2025-07-10T20:04:07.010000 55.603628 40.3125 0
2025-07-10T20:04:08.010000 55.63645000000001 40.3125 0
2025-07-10T20:04:09.010000 55.640167999999996 40.33875 0
2025-07-10T20:04:10.010000 55.618916 40.375 0
2025-07-10T20:04:11.010000 55.593267999999995 40.375 0
2025-07-10T20:04:12.010000 55.58200000000001 40.31875 0
2025-07-10T20:04:13.010000 55.574512 40.3125 0
2025-07-10T20:04:14.010000 55.560316 40.3125 0
2025-07-10T20:04:15.010000 55.564684 40.3125 0
2025-07-10T20:04:16.010000 55.560316 40.3125 0
2025-07-10T20:04:17.010000 55.564684 40.3125 0
2025-07-10T20:04:18.010000 55.560316 40.3125 0
2025-07-10T20:04:19.010000 55.564684 40.3125 0
2025-07-10T20:04:20.010000 55.561252 40.3125 16384
2025-07-10T20:04:21.010000 55.563748 40.3125 16384
2025-07-10T20:04:22.010000 55.552204 40.3125 0
2025-07-10T20:04:23.010000 55.548148 40.3125 0
2025-07-10T20:04:24.010000 55.55470000000001 40.32875 0
2025-07-10T20:04:25.010000 55.54565200000001 40.375 0
2025-07-10T20:04:26.010000 55.557820000000014 40.375 0
2025-07-10T20:04:27.010000 55.56094000000001 40.33 0
2025-07-10T20:04:28.010000 55.54534 40.3125 0
2025-07-10T20:04:29.010000 55.557820000000014 40.3125 0
2025-07-10T20:04:30.010000 55.57029999999999 40.3125 0
2025-07-10T20:04:31.010000 55.57029999999999 40.3125 0
2025-07-10T20:04:32.010000 55.56094000000001 40.3125 0
2025-07-10T20:04:33.010000 55.55470000000001 40.3125 0
2025-07-10T20:04:34.010000 55.56405999999999 40.32375 0
2025-07-10T20:04:35.010000 55.57029999999999 40.375 16384
2025-07-10T20:04:36.010000 55.56094000000001 40.375 16384
2025-07-10T20:04:37.010000 55.55470000000001 40.335 16384
2025-07-10T20:04:38.010000 55.56437199999999 40.3125 16384
2025-07-10T20:04:39.010000 55.57029999999999 40.31875 16384
2025-07-10T20:04:40.010000 55.57029999999999 40.375 0
2025-07-10T20:04:41.010000 55.56062800000001 40.375 0
2025-07-10T20:04:42.010000 55.56437199999999 40.375 0
2025-07-10T20:04:43.010000 55.57029999999999 40.375 0
2025-07-10T20:04:44.010000 55.57029999999999 40.375 0
2025-07-10T20:04:45.010000 55.57029999999999 40.375 0
2025-07-10T20:04:46.010000 55.56062800000001 40.375 0
2025-07-10T20:04:47.010000 55.55470000000001 40.34375 0
2025-07-10T20:04:48.010000 55.564684 40.3125 0
2025-07-10T20:04:49.010000 55.577788 40.3125 0
2025-07-10T20:04:50.010000 55.574512 40.3125 0
2025-07-10T20:04:51.010000 55.57029999999999 40.3125 0
2025-07-10T20:04:52.010000 55.57029999999999 40.33875 0
2025-07-10T20:04:53.010000 55.577788 40.375 0
2025-07-10T20:04:54.011000 55.564528 40.375 0
2025-07-10T20:04:55.010000 55.55470000000001 40.375 16384
2025-07-10T20:04:56.010000 55.54471600000001 40.375 16384
2025-07-10T20:04:57.010000 55.559068 40.35375 16384
2025-07-10T20:04:58.010000 55.561252 40.3125 0
2025-07-10T20:04:59.010000 55.55470000000001 40.3125 0
2025-07-10T20:05:00.010000 55.55470000000001 40.36 0
2025-07-10T20:05:01.010000 55.55470000000001 40.375 0
2025-07-10T20:05:02.010000 55.55470000000001 40.375 16384
2025-07-10T20:05:03.010000 55.54534 40.375 16384
2025-07-10T20:05:04.010000 55.557820000000014 40.375 16384
2025-07-10T20:05:05.011000 55.56094000000001 40.375 0
2025-07-10T20:05:06.010000 55.55470000000001 40.375 0
2025-07-10T20:05:07.010000 55.55470000000001 40.375 0
2025-07-10T20:05:08.010000 55.55470000000001 40.375 0
2025-07-10T20:05:09.010000 55.58050000000001 40.375 0
2025-07-10T20:05:10.010000 55.58126 40.375 0
2025-07-10T20:05:11.011000 55.57029999999999 40.375 0
2025-07-10T20:05:12.010000 55.57732 40.375 0
2025-07-10T20:05:13.010000 55.565619999999996 40.375 0
2025-07-10T20:05:14.010000 55.56405999999999 40.375 0
2025-07-10T20:05:15.011000 55.577554 40.375 0
2025-07-10T20:05:16.010000 55.565074 40.375 0
2025-07-10T20:05:17.010000 55.56437199999999 40.375 0
2025-07-10T20:05:18.010000 55.577554 40.375 0
2025-07-10T20:05:19.010000 55.58200000000001 40.375 0
2025-07-10T20:05:20.010000 55.574746 40.375 0
2025-07-10T20:05:21.010000 55.577554 40.375 0
2025-07-10T20:05:22.010000 55.58200000000001 40.375 0
2025-07-10T20:05:23.010000 55.58200000000001 40.375 0
2025-07-10T20:05:24.010000 55.574746 40.375 0
2025-07-10T20:05:25.010000 55.58783600000001 40.375 0
2025-07-10T20:05:26.011000 55.587652 40.375 0
2025-07-10T20:05:27.010000 55.574512 40.375 0
2025-07-10T20:05:28.010000 55.57029999999999 40.375 0
2025-07-10T20:05:29.010000 55.577788 40.375 0
2025-07-10T20:05:30.010000 55.58200000000001 40.375 0
2025-07-10T20:05:31.010000 55.574512 40.375 0
2025-07-10T20:05:32.010000 55.57029999999999 40.375 0
2025-07-10T20:05:33.010000 55.57029999999999 40.375 0
2025-07-10T20:05:34.010000 55.57029999999999 40.375 0
2025-07-10T20:05:35.010000 55.577788 40.375 0
2025-07-10T20:05:36.010000 55.59110600000001 40.375 0
2025-07-10T20:05:37.010000 55.581808 40.375 0
2025-07-10T20:05:38.010000 55.57029999999999 40.375 0
2025-07-10T20:05:39.010000 55.57732 40.375 0
2025-07-10T20:05:40.010000 55.57498 40.375 0
2025-07-10T20:05:41.010000 55.586740000000006 40.375 0
2025-07-10T20:05:42.010000 55.58828 40.375 0
2025-07-10T20:05:43.010000 55.59142000000001 40.375 0
2025-07-10T20:05:44.010000 55.58828 40.375 0
2025-07-10T20:05:45.010000 55.58200000000001 40.375 0
2025-07-10T20:05:46.010000 55.59142000000001 40.375 0
2025-07-10T20:05:47.010000 55.59770000000001 40.375 0
2025-07-10T20:05:48.010000 55.58126 40.375 0
2025-07-10T20:05:49.010000 55.586740000000006 40.375 0
2025-07-10T20:05:50.010000 55.58828 40.375 0
2025-07-10T20:05:51.010000 55.58200000000001 40.375 0
2025-07-10T20:05:52.010000 55.59142000000001 40.375 0
2025-07-10T20:05:53.010000 55.587965999999994 40.375 0
2025-07-10T20:05:54.010000 55.58200000000001 40.375 0
2025-07-10T20:05:55.010000 55.58200000000001 40.375 0
2025-07-10T20:05:56.010000 55.58200000000001 40.375 0
2025-07-10T20:05:57.010000 55.58200000000001 40.375 0
2025-07-10T20:05:58.010000 55.591734 40.375 0
2025-07-10T20:05:59.010000 55.607372 40.375 0
2025-07-10T20:06:00.010000 55.6133 40.375 0
2025-07-10T20:06:01.011000 55.593894 40.375 0
2025-07-10T20:06:02.010000 55.60140599999999 40.375 0
2025-07-10T20:06:03.010000 55.603628 40.375 0
2025-07-10T20:06:04.010000 55.59770000000001 40.375 0
2025-07-10T20:06:05.010000 55.607684 40.375 0
2025-07-10T20:06:06.010000 55.6133 40.375 0
2025-07-10T20:06:07.010000 55.60331599999999 40.375 0
2025-07-10T20:06:08.010000 55.607684 40.375 0
2025-07-10T20:06:09.010000 55.6133 40.375 0
2025-07-10T20:06:10.010000 55.6133 40.375 0
2025-07-10T20:06:11.010000 55.60331599999999 40.375 0
2025-07-10T20:06:12.010000 55.607684 40.375 0
2025-07-10T20:06:13.014000 55.60331599999999 40.375 0
2025-07-10T20:06:14.010000 55.61579599999999 40.375 0
2025-07-10T20:06:15.010000 55.61954 40.375 0
2025-07-10T20:06:16.010000 55.622659999999996 40.375 0
2025-07-10T20:06:17.010000 55.61954 40.375 0
2025-07-10T20:06:18.010000 55.6133 40.375 0
2025-07-10T20:06:19.010000 55.622659999999996 40.375 0
2025-07-10T20:06:20.012000 55.61954 40.375 0
2025-07-10T20:06:21.010000 55.622659999999996 40.375 0
2025-07-10T20:06:22.010000 55.628899999999994 40.375 0
2025-07-10T20:06:23.010000 55.61954 40.375 0
2025-07-10T20:06:24.010000 55.622659999999996 40.375 0
2025-07-10T20:06:25.010000 55.628899999999994 40.375 0
2025-07-10T20:06:26.010000 55.628899999999994 40.375 0
2025-07-10T20:06:27.010000 55.628899999999994 40.375 0
2025-07-10T20:06:28.010000 55.628899999999994 40.375 0
2025-07-10T20:06:29.010000 55.63826 40.375 0
2025-07-10T20:06:30.010000 55.63513999999999 40.375 0
2025-07-10T20:06:31.010000 55.628899999999994 40.375 0
2025-07-10T20:06:32.010000 55.628899999999994 40.375 0
2025-07-10T20:06:33.010000 55.638572 40.375 0
2025-07-10T20:06:34.010000 55.634828 40.375 0
2025-07-10T20:06:35.010000 55.638572 40.375 0
2025-07-10T20:06:36.010000 55.64450000000001 40.375 0
2025-07-10T20:06:37.010000 55.634828 40.375 0
2025-07-10T20:06:38.010000 55.628899999999994 40.375 0
2025-07-10T20:06:39.010000 55.628899999999994 40.375 0
2025-07-10T20:06:40.010000 55.619228 40.375 0
2025-07-10T20:06:41.010000 55.632644 40.375 0
2025-07-10T20:06:42.010000 55.634516000000005 40.375 0
2025-07-10T20:06:43.010000 55.618916 40.375 0
2025-07-10T20:06:44.010000 55.62316938775509 40.375 0
2025-07-10T20:06:45.010000 55.63908775510205 40.375 0
2025-07-10T20:06:46.010000 55.634516000000005 40.375 0
2025-07-10T20:06:47.010000 55.628899999999994 40.375 0
2025-07-10T20:06:48.010000 55.628899999999994 40.375 0
2025-07-10T20:06:49.010000 55.628899999999994 40.375 0
2025-07-10T20:06:50.010000 55.618916 40.375 0
2025-07-10T20:06:51.010000 55.62328399999999 40.375 0
2025-07-10T20:06:52.012000 55.63826 40.375 0
2025-07-10T20:06:53.010000 55.63513999999999 40.375 0
2025-07-10T20:06:54.010000 55.628899999999994 40.375 0
2025-07-10T20:06:55.015000 55.628899999999994 40.375 0
2025-07-10T20:06:56.010000 55.628899999999994 40.375 0
2025-07-10T20:06:57.010000 55.628899999999994 40.375 0
2025-07-10T20:06:58.010000 55.61954 40.375 0
2025-07-10T20:06:59.010000 55.6133 40.375 16384
2025-07-10T20:07:00.010000 55.622659999999996 40.375 16384
2025-07-10T20:07:01.010000 55.628899999999994 40.375 16384
2025-07-10T20:07:02.015000 55.61954 40.375 0
2025-07-10T20:07:03.010000 55.622659999999996 40.375 0
2025-07-10T20:07:04.010000 55.628899999999994 40.41125 16384
2025-07-10T20:07:05.010000 55.61954 40.4375 16384
2025-07-10T20:07:06.010000 55.6133 40.43625 16384
2025-07-10T20:07:07.010000 55.622659999999996 40.375 16384
2025-07-10T20:07:08.010000 55.628899999999994 40.375 16384
2025-07-10T20:07:09.010000 55.619228 40.40625 0
2025-07-10T20:07:10.010000 55.6133 40.4375 0
2025-07-10T20:07:11.010000 55.62297199999999 40.4375 0
2025-07-10T20:07:12.010000 55.619228 40.4375 0
2025-07-10T20:07:13.015000 55.62297199999999 40.4375 0
2025-07-10T20:07:14.010000 55.609556000000005 40.4125 0
2025-07-10T20:07:15.010000 55.607372 40.375 0
2025-07-10T20:07:16.012000 55.6133 40.375 0
2025-07-10T20:07:17.010000 55.603628 40.375 0
2025-07-10T20:07:18.010000 55.626715999999995 40.375 0
2025-07-10T20:07:19.010000 55.634516000000005 40.375 0
2025-07-10T20:07:20.010000 55.618916 40.375 0
2025-07-10T20:07:21.010000 55.633268 40.375 0
2025-07-10T20:07:22.010000 55.64450000000001 40.375 0
2025-07-10T20:07:23.010000 55.634516000000005 40.375 0
2025-07-10T20:07:24.010000 55.618916 40.375 0
2025-07-10T20:07:25.010000 55.62328399999999 40.375 16384
2025-07-10T20:07:26.010000 55.618916 40.375 16384
2025-07-10T20:07:27.010000 55.62328399999999 40.375 16384
2025-07-10T20:07:28.010000 55.628899999999994 40.375 16384
2025-07-10T20:07:29.010000 55.638884 40.38875 16384
2025-07-10T20:07:30.010000 55.64450000000001 40.4375 16384
2025-07-10T20:07:31.010000 55.62577999999999 40.4375 16384
2025-07-10T20:07:32.010000 55.622659999999996 40.4375 16384
2025-07-10T20:07:33.010000 55.61954 40.4375 16384
2025-07-10T20:07:34.010000 55.622659999999996 40.4375 16384
2025-07-10T20:07:35.010000 55.61954 40.4375 0
2025-07-10T20:07:36.010000 55.622659999999996 40.4375 0
2025-07-10T20:07:37.010000 55.63826 40.4375 0
2025-07-10T20:07:38.010000 55.63513999999999 40.4375 0
2025-07-10T20:07:39.010000 55.628899999999994 40.4375 0
2025-07-10T20:07:40.010000 55.61018 40.4375 0
2025-07-10T20:07:41.010000 55.61642 40.4375 0
2025-07-10T20:07:42.010000 55.628899999999994 40.4375 0
2025-07-10T20:07:43.010000 55.628899999999994 40.4375 0
2025-07-10T20:07:44.010000 55.61954 40.4375 0
2025-07-10T20:07:45.010000 55.62297199999999 40.4375 0
2025-07-10T20:07:46.010000 55.619228 40.4375 0
2025-07-10T20:07:47.010000 55.62297199999999 40.40875 0
2025-07-10T20:07:48.010000 55.600185714285715 40.375 0
2025-07-10T20:07:49.010000 55.5918125 40.375 0
2025-07-10T20:07:50.010000 55.59770000000001 40.43125 0
2025-07-10T20:07:51.010000 55.607372 40.4375 0
2025-07-10T20:07:52.015000 55.6133 40.4375 16384
2025-07-10T20:07:53.010000 55.593894 40.4375 16384
2025-07-10T20:07:54.016000 55.591734 40.4375 16384
2025-07-10T20:07:55.010000 55.587652 40.4375 0
2025-07-10T20:07:56.010000 55.602032 40.4375 0
2025-07-10T20:07:57.010000 55.60331599999999 40.4375 0
2025-07-10T20:07:58.010000 55.59770000000001 40.4375 0
2025-07-10T20:07:59.010000 55.59770000000001 40.4375 0
2025-07-10T20:08:00.010000 55.59770000000001 40.4375 0
2025-07-10T20:08:01.010000 55.587652 40.4375 0
2025-07-10T20:08:02.013000 55.592048000000005 40.4375 0
2025-07-10T20:08:03.010000 55.587652 40.4375 0
2025-07-10T20:08:04.010000 55.591932653061235 40.4375 0
2025-07-10T20:08:05.010000 55.58000416666666 40.4375 0
2025-07-10T20:08:06.010000 55.57029999999999 40.4375 0
2025-07-10T20:08:07.010000 55.57029999999999 40.4375 0
2025-07-10T20:08:08.010000 55.560004000000006 40.4375 0
2025-07-10T20:08:09.010000 55.563748 40.4375 0
2025-07-10T20:08:10.010000 55.56094000000001 40.4375 0
2025-07-10T20:08:11.010000 55.57108 40.4375 0
2025-07-10T20:08:12.010000 55.58200000000001 40.4375 0
2025-07-10T20:08:13.010000 55.58200000000001 40.4375 0
2025-07-10T20:08:14.010000 55.57498 40.4375 0
2025-07-10T20:08:15.011000 55.57732 40.4375 0
2025-07-10T20:08:16.010000 55.58200000000001 40.4375 0
2025-07-10T20:08:17.010000 55.565619999999996 40.4375 0
2025-07-10T20:08:18.010000 55.54534 40.4375 0
2025-07-10T20:08:19.010000 55.54846 40.4375 0
2025-07-10T20:08:20.010000 55.52655999999999 40.4375 0
2025-07-10T20:08:21.010000 55.52720600000001 40.4375 0
2025-07-10T20:08:22.010000 55.5391 40.4375 0
2025-07-10T20:08:23.010000 55.5391 40.4375 0
2025-07-10T20:08:24.010000 55.548772 40.4375 0
2025-07-10T20:08:25.010000 55.545028 40.4375 0
2025-07-10T20:08:26.010000 55.548772 40.4375 0
2025-07-10T20:08:27.010000 55.55470000000001 40.4375 0
2025-07-10T20:08:28.010000 55.545028 40.4375 0
2025-07-10T20:08:29.011000 55.52936599999999 40.4375 0
2025-07-10T20:08:30.010000 55.53313400000001 40.4375 0
2025-07-10T20:08:31.010000 55.5391 40.4375 0
2025-07-10T20:08:32.010000 55.52905199999999 40.4375 0
2025-07-10T20:08:33.010000 55.513416 40.4375 0
2025-07-10T20:08:34.011000 55.50779999999999 40.4375 0
2025-07-10T20:08:35.010000 55.50779999999999 40.4375 0
2025-07-10T20:08:36.010000 55.51778399999999 40.4375 0
2025-07-10T20:08:37.010000 55.513416 40.4375 0
2025-07-10T20:08:38.010000 55.51778399999999 40.4375 0
2025-07-10T20:08:39.011000 55.513416 40.4375 0
2025-07-10T20:08:40.010000 55.52783200000001 40.4375 0
2025-07-10T20:08:41.010000 55.52905199999999 40.4375 0
2025-07-10T20:08:42.010000 55.5234 40.4375 0
2025-07-10T20:08:43.010000 55.5234 40.4375 0
2025-07-10T20:08:44.010000 55.533762 40.4375 0
2025-07-10T20:08:45.010000 55.5391 40.4375 0
2025-07-10T20:08:46.010000 55.528738 40.4375 0
2025-07-10T20:08:47.011000 55.54217999999999 40.4375 0
2025-07-10T20:08:48.010000 55.55470000000001 40.4375 0
2025-07-10T20:08:49.013000 55.54534 40.4375 0
2025-07-10T20:08:50.010000 55.54846 40.4375 0
2025-07-10T20:08:51.010000 55.55470000000001 40.4375 0
2025-07-10T20:08:52.010000 55.54534 40.4375 0
2025-07-10T20:08:53.010000 55.5391 40.4375 0
2025-07-10T20:08:54.010000 55.54846 40.4375 0
2025-07-10T20:08:55.010000 55.54534 40.4375 0
2025-07-10T20:08:56.010000 55.54846 40.4375 0
2025-07-10T20:08:57.010000 55.55470000000001 40.4375 0
2025-07-10T20:08:58.010000 55.55470000000001 40.4375 0
2025-07-10T20:08:59.010000 55.55470000000001 40.4375 0
2025-07-10T20:09:00.010000 55.55470000000001 40.4375 0
2025-07-10T20:09:01.010000 55.55470000000001 40.4375 0
2025-07-10T20:09:02.010000 55.55470000000001 40.4375 0
2025-07-10T20:09:03.010000 55.55470000000001 40.4375 0
2025-07-10T20:09:04.011000 55.55470000000001 40.4375 0
2025-07-10T20:09:05.010000 55.55470000000001 40.4375 0
2025-07-10T20:09:06.010000 55.55470000000001 40.4375 0
2025-07-10T20:09:07.010000 55.545028 40.4375 0
2025-07-10T20:09:08.010000 55.549084 40.4375 0
2025-07-10T20:09:09.010000 55.564684 40.4375 0
2025-07-10T20:09:10.010000 55.560316 40.4375 0
2025-07-10T20:09:11.010000 55.572171999999995 40.4375 0
2025-07-10T20:09:12.010000 55.574512 40.4375 0
2025-07-10T20:09:13.010000 55.57029999999999 40.4375 0
2025-07-10T20:09:14.010000 55.57029999999999 40.4375 0
2025-07-10T20:09:15.010000 55.57029999999999 40.4375 0
2025-07-10T20:09:16.010000 55.57029999999999 40.4375 0
2025-07-10T20:09:17.010000 55.577788 40.4375 0
2025-07-10T20:09:18.010000 55.58200000000001 40.4375 0
2025-07-10T20:09:19.010000 55.58200000000001 40.4375 0
2025-07-10T20:09:20.010000 55.592362 40.4375 0
2025-07-10T20:09:21.010000 55.587338 40.4375 0
2025-07-10T20:09:22.010000 55.58200000000001 40.4375 0
2025-07-10T20:09:23.010000 55.592362 40.4375 0
2025-07-10T20:09:24.010000 55.587338 40.4375 0
2025-07-10T20:09:25.010000 55.57498 40.4375 0
2025-07-10T20:09:26.010000 55.57732 40.4375 0
2025-07-10T20:09:27.010000 55.58200000000001 40.4375 0
2025-07-10T20:09:28.010000 55.59142000000001 40.4375 0
2025-07-10T20:09:29.015000 55.58828 40.4375 0
2025-07-10T20:09:30.010000 55.57498 40.4375 0
2025-07-10T20:09:31.010000 55.586740000000006 40.4375 0
2025-07-10T20:09:32.011000 55.59770000000001 40.4375 0
2025-07-10T20:09:33.010000 55.59770000000002 40.4375 0
2025-07-10T20:09:34.010000 55.59770000000001 40.4375 16384
2025-07-10T20:09:35.010000 55.59770000000001 40.4375 16384
2025-07-10T20:09:36.010000 55.59770000000001 40.4375 16384
2025-07-10T20:09:37.010000 55.59770000000001 40.4375 0
2025-07-10T20:09:38.010000 55.587965999999994 40.4425 0
2025-07-10T20:09:39.010000 55.591734 40.5 0
2025-07-10T20:09:40.010000 55.59770000000001 40.5 0
2025-07-10T20:09:41.010000 55.59770000000001 40.46625 0
2025-07-10T20:09:42.010000 55.607372 40.4375 0
2025-07-10T20:09:43.011000 55.593267999999995 40.4375 0
2025-07-10T20:09:44.010000 55.592048000000005 40.4375 0
2025-07-10T20:09:45.010000 55.59770000000001 40.4375 0
2025-07-10T20:09:46.010000 55.607684 40.4375 0
2025-07-10T20:09:47.026000 55.60331599999999 40.4375 0
2025-07-10T20:09:48.010000 55.607684 40.4375 0
2025-07-10T20:09:49.010000 55.6133 40.4375 0
2025-07-10T20:09:50.010000 55.62328399999999 40.4375 0
2025-07-10T20:09:51.010000 55.608932 40.4375 0
2025-07-10T20:09:52.010000 55.59770000000001 40.4375 0
2025-07-10T20:09:53.011000 55.59770000000001 40.4375 0
2025-07-10T20:09:54.010000 55.607996 40.4375 0
2025-07-10T20:09:55.010000 55.6133 40.4375 0
2025-07-10T20:09:56.010000 55.6133 40.4375 0
2025-07-10T20:09:57.011000 55.603004 40.4375 0
2025-07-10T20:09:58.010000 55.607996 40.4375 0
2025-07-10T20:09:59.010000 55.6133 40.4375 0
2025-07-10T20:10:00.010000 55.623596 40.4375 0
2025-07-10T20:10:01.010000 55.628899999999994 40.4375 0
2025-07-10T20:10:02.010000 55.618604 40.4375 16384
2025-07-10T20:10:03.028000 55.622659999999996 40.4375 16384
2025-07-10T20:10:04.010000 55.61018 40.4375 16384
2025-07-10T20:10:05.010000 55.58828 40.4375 0
2025-07-10T20:10:06.010000 55.58200000000001 40.44875 0
2025-07-10T20:10:07.010000 55.58200000000001 40.5 0
2025-07-10T20:10:08.010000 55.58200000000001 40.5 0
2025-07-10T20:10:09.010000 55.57498 40.46 0
2025-07-10T20:10:10.010000 55.57029999999999 40.4375 0
2025-07-10T20:10:11.010000 55.577554 40.4375 0
2025-07-10T20:10:12.011000 55.58200000000001 40.4375 0
2025-07-10T20:10:13.010000 55.58200000000001 40.4375 0
2025-07-10T20:10:14.010000 55.58200000000001 40.4375 0
2025-07-10T20:10:15.010000 55.58200000000001 40.4375 0
2025-07-10T20:10:16.010000 55.58200000000001 40.4375 0
2025-07-10T20:10:17.010000 55.58200000000001 40.4375 0
2025-07-10T20:10:18.010000 55.574746 40.4375 0
2025-07-10T20:10:19.010000 55.577554 40.4375 0
2025-07-10T20:10:20.010000 55.574746 40.4375 0
2025-07-10T20:10:21.010000 55.57029999999999 40.4375 0
2025-07-10T20:10:22.010000 55.57029999999999 40.4375 0
2025-07-10T20:10:23.010000 55.57029999999999 40.4375 0
2025-07-10T20:10:24.010000 55.57029999999999 40.4375 0
2025-07-10T20:10:25.010000 55.560316 40.4375 0
2025-07-10T20:10:26.010000 55.564684 40.4375 0
2025-07-10T20:10:27.010000 55.560316 40.4375 0
2025-07-10T20:10:28.010000 55.55470000000001 40.4375 0
2025-07-10T20:10:29.011000 55.55470000000001 40.4375 0
2025-07-10T20:10:30.010000 55.54471600000001 40.4375 16384
2025-07-10T20:10:31.010000 55.5391 40.4375 16384
2025-07-10T20:10:32.012000 55.549084 40.4375 0
2025-07-10T20:10:33.010000 55.53404199999999 40.4375 0
2025-07-10T20:10:34.010000 55.533762 40.4525 0
2025-07-10T20:10:35.010000 55.528738 40.5 0
2025-07-10T20:10:36.010000 55.5234 40.5 0
2025-07-10T20:10:37.010000 55.51310399999999 40.45625 0
2025-07-10T20:10:38.010000 55.497504000000006 40.4375 0
2025-07-10T20:10:39.010000 55.502495999999994 40.4375 0
2025-07-10T20:10:40.010000 55.50779999999999 40.4375 0
2025-07-10T20:10:41.010000 55.49844000000001 40.4375 0
2025-07-10T20:10:42.010000 55.50155999999999 40.4375 0
2025-07-10T20:10:43.010000 55.49844000000001 40.4375 16384
2025-07-10T20:10:44.010000 55.48284 40.4375 16384
2025-07-10T20:10:45.010000 55.48596 40.4375 0
2025-07-10T20:10:46.010000 55.50155999999999 40.4375 0
2025-07-10T20:10:47.010000 55.49844000000001 40.47375 0
2025-07-10T20:10:48.010000 55.482528 40.5 0
2025-07-10T20:10:49.010000 55.49594400000001 40.49625 0
2025-07-10T20:10:50.010000 55.50779999999999 40.4375 16384
2025-07-10T20:10:51.010000 55.50779999999999 40.4375 16384
2025-07-10T20:10:52.010000 55.50779999999999 40.4375 16384
2025-07-10T20:10:53.010000 55.49812800000001 40.4375 0
2025-07-10T20:10:54.010000 55.49220000000001 40.43875 0
2025-07-10T20:10:55.010000 55.50187199999999 40.5 0
2025-07-10T20:10:56.010000 55.49812800000001 40.5 0
2025-07-10T20:10:57.010000 55.49220000000001 40.5 0
2025-07-10T20:10:58.010000 55.49220000000001 40.5 0
2025-07-10T20:10:59.010000 55.49220000000001 40.5 0
2025-07-10T20:11:00.011000 55.48221600000001 40.44125 0
2025-07-10T20:11:01.010000 55.4766 40.4375 0
2025-07-10T20:11:02.010000 55.4766 40.4375 0
2025-07-10T20:11:03.010000 55.4766 40.4375 0
2025-07-10T20:11:04.010000 55.4766 40.4375 0
2025-07-10T20:11:05.010000 55.469048 40.4925 0
2025-07-10T20:11:06.010000 55.472352 40.5 0
2025-07-10T20:11:07.013000 55.4766 40.5 0
2025-07-10T20:11:08.010000 55.4766 40.5 16384
2025-07-10T20:11:09.010000 55.4766 40.5 16384
2025-07-10T20:11:10.010000 55.4766 40.45 0
2025-07-10T20:11:11.010000 55.4766 40.4375 0
2025-07-10T20:11:12.010000 55.4766 40.455 0
2025-07-10T20:11:13.010000 55.4766 40.5 0
2025-07-10T20:11:14.010000 55.48689600000001 40.5 0
2025-07-10T20:11:15.010000 55.48190400000001 40.5 0
2025-07-10T20:11:16.010000 55.497192000000005 40.5 0
2025-07-10T20:11:17.010000 55.497504000000006 40.5 0
2025-07-10T20:11:18.010000 55.48190400000001 40.5 0
2025-07-10T20:11:19.010000 55.48596 40.5 0
2025-07-10T20:11:20.010000 55.50155999999999 40.45625 0
2025-07-10T20:11:21.010000 55.49844000000001 40.4375 0
2025-07-10T20:11:22.010000 55.50155999999999 40.44875 0
2025-07-10T20:11:23.010000 55.48908 40.5 0
2025-07-10T20:11:24.011000 55.48596 40.5 0
2025-07-10T20:11:25.010000 55.49220000000001 40.5 0
2025-07-10T20:11:26.010000 55.49220000000001 40.5 0
2025-07-10T20:11:27.010000 55.511543999999994 40.5 0
2025-07-10T20:11:28.010000 55.50405599999999 40.5 0
2025-07-10T20:11:29.011000 55.50187199999999 40.5 0
2025-07-10T20:11:30.010000 55.517472 40.465 0
2025-07-10T20:11:31.010000 55.513728 40.4375 0
2025-07-10T20:11:32.010000 55.49812800000001 40.44 0
2025-07-10T20:11:33.010000 55.5215125 40.5 0
2025-07-10T20:11:34.010000 55.51929795918368 40.5 0
2025-07-10T20:11:35.010000 55.50779999999999 40.5 16384
2025-07-10T20:11:36.010000 55.51778399999999 40.5 16384
2025-07-10T20:11:37.010000 55.5234 40.5 16384
2025-07-10T20:11:38.010000 55.5234 40.5 0
2025-07-10T20:11:39.010000 55.53344800000001 40.5 0
2025-07-10T20:11:40.010000 55.52905199999999 40.5 0
2025-07-10T20:11:41.010000 55.543431999999996 40.5 0
2025-07-10T20:11:42.010000 55.53466799999999 40.5 0
2025-07-10T20:11:43.010000 55.53344800000001 40.5 0
2025-07-10T20:11:44.010000 55.52905199999999 40.5 0
2025-07-10T20:11:45.010000 55.543431999999996 40.5 0
2025-07-10T20:11:46.010000 55.55470000000001 40.5 0
2025-07-10T20:11:47.010000 55.55470000000001 40.5 0
2025-07-10T20:11:48.010000 55.54440400000001 40.5 0
2025-07-10T20:11:49.015000 55.54939600000001 40.5 0
2025-07-10T20:11:50.010000 55.54440400000001 40.5 0
2025-07-10T20:11:51.010000 55.528738 40.5 0
2025-07-10T20:11:52.010000 55.5234 40.5 0
2025-07-10T20:11:53.010000 55.51310399999999 40.5 0
2025-07-10T20:11:54.010000 55.51809599999999 40.5 0
2025-07-10T20:11:55.010000 55.492512000000005 40.5 0
2025-07-10T20:11:56.010000 55.48689600000001 40.5 0
2025-07-10T20:11:57.010000 55.49220000000001 40.5 0
2025-07-10T20:11:58.010000 55.50155999999999 40.5 0
2025-07-10T20:11:59.010000 55.50779999999999 40.5 0
2025-07-10T20:12:00.011000 55.51716 40.5 0
2025-07-10T20:12:01.010000 55.5234 40.5 0
2025-07-10T20:12:02.010000 55.51404 40.5 0
2025-07-10T20:12:03.010000 55.517472 40.5 0
2025-07-10T20:12:04.010000 55.5234 40.5 0
2025-07-10T20:12:05.010000 55.5234 40.5 0
2025-07-10T20:12:06.010000 55.513728 40.5 0
2025-07-10T20:12:07.010000 55.517472 40.5 0
2025-07-10T20:12:08.010000 55.513728 40.5 0
2025-07-10T20:12:09.010000 55.517472 40.5 0
2025-07-10T20:12:10.010000 55.5234 40.5 0
2025-07-10T20:12:11.010000 55.513728 40.5 0
2025-07-10T20:12:12.010000 55.50779999999999 40.5 0
2025-07-10T20:12:13.010000 55.517472 40.5 0
2025-07-10T20:12:14.010000 55.50405599999999 40.5 0
2025-07-10T20:12:15.010000 55.512167999999996 40.5 0
2025-07-10T20:12:16.010000 55.513416 40.5 0
2025-07-10T20:12:17.012000 55.52783200000001 40.5 0
2025-07-10T20:12:18.010000 55.52905199999999 40.5 0
2025-07-10T20:12:19.010000 55.513416 40.5 0
2025-07-10T20:12:20.010000 55.51778399999999 40.5 0
2025-07-10T20:12:21.010000 55.513416 40.5 0
2025-07-10T20:12:22.010000 55.51778399999999 40.5 0
2025-07-10T20:12:23.010000 55.513416 40.5 0
2025-07-10T20:12:24.013000 55.50779999999999 40.5 0
2025-07-10T20:12:25.010000 55.52845800000001 40.5 0
2025-07-10T20:12:26.010000 55.528738 40.5 0
2025-07-10T20:12:27.010000 55.5234 40.5 0
2025-07-10T20:12:28.010000 55.5234 40.5 0
2025-07-10T20:12:29.011000 55.533762 40.5 0
2025-07-10T20:12:30.010000 55.51844200000001 40.5 0
2025-07-10T20:12:31.010000 55.51809599999999 40.5 0
2025-07-10T20:12:32.010000 55.5234 40.5 0
2025-07-10T20:12:33.010000 55.5234 40.5 0
2025-07-10T20:12:34.010000 55.53397346938776 40.5 0
2025-07-10T20:12:35.010000 55.5391 40.5 0
2025-07-10T20:12:36.010000 55.52968 40.5 0
2025-07-10T20:12:37.010000 55.5234 40.5 0
2025-07-10T20:12:38.010000 55.5234 40.5 0
2025-07-10T20:12:39.010000 55.5234 40.5 0
2025-07-10T20:12:40.010000 55.5234 40.5 0
2025-07-10T20:12:41.010000 55.513728 40.5 0
2025-07-10T20:12:42.010000 55.517472 40.5 0
2025-07-10T20:12:43.010000 55.513728 40.5 0
2025-07-10T20:12:44.010000 55.50779999999999 40.5 0
2025-07-10T20:12:45.010000 55.50779999999999 40.5 0
2025-07-10T20:12:46.010000 55.49812800000001 40.5 0
2025-07-10T20:12:47.010000 55.50187199999999 40.5 0
2025-07-10T20:12:48.010000 55.50779999999999 40.5 0
2025-07-10T20:12:49.010000 55.50779999999999 40.5 0
2025-07-10T20:12:50.010000 55.49812800000001 40.5 0
2025-07-10T20:12:51.010000 55.50187199999999 40.5 0
2025-07-10T20:12:52.010000 55.50779999999999 40.5 0
2025-07-10T20:12:53.010000 55.50779999999999 40.5 0
2025-07-10T20:12:54.010000 55.497816 40.5 0
2025-07-10T20:12:55.010000 55.512167999999996 40.5 0
2025-07-10T20:12:56.010000 55.5234 40.5 0
2025-07-10T20:12:57.010000 55.503432 40.5 0
2025-07-10T20:12:58.010000 55.512167999999996 40.5 0
2025-07-10T20:12:59.010000 55.5234 40.5 0
2025-07-10T20:13:00.010000 55.513416 40.5 0
2025-07-10T20:13:01.010000 55.50779999999999 40.5 0
2025-07-10T20:13:02.010000 55.51778399999999 40.5 0
2025-07-10T20:13:03.010000 55.492512000000005 40.5 0
2025-07-10T20:13:04.010000 55.4766 40.5 0
2025-07-10T20:13:05.010000 55.4766 40.5 0
2025-07-10T20:13:06.011000 55.48689600000001 40.5 0
2025-07-10T20:13:07.010000 55.49220000000001 40.5 0
2025-07-10T20:13:08.010000 55.49220000000001 40.5 0
2025-07-10T20:13:09.010000 55.502495999999994 40.5 0
2025-07-10T20:13:10.010000 55.50779999999999 40.5 0
2025-07-10T20:13:11.010000 55.497504000000006 40.5 0
2025-07-10T20:13:12.010000 55.49220000000001 40.5 0
2025-07-10T20:13:13.010000 55.48190400000001 40.5 0
2025-07-10T20:13:14.010000 55.46952 40.5 0
2025-07-10T20:13:15.010000 55.46479999999999 40.5 0
2025-07-10T20:13:16.010000 55.46479999999999 40.5 0
2025-07-10T20:13:17.010000 55.455128 40.5 0
2025-07-10T20:13:18.010000 55.429856 40.5 0
2025-07-10T20:13:19.010000 55.408266 40.5 0
2025-07-10T20:13:20.010000 55.421706000000015 40.5 0
2025-07-10T20:13:21.010000 55.414193999999995 40.5 0
2025-07-10T20:13:22.010000 55.431378 40.5 0
2025-07-10T20:13:23.010000 55.43952800000001 40.5 0
2025-07-10T20:13:24.010000 55.433600000000006 40.5 0
2025-07-10T20:13:25.010000 55.423928 40.5 0
2025-07-10T20:13:26.010000 55.427672 40.5 0
2025-07-10T20:13:27.010000 55.433600000000006 40.5 0
2025-07-10T20:13:28.010000 55.433600000000006 40.5 0
2025-07-10T20:13:29.010000 55.423928 40.5 0
2025-07-10T20:13:30.010000 55.41799999999999 40.5 0
2025-07-10T20:13:31.010000 55.427983999999995 40.5 0
2025-07-10T20:13:32.010000 55.423616 40.5 0
2025-07-10T20:13:33.010000 55.41799999999999 40.5 0
2025-07-10T20:13:34.011000 55.41799999999999 40.5 0
2025-07-10T20:13:35.010000 55.41799999999999 40.5 0
2025-07-10T20:13:36.010000 55.427983999999995 40.5 0
2025-07-10T20:13:37.010000 55.423616 40.5 0
2025-07-10T20:13:38.010000 55.427983999999995 40.5 0
2025-07-10T20:13:39.010000 55.433600000000006 40.5 0
2025-07-10T20:13:40.010000 55.42330400000001 40.5 0
2025-07-10T20:13:41.011000 55.42829600000001 40.5 0
2025-07-10T20:13:42.010000 55.443896 40.5 0
2025-07-10T20:13:43.010000 55.438904 40.5 0
2025-07-10T20:13:44.011000 55.443896 40.5 0
2025-07-10T20:13:45.010000 55.438904 40.5 0
2025-07-10T20:13:46.011000 55.433600000000006 40.5 0
2025-07-10T20:13:47.010000 55.443896 40.5 0
2025-07-10T20:13:48.011000 55.4492 40.5 0
2025-07-10T20:13:49.010000 55.4492 40.5 0
2025-07-10T20:13:50.010000 55.4492 40.5 0
2025-07-10T20:13:51.010000 55.4492 40.5 0
2025-07-10T20:13:52.010000 55.466188 40.5 0
2025-07-10T20:13:53.010000 55.46952 40.5 0
2025-07-10T20:13:54.010000 55.47211600000001 40.5 0
2025-07-10T20:13:55.010000 55.46928400000001 40.5 0
2025-07-10T20:13:56.010000 55.455128 40.5 0
2025-07-10T20:13:57.010000 55.458872 40.5 0
2025-07-10T20:13:58.010000 55.46479999999999 40.5 0
2025-07-10T20:13:59.010000 55.46479999999999 40.5 0
2025-07-10T20:14:00.010000 55.46479999999999 40.5 0
2025-07-10T20:14:01.010000 55.455128 40.5 0
2025-07-10T20:14:02.011000 55.4492 40.5 0
2025-07-10T20:14:03.010000 55.4492 40.5 0
2025-07-10T20:14:04.010000 55.458872 40.5 0
2025-07-10T20:14:05.010000 55.455128 40.5 0
2025-07-10T20:14:06.010000 55.45918400000001 40.5 0
2025-07-10T20:14:07.010000 55.46479999999999 40.5 0
2025-07-10T20:14:08.010000 55.46479999999999 40.5 0
2025-07-10T20:14:09.010000 55.46479999999999 40.5 0
2025-07-10T20:14:10.011000 55.454816 40.5 0
2025-07-10T20:14:11.010000 55.45918400000001 40.5 0
2025-07-10T20:14:12.011000 55.454816 40.5 0
2025-07-10T20:14:13.010000 55.45918400000001 40.5 0
2025-07-10T20:14:14.011000 55.46479999999999 40.5 0
2025-07-10T20:14:15.010000 55.46479999999999 40.5 0
2025-07-10T20:14:16.010000 55.454816 40.5 0
2025-07-10T20:14:17.010000 55.438904 40.5 0
2025-07-10T20:14:18.010000 55.443896 40.5 0
2025-07-10T20:14:19.010000 55.4492 40.5 0
2025-07-10T20:14:20.010000 55.4492 40.5 0
2025-07-10T20:14:21.010000 55.4492 40.5 0
2025-07-10T20:14:22.010000 55.4492 40.5 0
2025-07-10T20:14:23.010000 55.438904 40.5 0
2025-07-10T20:14:24.010000 55.454192000000006 40.5 0
2025-07-10T20:14:25.010000 55.46479999999999 40.5 0
2025-07-10T20:14:26.010000 55.46479999999999 40.5 0
2025-07-10T20:14:27.010000 55.472824 40.5 0
2025-07-10T20:14:28.010000 55.48689600000001 40.5 0
2025-07-10T20:14:29.010000 55.481592 40.5 0
2025-07-10T20:14:30.010000 55.4766 40.5 0
2025-07-10T20:14:31.010000 55.486272 40.5 0
2025-07-10T20:14:32.010000 55.49220000000001 40.5 0
2025-07-10T20:14:33.010000 55.482528 40.5 0
2025-07-10T20:14:34.010000 55.4766 40.5 0
2025-07-10T20:14:35.010000 55.4766 40.5 0
2025-07-10T20:14:36.011000 55.4766 40.5 0
2025-07-10T20:14:37.010000 55.486272 40.5 0
2025-07-10T20:14:38.010000 55.47521199999999 40.5 16384
2025-07-10T20:14:39.010000 55.47211600000001 40.5 16384
2025-07-10T20:14:40.010000 55.4766 40.5 16384
2025-07-10T20:14:41.012000 55.46928400000001 40.5 0
2025-07-10T20:14:42.010000 55.47211600000001 40.5 0
2025-07-10T20:14:43.010000 55.4766 40.5625 0
2025-07-10T20:14:44.004000 55.4766 40.5625 0
2025-07-10T20:14:45.010000 55.486584 40.53375 16384
2025-07-10T20:14:46.010000 55.49220000000001 40.5 16384
2025-07-10T20:14:47.010000 55.49220000000001 40.5 16384
2025-07-10T20:14:48.010000 55.48221600000001 40.5 0
2025-07-10T20:14:49.010000 55.469048 40.5 0
2025-07-10T20:14:50.010000 55.472352 40.525 0
2025-07-10T20:14:51.010000 55.486584 40.5625 0
2025-07-10T20:14:52.010000 55.48221600000001 40.5625 0
2025-07-10T20:14:53.010000 55.469048 40.50875 0
2025-07-10T20:14:54.010000 55.482884000000006 40.5 0
2025-07-10T20:14:55.011000 55.48190400000001 40.5 0
2025-07-10T20:14:56.010000 55.487106122448985 40.5 0
2025-07-10T20:14:57.010000 55.48190400000001 40.5 0
2025-07-10T20:14:58.010000 55.48689600000001 40.5 0
2025-07-10T20:14:59.010000 55.47411599999999 40.5 0
2025-07-10T20:15:00.010000 55.472588 40.5 0
2025-07-10T20:15:01.010000 55.4766 40.5 16384
2025-07-10T20:15:02.010000 55.48689600000001 40.5 16384
2025-07-10T20:15:03.010000 55.48190400000001 40.5 16384
2025-07-10T20:15:04.010000 55.4766 40.5 0
2025-07-10T20:15:05.010000 55.4766 40.50875 0
2025-07-10T20:15:06.010000 55.468576000000006 40.5625 0
2025-07-10T20:15:07.010000 55.472588 40.5625 0
2025-07-10T20:15:08.010000 55.4766 40.525 16384
2025-07-10T20:15:09.010000 55.4766 40.5 16384
2025-07-10T20:15:10.010000 55.4766 40.5 16384
2025-07-10T20:15:11.010000 55.4766 40.5 0
2025-07-10T20:15:12.010000 55.486272 40.5 0
2025-07-10T20:15:13.010000 55.482528 40.53375 0
2025-07-10T20:15:14.011000 55.4766 40.5625 16384
2025-07-10T20:15:15.010000 55.486272 40.56125 16384
2025-07-10T20:15:16.010000 55.49220000000001 40.5 0
2025-07-10T20:15:17.010000 55.482528 40.5 0
2025-07-10T20:15:18.010000 55.486272 40.53 0
2025-07-10T20:15:19.010000 55.49220000000001 40.5625 0
2025-07-10T20:15:20.010000 55.48221600000001 40.5625 0
2025-07-10T20:15:21.010000 55.4766 40.50125 0
2025-07-10T20:15:22.010000 55.486584 40.5 0
2025-07-10T20:15:23.010000 55.49220000000001 40.5 0
2025-07-10T20:15:24.010000 55.49220000000001 40.5 0
2025-07-10T20:15:25.010000 55.48221600000001 40.5 0
2025-07-10T20:15:26.010000 55.486584 40.5 0
2025-07-10T20:15:27.012000 55.49220000000001 40.5 0
2025-07-10T20:15:28.010000 55.49220000000001 40.5 0
2025-07-10T20:15:29.010000 55.48190400000001 40.5 0
2025-07-10T20:15:30.011000 55.468812 40.5 0
2025-07-10T20:15:31.010000 55.472588 40.5 0
2025-07-10T20:15:32.010000 55.458516 40.5 0
2025-07-10T20:15:33.010000 55.459496 40.5 0
2025-07-10T20:15:34.010000 55.444207999999996 40.5 0
2025-07-10T20:15:35.010000 55.433600000000006 40.5 0
2025-07-10T20:15:36.010000 55.42330400000001 40.5 0
2025-07-10T20:15:37.010000 55.41799999999999 40.5 0
2025-07-10T20:15:38.010000 55.43859200000001 40.5 0
2025-07-10T20:15:39.010000 55.4492 40.5 0
2025-07-10T20:15:40.010000 55.4492 40.5 0
2025-07-10T20:15:41.010000 55.4492 40.5 0
2025-07-10T20:15:42.010000 55.4492 40.5 0
2025-07-10T20:15:43.010000 55.43859200000001 40.5 0
2025-07-10T20:15:44.010000 55.433600000000006 40.5 16384
2025-07-10T20:15:45.010000 55.444207999999996 40.5 16384
2025-07-10T20:15:46.010000 55.43859200000001 40.5 16384
2025-07-10T20:15:47.010000 55.443272 40.5 0
2025-07-10T20:15:48.013000 55.43952800000001 40.50625 0
2025-07-10T20:15:49.010000 55.443272 40.5625 16384
2025-07-10T20:15:50.010000 55.4492 40.5625 16384
2025-07-10T20:15:51.010000 55.4492 40.5275 16384
2025-07-10T20:15:52.010000 55.4492 40.5 16384
2025-07-10T20:15:53.010000 55.43952800000001 40.50125 16384
2025-07-10T20:15:54.010000 55.443272 40.5625 0
2025-07-10T20:15:55.010000 55.4492 40.5625 0
2025-07-10T20:15:56.010000 55.45918400000001 40.5625 0
2025-07-10T20:15:57.010000 55.46479999999999 40.5625 0
2025-07-10T20:15:58.010000 55.444832000000005 40.5625 0
2025-07-10T20:15:59.010000 55.443584 40.5025 0
2025-07-10T20:16:00.010000 55.4492 40.5 0
2025-07-10T20:16:01.010000 55.4492 40.5 0
2025-07-10T20:16:02.011000 55.43921600000001 40.5 0
2025-07-10T20:16:03.010000 55.423616 40.5 0
2025-07-10T20:16:04.010000 55.41799999999999 40.5 0
2025-07-10T20:16:05.010000 55.41799999999999 40.5 0
2025-07-10T20:16:06.010000 55.41799999999999 40.5225 0
2025-07-10T20:16:07.010000 55.407638 40.5625 0
2025-07-10T20:16:08.010000 55.40229999999999 40.5625 0
2025-07-10T20:16:09.010000 55.422958 40.5125 0
2025-07-10T20:16:10.010000 55.433600000000006 40.5 0
2025-07-10T20:16:11.010000 55.433600000000006 40.5 0
2025-07-10T20:16:12.010000 55.42330400000001 40.5 0
2025-07-10T20:16:13.011000 55.407638 40.5 0
2025-07-10T20:16:14.010000 55.412662 40.5 0
2025-07-10T20:16:15.014000 55.407638 40.5 0
2025-07-10T20:16:16.016000 55.40229999999999 40.51 0
2025-07-10T20:16:17.010000 55.381707999999996 40.5625 16384
2025-07-10T20:16:18.010000 55.392316 40.5625 16384
2025-07-10T20:16:19.010000 55.40229999999999 40.52375 16384
2025-07-10T20:16:20.010000 55.40229999999999 40.5 0
2025-07-10T20:16:21.010000 55.40229999999999 40.50625 0
2025-07-10T20:16:22.010000 55.391692000000006 40.5625 0
2025-07-10T20:16:23.010000 55.3867 40.5625 0
2025-07-10T20:16:24.010000 55.3867 40.52875 0
2025-07-10T20:16:25.010000 55.396372 40.5 0
2025-07-10T20:16:26.010000 55.40229999999999 40.5 0
2025-07-10T20:16:27.010000 55.412034000000006 40.5 0
2025-07-10T20:16:28.010000 55.408266 40.5 0
2025-07-10T20:16:29.010000 55.412034000000006 40.5 0
2025-07-10T20:16:30.010000 55.39859400000001 40.5 0
2025-07-10T20:16:31.010000 55.396372 40.5 0
2025-07-10T20:16:32.010000 55.40229999999999 40.55625 0
2025-07-10T20:16:33.010000 55.40229999999999 40.5625 0
2025-07-10T20:16:34.010000 55.392316 40.53875 0
2025-07-10T20:16:35.010000 55.3867 40.5 16384
2025-07-10T20:16:36.010000 55.39668400000001 40.5 16384
2025-07-10T20:16:37.010000 55.40229999999999 40.5 0
2025-07-10T20:16:38.010000 55.40229999999999 40.5 0
2025-07-10T20:16:39.010000 55.382332000000005 40.51875 0
2025-07-10T20:16:40.010000 55.371100000000006 40.5625 0
2025-07-10T20:16:41.010000 55.371100000000006 40.5625 0
2025-07-10T20:16:42.010000 55.371100000000006 40.5625 0
2025-07-10T20:16:43.010000 55.371100000000006 40.5625 0
2025-07-10T20:16:44.010000 55.36080400000001 40.54625 0
2025-07-10T20:16:45.010000 55.35549999999999 40.5 0
2025-07-10T20:16:46.010000 55.347778 40.5 0
2025-07-10T20:16:47.012000 55.33343800000001 40.5 0
2025-07-10T20:16:48.010000 55.317803999999995 40.5 0
2025-07-10T20:16:49.010000 55.3125 40.5 0
2025-07-10T20:16:50.010000 55.3125 40.5 16384
2025-07-10T20:16:51.011000 55.3125 40.5 16384
2025-07-10T20:16:52.010000 55.322796 40.5 16384
2025-07-10T20:16:53.010000 55.307508 40.5 0
2025-07-10T20:16:54.010000 55.275616 40.50625 0
2025-07-10T20:16:55.010000 55.26559999999999 40.5625 0
2025-07-10T20:16:56.010000 55.254992 40.5625 0
2025-07-10T20:16:57.010000 55.231436 40.52625 16384
2025-07-10T20:16:58.010000 55.212024 40.5 16384
2025-07-10T20:16:59.010000 55.217676000000004 40.5 16384
2025-07-10T20:17:00.010000 55.233307999999994 40.5 0
2025-07-10T20:17:01.014000 55.246256 40.5 0
2025-07-10T20:17:02.010000 55.260608000000005 40.53125 0
2025-07-10T20:17:03.010000 55.255928000000004 40.5625 0
2025-07-10T20:17:04.010000 55.25 40.5625 0
2025-07-10T20:17:05.010000 55.25 40.5625 16384
2025-07-10T20:17:06.011000 55.25967200000001 40.5625 16384
2025-07-10T20:17:07.010000 55.255928000000004 40.53375 16384
2025-07-10T20:17:08.010000 55.25 40.5 0
2025-07-10T20:17:09.010000 55.25 40.5 0
2025-07-10T20:17:10.012000 55.25 40.55875 0
2025-07-10T20:17:11.010000 55.25 40.5625 0
2025-07-10T20:17:12.010000 55.25 40.5625 0
2025-07-10T20:17:13.010000 55.25 40.5625 0
2025-07-10T20:17:14.010000 55.259984 40.5625 0
2025-07-10T20:17:15.010000 55.275584 40.5625 0
2025-07-10T20:17:16.014000 55.261232 40.5625 0
2025-07-10T20:17:17.010000 55.259984 40.5425 0
2025-07-10T20:17:18.010000 55.26559999999999 40.5 0
2025-07-10T20:17:19.010000 55.26559999999999 40.5 0
2025-07-10T20:17:20.010000 55.275895999999996 40.54875 0
2025-07-10T20:17:21.011000 55.281200000000005 40.5625 0
2025-07-10T20:17:22.010000 55.281200000000005 40.54625 0
2025-07-10T20:17:23.010000 55.281200000000005 40.5 0
2025-07-10T20:17:24.010000 55.281200000000005 40.5 0
2025-07-10T20:17:25.010000 55.281200000000005 40.5 0
2025-07-10T20:17:26.010000 55.29156199999999 40.5 0
2025-07-10T20:17:27.010000 55.286538 40.5 0
2025-07-10T20:17:28.010000 55.281200000000005 40.5 16384
2025-07-10T20:17:29.010000 55.270903999999994 40.5 16384
2025-07-10T20:17:30.010000 55.276208000000004 40.53875 16384
2025-07-10T20:17:31.010000 55.27059199999999 40.5625 0
2025-07-10T20:17:32.010000 55.276208000000004 40.5625 0
2025-07-10T20:17:33.010000 55.281200000000005 40.5625 0
2025-07-10T20:17:34.010000 55.281200000000005 40.5625 0
2025-07-10T20:17:35.010000 55.291876 40.5275 0
2025-07-10T20:17:36.010000 55.286224000000004 40.5 0
2025-07-10T20:17:37.010000 55.30248400000001 40.5 0
2025-07-10T20:17:38.010000 55.291216000000006 40.5 0
2025-07-10T20:17:39.010000 55.27059199999999 40.5 0
2025-07-10T20:17:40.010000 55.286884 40.52875 16384
2025-07-10T20:17:41.010000 55.287166000000006 40.5625 16384
2025-07-10T20:17:42.010000 55.271527999999996 40.5625 16384
2025-07-10T20:17:43.010000 55.275272 40.5625 0
2025-07-10T20:17:44.010000 55.271527999999996 40.5625 0
2025-07-10T20:17:45.010000 55.26559999999999 40.5625 0
2025-07-10T20:17:46.010000 55.275584 40.5625 0
2025-07-10T20:17:47.010000 55.271216 40.5625 0
2025-07-10T20:17:48.010000 55.275584 40.51 0
2025-07-10T20:17:49.010000 55.281200000000005 40.5 0
2025-07-10T20:17:50.010000 55.271216 40.5 0
2025-07-10T20:17:51.010000 55.26559999999999 40.5 0
2025-07-10T20:17:52.010000 55.275584 40.5 0
2025-07-10T20:17:53.010000 55.281200000000005 40.5 16384
2025-07-10T20:17:54.010000 55.281200000000005 40.5 16384
2025-07-10T20:17:55.010000 55.281200000000005 40.5125 16384
2025-07-10T20:17:56.010000 55.271216 40.5625 16384
2025-07-10T20:17:57.010000 55.26559999999999 40.5625 16384
2025-07-10T20:17:58.010000 55.26559999999999 40.5625 16384
2025-07-10T20:17:59.010000 55.26559999999999 40.5625 0
2025-07-10T20:18:00.010000 55.275895999999996 40.5625 0
2025-07-10T20:18:01.010000 55.260608000000005 40.5625 0
2025-07-10T20:18:02.012000 55.242278 40.5625 0
2025-07-10T20:18:03.010000 55.246022 40.52375 0
2025-07-10T20:18:04.010000 55.25 40.5 0
2025-07-10T20:18:05.010000 55.25 40.50625 0
2025-07-10T20:18:06.010000 55.25 40.5625 0
2025-07-10T20:18:07.010000 55.260296 40.5625 0
2025-07-10T20:18:08.010000 55.255303999999995 40.5625 0
2025-07-10T20:18:09.012000 55.24204399999999 40.5625 0
2025-07-10T20:18:10.010000 55.2383 40.5625 0
2025-07-10T20:18:11.010000 55.2383 40.5625 0
2025-07-10T20:18:12.010000 55.227692 40.5625 0
2025-07-10T20:18:13.011000 55.22270000000001 40.53125 0
2025-07-10T20:18:14.010000 55.20141599999999 40.5 0
2025-07-10T20:18:15.010000 55.191399999999994 40.5 0
2025-07-10T20:18:16.010000 55.191399999999994 40.56125 0
2025-07-10T20:18:17.010000 55.212683999999996 40.5625 0
2025-07-10T20:18:18.010000 55.212024 40.5625 16384
2025-07-10T20:18:19.010000 55.197328 40.5625 16384
2025-07-10T20:18:20.010000 55.210806000000005 40.5625 16384
2025-07-10T20:18:21.010000 55.212965999999994 40.5625 0
2025-07-10T20:18:22.010000 55.20700000000001 40.5625 0
2025-07-10T20:18:23.010000 55.197328 40.5625 0
2025-07-10T20:18:24.010000 55.201072 40.5625 0
2025-07-10T20:18:25.010000 55.197328 40.5625 0
2025-07-10T20:18:26.010000 55.191399999999994 40.5625 0
2025-07-10T20:18:27.011000 55.191399999999994 40.5625 0
2025-07-10T20:18:28.010000 55.181416 40.5625 0
2025-07-10T20:18:29.010000 55.1758 40.5625 0
2025-07-10T20:18:30.010000 55.18578399999999 40.5625 0
2025-07-10T20:18:31.010000 55.181416 40.5625 0
2025-07-10T20:18:32.010000 55.18578399999999 40.5625 0
2025-07-10T20:18:33.010000 55.181416 40.5625 0
2025-07-10T20:18:34.010000 55.1758 40.5625 0
2025-07-10T20:18:35.010000 55.1758 40.5625 0
2025-07-10T20:18:36.010000 55.1758 40.5625 0
2025-07-10T20:18:37.010000 55.186096 40.5625 0
2025-07-10T20:18:38.010000 55.191399999999994 40.5625 0
2025-07-10T20:18:39.010000 55.191399999999994 40.5625 0
2025-07-10T20:18:40.010000 55.191399999999994 40.5625 0
2025-07-10T20:18:41.011000 55.191399999999994 40.5625 0
2025-07-10T20:18:42.010000 55.20169599999999 40.5625 0
2025-07-10T20:18:43.012000 55.19670399999999 40.5625 0
2025-07-10T20:18:44.010000 55.191399999999994 40.5625 0
2025-07-10T20:18:45.010000 55.191399999999994 40.5625 0
2025-07-10T20:18:46.011000 55.20169599999999 40.5625 0
2025-07-10T20:18:47.010000 55.196391999999996 40.5625 0
2025-07-10T20:18:48.010000 55.191399999999994 40.5625 0
2025-07-10T20:18:49.010000 55.191399999999994 40.5625 0
2025-07-10T20:18:50.010000 55.191399999999994 40.5625 0
2025-07-10T20:18:51.010000 55.212683999999996 40.5625 0
2025-07-10T20:18:52.010000 55.22270000000001 40.5625 0
2025-07-10T20:18:53.010000 55.20141599999999 40.5625 0
2025-07-10T20:18:54.010000 55.191399999999994 40.5625 0
2025-07-10T20:18:55.010000 55.212683999999996 40.5625 0
2025-07-10T20:18:56.010000 55.22270000000001 40.5625 0
2025-07-10T20:18:57.010000 55.232372 40.5625 0
2025-07-10T20:18:58.010000 55.228628 40.5625 0
2025-07-10T20:18:59.010000 55.232372 40.5625 0
2025-07-10T20:19:00.010000 55.22831599999999 40.5625 0
2025-07-10T20:19:01.010000 55.212652 40.5625 0
2025-07-10T20:19:02.010000 55.217048000000005 40.5625 0
2025-07-10T20:19:03.010000 55.22270000000001 40.5625 0
2025-07-10T20:19:04.010000 55.22270000000001 40.5625 0
2025-07-10T20:19:05.013000 55.22270000000001 40.5625 0
2025-07-10T20:19:06.010000 55.240172 40.5625 0
2025-07-10T20:19:07.010000 55.25 40.5625 0
2025-07-10T20:19:08.010000 55.25 40.5625 0
2025-07-10T20:19:09.010000 55.26625 40.5625 0
2025-07-10T20:19:10.010000 55.289152000000016 40.5625 0
2025-07-10T20:19:11.010000 55.210506 40.5625 0
2025-07-10T20:19:12.010000 55.171432 40.5625 0
2025-07-10T20:19:13.010000 55.168936 40.5625 0
2025-07-10T20:19:14.010000 55.182664 40.5625 0
2025-07-10T20:19:15.010000 55.16020000000001 40.5625 0
2025-07-10T20:19:16.010000 55.164568 40.5625 0
2025-07-10T20:19:17.010000 55.1758 40.5625 0
2025-07-10T20:19:18.011000 55.1758 40.5625 0
2025-07-10T20:19:19.010000 55.1758 40.5625 0
2025-07-10T20:19:20.010000 55.1758 40.5625 0
2025-07-10T20:19:21.010000 55.1758 40.5625 0
2025-07-10T20:19:22.011000 55.180168 40.5625 0
2025-07-10T20:19:23.010000 55.187968 40.5625 0
2025-07-10T20:19:24.010000 55.1758 40.5625 0
2025-07-10T20:19:25.010000 55.1758 40.5625 0
2025-07-10T20:19:26.010000 55.1758 40.5625 0
2025-07-10T20:19:27.010000 55.179232 40.5625 0
2025-07-10T20:19:28.010000 55.187656 40.5625 0
2025-07-10T20:19:29.010000 55.1758 40.5625 0
2025-07-10T20:19:30.010000 55.179375 40.5625 0
2025-07-10T20:19:31.012000 55.191399999999994 40.5625 0
2025-07-10T20:19:32.010000 55.191399999999994 40.5625 0
2025-07-10T20:19:33.010000 55.195144 40.5625 0
2025-07-10T20:19:34.010000 55.199512 40.5625 0
2025-07-10T20:19:35.010000 55.1758 40.5625 0
2025-07-10T20:19:36.010000 55.17205600000001 40.5625 0
2025-07-10T20:19:37.010000 55.163944 40.5625 0
2025-07-10T20:19:38.010000 55.183288000000005 40.5625 0
2025-07-10T20:19:39.010000 55.198888000000004 40.5625 0
2025-07-10T20:19:40.010000 55.1758 40.5625 0
2025-07-10T20:19:41.010000 55.179856 40.5625 0
2025-07-10T20:19:42.010000 55.191399999999994 40.5625 0
2025-07-10T20:19:43.010000 55.191399999999994 40.5625 0
2025-07-10T20:19:44.011000 55.191399999999994 40.5625 0
2025-07-10T20:19:45.010000 55.191399999999994 40.5625 0
2025-07-10T20:19:46.010000 55.191399999999994 40.5625 0
2025-07-10T20:19:47.010000 55.191399999999994 40.5625 0
2025-07-10T20:19:48.014000 55.191399999999994 40.5625 0
2025-07-10T20:19:49.010000 55.191399999999994 40.5625 0
2025-07-10T20:19:50.010000 55.187032 40.5625 0
2025-07-10T20:19:51.010000 55.1758 40.5625 0
2025-07-10T20:19:52.010000 55.180168 40.5625 0
2025-07-10T20:19:53.010000 55.187032 40.5625 0
2025-07-10T20:19:54.010000 55.171432 40.5625 0
2025-07-10T20:19:55.012000 55.164568 40.5625 0
2025-07-10T20:19:56.010000 55.1758 40.5625 0
2025-07-10T20:19:57.010000 55.171432 40.5625 0
2025-07-10T20:19:58.010000 55.164568 40.5625 0
2025-07-10T20:19:59.010000 55.1758 40.5625 0
2025-07-10T20:20:00.010000 55.17112 40.5625 0
2025-07-10T20:20:01.010000 55.16706400000001 40.5625 0
2025-07-10T20:20:02.010000 55.18453600000001 40.5625 0
2025-07-10T20:20:03.010000 55.163632 40.5625 0
2025-07-10T20:20:04.010000 55.168914 40.5625 0
2025-07-10T20:20:05.010000 55.14826800000001 40.5625 0
2025-07-10T20:20:06.010000 55.16020000000001 40.5625 0
2025-07-10T20:20:07.010000 55.156432 40.5625 0
2025-07-10T20:20:08.013000 55.14450000000001 40.5625 0
2025-07-10T20:20:09.010000 55.14826800000001 40.5625 0
2025-07-10T20:20:10.010000 55.156432 40.5625 0
2025-07-10T20:20:11.010000 55.14826800000001 40.5625 0
2025-07-10T20:20:12.010000 55.163944 40.5625 0
2025-07-10T20:20:13.010000 55.17205600000001 40.5625 0
2025-07-10T20:20:14.011000 55.16020000000001 40.5625 0
2025-07-10T20:20:15.010000 55.164256 40.5625 0
2025-07-10T20:20:16.010000 55.17174400000001 40.5625 0
2025-07-10T20:20:17.010000 55.16020000000001 40.5625 0
2025-07-10T20:20:18.010000 55.16020000000001 40.5625 0
2025-07-10T20:20:19.010000 55.164256 40.5625 0
2025-07-10T20:20:20.010000 55.17174400000001 40.5625 0
2025-07-10T20:20:21.010000 55.164256 40.5625 0
2025-07-10T20:20:22.010000 55.1758 40.5625 0
2025-07-10T20:20:23.010000 55.17174400000001 40.5625 0
2025-07-10T20:20:24.010000 55.151436000000004 40.5625 0
2025-07-10T20:20:25.011000 55.116859999999996 40.5625 0
2025-07-10T20:20:26.010000 55.0859 40.5625 0
2025-07-10T20:20:27.010000 55.090295999999995 40.5625 0
2025-07-10T20:20:28.010000 55.108698 40.5625 0
2025-07-10T20:20:29.010000 55.12562400000001 40.5625 0
2025-07-10T20:20:30.010000 55.11720000000001 40.5625 0
2025-07-10T20:20:31.010000 55.124843999999996 40.5625 0
2025-07-10T20:20:32.010000 55.140131999999994 40.5625 0
2025-07-10T20:20:33.010000 55.128899999999994 40.5625 0
2025-07-10T20:20:34.010000 55.138290000000005 40.5625 0
2025-07-10T20:20:35.011000 55.15081 40.5625 0
2025-07-10T20:20:36.010000 55.13358 40.5625 0
2025-07-10T20:20:37.010000 55.14450000000001 40.5625 0
2025-07-10T20:20:38.010000 55.149210000000004 40.5625 0
2025-07-10T20:20:39.010000 55.16020000000001 40.5625 0
2025-07-10T20:20:40.010000 55.156746000000005 40.5625 0
2025-07-10T20:20:41.010000 55.14450000000001 40.5625 0
2025-07-10T20:20:42.010000 55.14826800000001 40.5625 0
2025-07-10T20:20:43.010000 55.16020000000001 40.5625 0
2025-07-10T20:20:44.010000 55.16020000000001 40.5625 0
2025-07-10T20:20:45.010000 55.16020000000001 40.5625 0
2025-07-10T20:20:46.010000 55.156432 40.5625 0
2025-07-10T20:20:47.010000 55.14826800000001 40.5625 0
2025-07-10T20:20:48.010000 55.163944 40.5625 0
2025-07-10T20:20:49.010000 55.17205600000001 40.5625 0
2025-07-10T20:20:50.010000 55.156432 40.5625 0
2025-07-10T20:20:51.010000 55.152638 40.5625 0
2025-07-10T20:20:52.010000 55.1758 40.5625 0
2025-07-10T20:20:53.010000 55.1758 40.5625 0
2025-07-10T20:20:54.010000 55.17174400000001 40.5625 0
2025-07-10T20:20:55.010000 55.16020000000001 40.545 0
2025-07-10T20:20:56.010000 55.164256 40.5 0
2025-07-10T20:20:57.010000 55.163606 40.5 0
2025-07-10T20:20:58.010000 55.137038000000004 40.54625 0
2025-07-10T20:20:59.010000 55.164256 40.5625 0
2025-07-10T20:21:00.010000 55.17174400000001 40.5625 0
2025-07-10T20:21:01.010000 55.15580400000001 40.5625 16384
2025-07-10T20:21:02.010000 55.153264 40.5625 16384
2025-07-10T20:21:03.010000 55.171432 40.5625 0
2025-07-10T20:21:04.010000 55.164568 40.5625 0
2025-07-10T20:21:05.010000 55.171432 40.5625 0
2025-07-10T20:21:06.010000 55.16020000000001 40.5625 0
2025-07-10T20:21:07.010000 55.16020000000001 40.5625 0
2025-07-10T20:21:08.010000 55.15580400000001 40.525 0
2025-07-10T20:21:09.010000 55.14889600000001 40.5 0
2025-07-10T20:21:10.010000 55.16020000000001 40.50375 0
2025-07-10T20:21:11.010000 55.168936 40.5625 0
2025-07-10T20:21:12.010000 55.186719999999994 40.5625 0
2025-07-10T20:21:13.013000 55.1758 40.52875 16384
2025-07-10T20:21:14.010000 55.1758 40.5 16384
2025-07-10T20:21:15.010000 55.1758 40.50125 16384
2025-07-10T20:21:16.010000 55.18048000000001 40.5625 0
2025-07-10T20:21:17.010000 55.187656 40.5625 0
2025-07-10T20:21:18.010000 55.17954400000001 40.5625 16384
2025-07-10T20:21:19.010000 55.187656 40.5625 16384
2025-07-10T20:21:20.010000 55.1758 40.5625 16384
2025-07-10T20:21:21.010000 55.17954400000001 40.5625 0
2025-07-10T20:21:22.011000 55.187656 40.5625 0
2025-07-10T20:21:23.010000 55.1758 40.5625 0
2025-07-10T20:21:24.010000 55.183288000000005 40.5625 0
2025-07-10T20:21:25.010000 55.199512 40.5625 0
2025-07-10T20:21:26.010000 55.17954400000001 40.5625 0
2025-07-10T20:21:27.010000 55.191399999999994 40.5625 0
2025-07-10T20:21:28.010000 55.187343999999996 40.5625 0
2025-07-10T20:21:29.010000 55.179856 40.5625 0
2025-07-10T20:21:30.010000 55.191399999999994 40.5625 0
2025-07-10T20:21:31.011000 55.187343999999996 40.51 0
2025-07-10T20:21:32.011000 55.17174400000001 40.5 0
2025-07-10T20:21:33.010000 55.164256 40.51875 0
2025-07-10T20:21:34.010000 55.1758 40.5625 0
2025-07-10T20:21:35.010000 55.179856 40.5625 0
2025-07-10T20:21:36.010000 55.187343999999996 40.5625 16384
2025-07-10T20:21:37.010000 55.180168 40.5625 16384
2025-07-10T20:21:38.010000 55.195768 40.5625 16384
2025-07-10T20:21:39.010000 55.202943999999995 40.5625 0
2025-07-10T20:21:40.010000 55.195768 40.5625 0
2025-07-10T20:21:41.010000 55.202631999999994 40.5625 0
2025-07-10T20:21:42.010000 55.191399999999994 40.5625 0
2025-07-10T20:21:43.010000 55.195768 40.5625 0
2025-07-10T20:21:44.010000 55.20700000000001 40.5625 0
2025-07-10T20:21:45.010000 55.20700000000001 40.5625 0
2025-07-10T20:21:46.010000 55.202631999999994 40.5625 0
2025-07-10T20:21:47.010000 55.191399999999994 40.5625 0
2025-07-10T20:21:48.010000 55.19608 40.5625 0
2025-07-10T20:21:49.010000 55.20700000000001 40.5625 0
2025-07-10T20:21:50.010000 55.20700000000001 40.5625 0
2025-07-10T20:21:51.010000 55.211710000000004 40.5625 0
2025-07-10T20:21:52.010000 55.21331 40.5625 0
2025-07-10T20:21:53.010000 55.191399999999994 40.5625 0
2025-07-10T20:21:54.010000 55.191399999999994 40.5625 0
2025-07-10T20:21:55.010000 55.191399999999994 40.5625 0
2025-07-10T20:21:56.010000 55.191399999999994 40.5625 0
2025-07-10T20:21:57.010000 55.191399999999994 40.5625 0
2025-07-10T20:21:58.010000 55.195144 40.5625 0
2025-07-10T20:21:59.010000 55.203256 40.5625 0
2025-07-10T20:22:00.010000 55.191399999999994 40.5625 0
2025-07-10T20:22:01.010000 55.191399999999994 40.5625 0
2025-07-10T20:22:02.010000 55.191399999999994 40.5625 0
2025-07-10T20:22:03.010000 55.187656 40.5625 0
2025-07-10T20:22:04.010000 55.1758 40.5625 0
2025-07-10T20:22:05.010000 55.179856 40.5625 0
2025-07-10T20:22:06.010000 55.187343999999996 40.5625 0
2025-07-10T20:22:07.010000 55.1758 40.5625 0
2025-07-10T20:22:08.010000 55.179856 40.5625 0
2025-07-10T20:22:09.010000 55.183288000000005 40.5625 0
2025-07-10T20:22:10.013000 55.164256 40.5625 0
2025-07-10T20:22:11.010000 55.179856 40.5625 0
2025-07-10T20:22:12.010000 55.187343999999996 40.5625 0
2025-07-10T20:22:13.010000 55.18453600000001 40.5625 0
2025-07-10T20:22:14.010000 55.202943999999995 40.5625 0
2025-07-10T20:22:15.010000 55.191399999999994 40.5625 0
2025-07-10T20:22:16.010000 55.187032 40.54625 0
2025-07-10T20:22:17.010000 55.1758 40.5 0
2025-07-10T20:22:18.010000 55.1758 40.5 0
2025-07-10T20:22:19.010000 55.180168 40.545 0
2025-07-10T20:22:20.010000 55.191399999999994 40.5625 0
2025-07-10T20:22:21.010000 55.187032 40.5625 0
2025-07-10T20:22:22.010000 55.180168 40.5625 16384
2025-07-10T20:22:23.010000 55.191399999999994 40.5625 16384
2025-07-10T20:22:24.010000 55.187032 40.5625 0
2025-07-10T20:22:25.010000 55.1758 40.5625 0
2025-07-10T20:22:26.010000 55.1758 40.5625 0
2025-07-10T20:22:27.010000 55.18048000000001 40.5625 0
2025-07-10T20:22:28.010000 55.186719999999994 40.5625 0
2025-07-10T20:22:29.010000 55.18048000000001 40.5625 0
2025-07-10T20:22:30.010000 55.191399999999994 40.5625 0
2025-07-10T20:22:31.010000 55.191399999999994 40.5625 0
2025-07-10T20:22:32.010000 55.191399999999994 40.5625 0
2025-07-10T20:22:33.010000 55.186719999999994 40.5625 0
2025-07-10T20:22:34.010000 55.18705600000001 40.5625 0
2025-07-10T20:22:35.010000 55.211444 40.5625 0
2025-07-10T20:22:36.010000 55.17954400000001 40.5625 0
2025-07-10T20:22:37.010000 55.187656 40.5625 0
2025-07-10T20:22:38.010000 55.17205600000001 40.5625 0
2025-07-10T20:22:39.010000 55.163944 40.5625 0
2025-07-10T20:22:40.010000 55.1758 40.5625 0
2025-07-10T20:22:41.010000 55.1758 40.5625 0
2025-07-10T20:22:42.010000 55.179856 40.5625 0
2025-07-10T20:22:43.010000 55.183288000000005 40.5625 0
2025-07-10T20:22:44.010000 55.164256 40.5625 0
2025-07-10T20:22:45.010000 55.179856 40.5625 0
2025-07-10T20:22:46.010000 55.187343999999996 40.5625 0
2025-07-10T20:22:47.010000 55.1758 40.5625 0
2025-07-10T20:22:48.011000 55.17174400000001 40.5625 0
2025-07-10T20:22:49.010000 55.16831200000001 40.5625 0
2025-07-10T20:22:50.010000 55.17920599999999 40.5625 0
2025-07-10T20:22:51.010000 55.14450000000001 40.5625 0
2025-07-10T20:22:52.010000 55.14450000000001 40.5625 0
2025-07-10T20:22:53.010000 55.13685600000001 40.5625 0
2025-07-10T20:22:54.010000 55.124843999999996 40.5625 0
2025-07-10T20:22:55.010000 55.137402 40.5625 0
2025-07-10T20:22:56.010000 55.120476 40.5625 0
2025-07-10T20:22:57.010000 55.128899999999994 40.5625 0
2025-07-10T20:22:58.010000 55.128899999999994 40.5625 0
2025-07-10T20:22:59.010000 55.128899999999994 40.5625 0
2025-07-10T20:23:00.010000 55.133268 40.5625 0
2025-07-10T20:23:01.010000 55.140131999999994 40.5625 0
2025-07-10T20:23:02.010000 55.128899999999994 40.5625 0
2025-07-10T20:23:03.010000 55.128899999999994 40.5625 0
2025-07-10T20:23:04.010000 55.128899999999994 40.5625 0
2025-07-10T20:23:05.010000 55.128899999999994 40.5625 0
2025-07-10T20:23:06.010000 55.128899999999994 40.5625 0
2025-07-10T20:23:07.010000 55.128899999999994 40.5625 0
2025-07-10T20:23:08.010000 55.13358 40.5625 0
2025-07-10T20:23:09.011000 55.1445 40.5625 0
2025-07-10T20:23:10.010000 55.1445 40.5625 0
2025-07-10T20:23:11.010000 55.13982 40.5625 0
2025-07-10T20:23:12.010000 55.132644 40.5625 0
2025-07-10T20:23:13.010000 55.14826800000001 40.5625 0
2025-07-10T20:23:14.010000 55.152688000000005 40.5625 0
2025-07-10T20:23:15.010000 55.128899999999994 40.5625 0
2025-07-10T20:23:16.010000 55.132644 40.5625 0
2025-07-10T20:23:17.010000 55.14450000000001 40.5625 0
2025-07-10T20:23:18.010000 55.140443999999995 40.5625 0
2025-07-10T20:23:19.010000 55.128899999999994 40.5625 0
2025-07-10T20:23:20.010000 55.128899999999994 40.5625 0
2025-07-10T20:23:21.010000 55.12585800000001 40.5625 0
2025-07-10T20:23:22.010000 55.11720000000001 40.5625 0
2025-07-10T20:23:23.010000 55.113061224489805 40.5625 0
2025-07-10T20:23:24.010000 55.1016 40.5625 0
2025-07-10T20:23:25.010000 55.105655999999996 40.5625 0
2025-07-10T20:23:26.010000 55.11720000000001 40.5625 0
2025-07-10T20:23:27.010000 55.11314400000001 40.5625 0
2025-07-10T20:23:28.010000 55.105655999999996 40.5625 0
2025-07-10T20:23:29.010000 55.11720000000001 40.5625 0
2025-07-10T20:23:30.010000 55.10843599999999 40.5625 0
2025-07-10T20:23:31.010000 55.090295999999995 40.5625 0
2025-07-10T20:23:32.010000 55.097204000000005 40.5625 0
2025-07-10T20:23:33.010000 55.0859 40.5625 0
2025-07-10T20:23:34.010000 55.08153200000001 40.5625 0
2025-07-10T20:23:35.010000 55.074667999999996 40.5625 0
2025-07-10T20:23:36.010000 55.077163999999996 40.5625 0
2025-07-10T20:23:37.010000 55.05906799999999 40.5625 0
2025-07-10T20:23:38.010000 55.07029999999999 40.5625 0
2025-07-10T20:23:39.010000 55.06562000000001 40.5625 0
2025-07-10T20:23:40.010000 55.06405999999999 40.5625 0
2025-07-10T20:23:41.010000 55.08122 40.5625 0
2025-07-10T20:23:42.010000 55.06562000000001 40.5625 0
2025-07-10T20:23:43.010000 55.05937999999999 40.5625 0
2025-07-10T20:23:44.010000 55.07498 40.5625 0
2025-07-10T20:23:45.010000 55.0859 40.5625 0
2025-07-10T20:23:46.010000 55.08122 40.5625 0
2025-07-10T20:23:47.010000 55.06562000000001 40.5625 0
2025-07-10T20:23:48.010000 55.05470000000001 40.5625 0
2025-07-10T20:23:49.010000 55.05470000000001 40.5625 0
2025-07-10T20:23:50.010000 55.05470000000001 40.5625 0
2025-07-10T20:23:51.010000 55.050956000000006 40.5625 0
2025-07-10T20:23:52.010000 55.042843999999995 40.5625 0
2025-07-10T20:23:53.010000 55.047188 40.5625 0
2025-07-10T20:23:54.010000 55.030912 40.5625 0
2025-07-10T20:23:55.010000 55.05470000000001 40.5625 0
2025-07-10T20:23:56.010000 55.05064400000001 40.5625 0
2025-07-10T20:23:57.010000 55.0391 40.5625 0
2025-07-10T20:23:58.010000 55.03197599999999 40.5625 0
2025-07-10T20:23:59.010000 55.018824 40.5625 0
2025-07-10T20:24:00.010000 55.035018 40.5625 0
2025-07-10T20:24:01.010000 55.02035800000001 40.5625 0
2025-07-10T20:24:02.010000 55.007644 40.5625 0
2025-07-10T20:24:03.010000 55.00319799999999 40.50375 0
2025-07-10T20:24:04.010000 55.0234 40.5 0
2025-07-10T20:24:05.010000 55.027482 40.525 0
2025-07-10T20:24:06.010000 55.035018 40.5625 0
2025-07-10T20:24:07.010000 55.0234 40.5625 0
2025-07-10T20:24:08.011000 55.0234 40.5625 16384
2025-07-10T20:24:09.010000 55.0234 40.5625 16384
2025-07-10T20:24:10.010000 55.0234 40.5625 16384
2025-07-10T20:24:11.010000 55.0234 40.5625 0
2025-07-10T20:24:12.010000 55.027795999999995 40.5625 0
2025-07-10T20:24:13.010000 55.031428 40.5625 0
2025-07-10T20:24:14.010000 55.01497599999999 40.5625 0
2025-07-10T20:24:15.010000 55.032163999999995 40.5625 0
2025-07-10T20:24:16.010000 55.05470000000001 40.5625 0
2025-07-10T20:24:17.010000 55.05002 40.5625 0
2025-07-10T20:24:18.010000 55.04378 40.5625 0
2025-07-10T20:24:19.010000 55.05470000000001 40.5625 0
2025-07-10T20:24:20.010000 55.05470000000001 40.5625 0
2025-07-10T20:24:21.010000 55.05470000000001 40.5625 0
2025-07-10T20:24:22.010000 55.05470000000001 40.5625 0
2025-07-10T20:24:23.010000 55.04530999999999 40.5625 0
2025-07-10T20:24:24.010000 55.019890000000004 40.5625 0
2025-07-10T20:24:25.010000 55.00701999999999 40.5625 0
2025-07-10T20:24:26.010000 54.996100000000006 40.5625 0
2025-07-10T20:24:27.010000 55.000780000000006 40.5625 0
2025-07-10T20:24:28.010000 55.0117 40.52125 0
2025-07-10T20:24:29.010000 55.014507999999985 40.5 0
2025-07-10T20:24:30.010000 55.0234 40.5075 0
2025-07-10T20:24:31.010000 55.01684800000001 40.5625 0
2025-07-10T20:24:32.010000 54.999844 40.5625 0
2025-07-10T20:24:33.010000 55.004211999999995 40.5625 16384
2025-07-10T20:24:34.010000 54.984244 40.5625 16384
2025-07-10T20:24:35.010000 55.000156000000004 40.5625 16384
2025-07-10T20:24:36.010000 55.003588 40.5625 0
2025-07-10T20:24:37.010000 54.98049999999999 40.5625 0
2025-07-10T20:24:38.010000 54.984556000000005 40.5625 0
2025-07-10T20:24:39.010000 54.996100000000006 40.5625 0
2025-07-10T20:24:40.010000 54.996100000000006 40.5625 0
2025-07-10T20:24:41.010000 54.996100000000006 40.5625 0
2025-07-10T20:24:42.010000 54.996100000000006 40.5625 0
2025-07-10T20:24:43.010000 54.996100000000006 40.5625 0
2025-07-10T20:24:44.010000 54.99204400000001 40.5625 0
2025-07-10T20:24:45.010000 54.984868000000006 40.5625 0
2025-07-10T20:24:46.010000 55.000468 40.5625 0
2025-07-10T20:24:47.010000 55.00296399999999 40.5625 0
2025-07-10T20:24:48.010000 54.984868000000006 40.5625 0
2025-07-10T20:24:49.010000 54.996100000000006 40.5625 0
2025-07-10T20:24:50.010000 54.991732 40.5625 0
2025-07-10T20:24:51.010000 54.97610399999999 40.5625 0
2025-07-10T20:24:52.010000 54.96919599999999 40.5625 0
2025-07-10T20:24:53.010000 54.98049999999999 40.5625 0
2025-07-10T20:24:54.010000 54.971736 40.5625 0
2025-07-10T20:24:55.010000 54.9492 40.5625 0
2025-07-10T20:24:56.010000 54.95388 40.5625 0
2025-07-10T20:24:57.010000 54.96012 40.5625 0
2025-07-10T20:24:58.010000 54.9492 40.5625 0
2025-07-10T20:24:59.010000 54.95388 40.5625 0
2025-07-10T20:25:00.010000 54.96479999999999 40.5625 0
2025-07-10T20:25:01.010000 54.96951 40.5625 0
2025-07-10T20:25:02.010000 54.98049999999999 40.5625 0
2025-07-10T20:25:03.010000 54.975789999999996 40.5625 0
2025-07-10T20:25:04.010000 54.96479999999999 40.5625 0
2025-07-10T20:25:05.010000 54.955439999999996 40.5625 0
2025-07-10T20:25:06.010000 54.944856 40.5625 0
2025-07-10T20:25:07.010000 54.97673199999999 40.5625 0
2025-07-10T20:25:08.010000 54.961056 40.5625 0
2025-07-10T20:25:09.010000 54.9492 40.5625 0
2025-07-10T20:25:10.011000 54.95294399999999 40.5625 0
2025-07-10T20:25:11.010000 54.961056 40.5625 0
2025-07-10T20:25:12.010000 54.95325599999999 40.5625 0
2025-07-10T20:25:13.010000 54.96479999999999 40.5625 0
2025-07-10T20:25:14.011000 54.968881999999994 40.5625 0
2025-07-10T20:25:15.010000 54.976417999999995 40.5625 0
2025-07-10T20:25:16.010000 54.960744 40.5625 0
2025-07-10T20:25:17.010000 54.957338 40.5625 0
2025-07-10T20:25:18.010000 54.98049999999999 40.5625 0
2025-07-10T20:25:19.010000 54.976417999999995 40.5625 0
2025-07-10T20:25:20.010000 54.968881999999994 40.5625 0
2025-07-10T20:25:21.010000 54.984556000000005 40.5625 0
2025-07-10T20:25:22.010000 54.996100000000006 40.5625 0
2025-07-10T20:25:23.010000 54.996100000000006 40.5625 0
2025-07-10T20:25:24.010000 54.996100000000006 40.5625 0
2025-07-10T20:25:25.010000 55.000468 40.5625 0
2025-07-10T20:25:26.010000 55.0117 40.5625 0
2025-07-10T20:25:27.010000 55.007332 40.5625 0
2025-07-10T20:25:28.010000 54.996100000000006 40.5625 0
2025-07-10T20:25:29.010000 55.000468 40.5625 0
2025-07-10T20:25:30.010000 55.0117 40.5625 0
2025-07-10T20:25:31.010000 55.0117 40.5625 0
2025-07-10T20:25:32.010000 55.007332 40.5625 0
2025-07-10T20:25:33.010000 55.00374399999999 40.5625 0
2025-07-10T20:25:34.010000 55.0234 40.5625 0
2025-07-10T20:25:35.010000 55.019890000000004 40.5625 0
2025-07-10T20:25:36.010000 55.01992 40.5625 0
2025-07-10T20:25:37.010000 55.030879999999996 40.5625 0
2025-07-10T20:25:38.010000 55.0117 40.5625 0
2025-07-10T20:25:39.010000 55.0246 40.5625 0
2025-07-10T20:25:40.010000 55.04530999999999 40.5625 0
2025-07-10T20:25:41.010000 55.0234 40.5625 0
2025-07-10T20:25:42.010000 55.02811 40.5625 0
2025-07-10T20:25:43.010000 55.0391 40.5625 0
2025-07-10T20:25:44.010000 55.0391 40.5625 0
2025-07-10T20:25:45.010000 55.0391 40.5625 0
2025-07-10T20:25:46.010000 55.0391 40.5625 0
2025-07-10T20:25:47.010000 55.0391 40.5625 0
2025-07-10T20:25:48.010000 55.046588 40.5625 0
2025-07-10T20:25:49.010000 55.07029999999999 40.5625 0
2025-07-10T20:25:50.010000 55.07029999999999 40.5625 0
2025-07-10T20:25:51.010000 55.07029999999999 40.5625 0
2025-07-10T20:25:52.010000 55.07029999999999 40.5625 0
2025-07-10T20:25:53.010000 55.07029999999999 40.5625 0
2025-07-10T20:25:54.010000 55.07029999999999 40.5625 0
2025-07-10T20:25:55.010000 55.07029999999999 40.5625 0
2025-07-10T20:25:56.010000 55.066244000000005 40.5625 0
2025-07-10T20:25:57.010000 55.05470000000001 40.5625 0
2025-07-10T20:25:58.010000 55.046561999999994 40.5625 0
2025-07-10T20:25:59.010000 55.032163999999995 40.5625 0
2025-07-10T20:26:00.010000 55.05470000000001 40.5625 0
2025-07-10T20:26:01.010000 55.050332000000004 40.5625 0
2025-07-10T20:26:02.010000 55.04346799999999 40.5625 0
2025-07-10T20:26:03.010000 55.050332000000004 40.5625 0
2025-07-10T20:26:04.010000 55.047836000000004 40.5625 0
2025-07-10T20:26:05.010000 55.06593200000001 40.5625 0
2025-07-10T20:26:06.010000 55.050332000000004 40.5625 0
2025-07-10T20:26:07.010000 55.04346799999999 40.5625 0
2025-07-10T20:26:08.010000 55.05906799999999 40.5625 0
2025-07-10T20:26:09.010000 55.074667999999996 40.5625 0
2025-07-10T20:26:10.010000 55.08122 40.5625 0
2025-07-10T20:26:11.010000 55.07498 40.5625 0
2025-07-10T20:26:12.010000 55.08122 40.5625 0
2025-07-10T20:26:13.010000 55.07029999999999 40.5625 0
2025-07-10T20:26:14.010000 55.07029999999999 40.5625 0
2025-07-10T20:26:15.010000 55.07029999999999 40.5625 0
2025-07-10T20:26:16.010000 55.07029999999999 40.5625 0
2025-07-10T20:26:17.010000 55.07029999999999 40.5625 0
2025-07-10T20:26:18.010000 55.06562000000001 40.5625 0
2025-07-10T20:26:19.010000 55.05937999999999 40.5475 0
2025-07-10T20:26:20.010000 55.07029999999999 40.5 0
2025-07-10T20:26:21.010000 55.06562000000001 40.5 0
2025-07-10T20:26:22.010000 55.05470000000001 40.54375 0
2025-07-10T20:26:23.010000 55.058444 40.5625 0
2025-07-10T20:26:24.010000 55.074043999999994 40.5625 0
2025-07-10T20:26:25.010000 55.082156000000005 40.5625 16384
2025-07-10T20:26:26.010000 55.07029999999999 40.5625 16384
2025-07-10T20:26:27.010000 55.066556 40.5625 0
2025-07-10T20:26:28.010000 55.058755999999995 40.5625 0
2025-07-10T20:26:29.010000 55.066244000000005 40.5625 0
2025-07-10T20:26:30.010000 55.058755999999995 40.5625 0
2025-07-10T20:26:31.010000 55.07029999999999 40.5625 0
2025-07-10T20:26:32.010000 55.07435599999999 40.5625 0
2025-07-10T20:26:33.010000 55.0859 40.5625 0
2025-07-10T20:26:34.010000 55.077788 40.5625 0
2025-07-10T20:26:35.010000 55.058755999999995 40.5625 0
2025-07-10T20:26:36.010000 55.061564000000004 40.5625 0
2025-07-10T20:26:37.010000 55.04346799999999 40.5625 0
2025-07-10T20:26:38.010000 55.05470000000001 40.5625 0
2025-07-10T20:26:39.010000 55.05470000000001 40.5625 0
2025-07-10T20:26:40.010000 55.05906799999999 40.5625 0
2025-07-10T20:26:41.010000 55.06593200000001 40.5625 0
2025-07-10T20:26:42.010000 55.063435999999996 40.5625 0
2025-07-10T20:26:43.010000 55.08153200000001 40.5625 0
2025-07-10T20:26:44.010000 55.07029999999999 40.5625 0
2025-07-10T20:26:45.010000 55.061564000000004 40.5625 0
2025-07-10T20:26:46.010000 55.0391 40.5625 0
2025-07-10T20:26:47.010000 55.04346799999999 40.5625 0
2025-07-10T20:26:48.010000 55.05470000000001 40.5625 0
2025-07-10T20:26:49.010000 55.05002 40.5625 0
2025-07-10T20:26:50.010000 55.04378 40.5625 0
2025-07-10T20:26:51.010000 55.05002 40.5625 0
2025-07-10T20:26:52.010000 55.03439 40.5625 0
2025-07-10T20:26:53.010000 55.03279 40.5625 0
2025-07-10T20:26:54.011000 55.05002 40.5625 0
2025-07-10T20:26:55.010000 55.03439 40.5625 0
2025-07-10T20:26:56.010000 55.02811 40.5625 0
2025-07-10T20:26:57.010000 55.0391 40.5625 0
2025-07-10T20:26:58.010000 55.0391 40.5625 0
2025-07-10T20:26:59.010000 55.0391 40.5625 0
2025-07-10T20:27:00.010000 55.0391 40.5625 0
2025-07-10T20:27:01.010000 55.042843999999995 40.5625 0
2025-07-10T20:27:02.011000 55.05470000000001 40.5625 0
2025-07-10T20:27:03.010000 55.05470000000001 40.5625 0
2025-07-10T20:27:04.010000 55.05470000000001 40.5625 0
2025-07-10T20:27:05.010000 55.05064400000001 40.5625 0
2025-07-10T20:27:06.010000 55.043155999999996 40.5625 0
2025-07-10T20:27:07.010000 55.05064400000001 40.5625 0
2025-07-10T20:27:08.010000 55.043155999999996 40.5625 0
2025-07-10T20:27:09.010000 55.058755999999995 40.5625 0
2025-07-10T20:27:10.010000 55.07029999999999 40.5625 0
2025-07-10T20:27:11.010000 55.066244000000005 40.5625 0
2025-07-10T20:27:12.010000 55.05470000000001 40.5625 0
2025-07-10T20:27:13.010000 55.05906799999999 40.5625 0
2025-07-10T20:27:14.010000 55.07029999999999 40.5625 0
2025-07-10T20:27:15.010000 55.06593200000001 40.5625 0
2025-07-10T20:27:16.010000 55.050332000000004 40.5625 0
2025-07-10T20:27:17.010000 55.047836000000004 40.5625 0
2025-07-10T20:27:18.010000 55.06593200000001 40.5625 0
2025-07-10T20:27:19.010000 55.05906799999999 40.5625 0
2025-07-10T20:27:20.010000 55.06593200000001 40.5625 0
2025-07-10T20:27:21.010000 55.05906799999999 40.5625 0
2025-07-10T20:27:22.010000 55.06593200000001 40.5625 0
2025-07-10T20:27:23.010000 55.05937999999999 40.5625 0
2025-07-10T20:27:24.010000 55.07498 40.5625 0
2025-07-10T20:27:25.010000 55.08122 40.5625 0
2025-07-10T20:27:26.010000 55.07498 40.5625 0
2025-07-10T20:27:27.010000 55.08122 40.5625 0
2025-07-10T20:27:28.010000 55.07029999999999 40.5625 0
2025-07-10T20:27:29.010000 55.06562000000001 40.5625 0
2025-07-10T20:27:30.010000 55.05937999999999 40.5625 0
2025-07-10T20:27:31.010000 55.07498 40.5625 0
2025-07-10T20:27:32.010000 55.08122 40.5625 0
2025-07-10T20:27:33.010000 55.07029999999999 40.51125 0
2025-07-10T20:27:34.010000 55.07529199999999 40.5 0
2025-07-10T20:27:35.010000 55.08122 40.51875 0
2025-07-10T20:27:36.010000 55.07529199999999 40.5625 0
2025-07-10T20:27:37.010000 55.0859 40.5625 0
2025-07-10T20:27:38.012000 55.0859 40.5625 16384
2025-07-10T20:27:39.010000 55.094038 40.5625 16384
2025-07-10T20:27:40.010000 55.11314400000001 40.5625 16384
2025-07-10T20:27:41.010000 55.1016 40.5625 0
2025-07-10T20:27:42.011000 55.1016 40.5625 0
2025-07-10T20:27:43.010000 55.093462 40.5625 0
2025-07-10T20:27:44.011000 55.07029999999999 40.5625 0
2025-07-10T20:27:45.010000 55.07435599999999 40.5625 0
2025-07-10T20:27:46.010000 55.081844000000004 40.5625 0
2025-07-10T20:27:47.010000 55.07029999999999 40.5625 0
2025-07-10T20:27:48.010000 55.062188000000006 40.5625 0
2025-07-10T20:27:49.010000 55.0391 40.5625 0
2025-07-10T20:27:50.010000 55.0391 40.5625 0
2025-07-10T20:27:51.010000 55.034704000000005 40.5625 0
2025-07-10T20:27:52.010000 55.020124 40.5625 0
2025-07-10T20:27:53.010000 55.01497599999999 40.5625 0
2025-07-10T20:27:54.010000 55.027795999999995 40.5625 0
2025-07-10T20:27:55.010000 55.0391 40.5625 0
2025-07-10T20:27:56.010000 55.034704000000005 40.5625 0
2025-07-10T20:27:57.010000 55.027795999999995 40.5625 0
2025-07-10T20:27:58.010000 55.034704000000005 40.5625 0
2025-07-10T20:27:59.010000 55.027795999999995 40.5625 0
2025-07-10T20:28:00.010000 55.03439 40.5625 0
2025-07-10T20:28:01.010000 55.0234 40.5625 0
2025-07-10T20:28:02.010000 55.01521 40.5625 0
2025-07-10T20:28:03.010000 55.000780000000006 40.5625 0
2025-07-10T20:28:04.010000 55.00701999999999 40.5625 0
2025-07-10T20:28:05.010000 55.000780000000006 40.5625 0
2025-07-10T20:28:06.010000 55.01520999999999 40.5625 0
2025-07-10T20:28:07.010000 55.0234 40.5625 0
2025-07-10T20:28:08.010000 55.01521 40.5625 0
2025-07-10T20:28:09.010000 55.00429 40.5625 0
2025-07-10T20:28:10.010000 55.019656000000005 40.5625 0
2025-07-10T20:28:11.010000 55.0117 40.5625 0
2025-07-10T20:28:12.010000 55.0117 40.5625 0
2025-07-10T20:28:13.010000 55.01544399999999 40.5625 0
2025-07-10T20:28:14.010000 55.019656000000005 40.5625 0
2025-07-10T20:28:15.010000 55.01544399999999 40.5625 0
2025-07-10T20:28:16.010000 55.0234 40.5625 0
2025-07-10T20:28:17.010000 55.0234 40.5625 0
2025-07-10T20:28:18.010000 55.02035800000001 40.5625 0
2025-07-10T20:28:19.010000 55.0117 40.5625 0
2025-07-10T20:28:20.010000 55.014741999999984 40.5625 0
2025-07-10T20:28:21.011000 55.0234 40.515 0
2025-07-10T20:28:22.010000 55.0234 40.5 0
2025-07-10T20:28:23.010000 55.02035800000001 40.515 0
2025-07-10T20:28:24.010000 55.014741999999984 40.5625 0
2025-07-10T20:28:25.010000 55.0234 40.5625 0
2025-07-10T20:28:26.010000 55.0234 40.5625 16384
2025-07-10T20:28:27.010000 55.027795999999995 40.5625 16384
2025-07-10T20:28:28.010000 55.031428 40.55125 16384
2025-07-10T20:28:29.010000 55.01497599999999 40.5 0
2025-07-10T20:28:30.010000 55.0234 40.5 0
2025-07-10T20:28:31.010000 55.0234 40.53875 0
2025-07-10T20:28:32.010000 55.0234 40.5625 0
2025-07-10T20:28:33.010000 55.0234 40.5625 0
2025-07-10T20:28:34.010000 55.027795999999995 40.5625 16384
2025-07-10T20:28:35.010000 55.034704000000005 40.5625 16384
2025-07-10T20:28:36.010000 55.0234 40.5625 16384
2025-07-10T20:28:37.010000 55.0234 40.5625 0
2025-07-10T20:28:38.010000 55.02811 40.5625 0
2025-07-10T20:28:39.010000 55.030879999999996 40.5625 0
2025-07-10T20:28:40.010000 55.01497599999999 40.5625 0
2025-07-10T20:28:41.011000 55.0234 40.5625 0
2025-07-10T20:28:42.010000 55.0234 40.5625 0
2025-07-10T20:28:43.010000 55.02811 40.5625 0
2025-07-10T20:28:44.010000 55.03439 40.5625 0
2025-07-10T20:28:45.011000 55.03279 40.5625 0
2025-07-10T20:28:46.010000 55.04530999999999 40.5625 0
2025-07-10T20:28:47.010000 55.028424 40.5625 0
2025-07-10T20:28:48.010000 55.0391 40.5625 0
2025-07-10T20:28:49.010000 55.0391 40.5625 0
2025-07-10T20:28:50.010000 55.034076 40.5625 0
2025-07-10T20:28:51.010000 55.028424 40.5625 0
2025-07-10T20:28:52.010000 55.0391 40.5625 0
2025-07-10T20:28:53.010000 55.034076 40.5625 0
2025-07-10T20:28:54.010000 55.0234 40.5625 0
2025-07-10T20:28:55.010000 55.027482 40.5625 0
2025-07-10T20:28:56.010000 55.0391 40.5625 0
2025-07-10T20:28:57.010000 55.0391 40.5625 0
2025-07-10T20:28:58.010000 55.035018 40.5625 0
2025-07-10T20:28:59.010000 55.027482 40.5625 0
2025-07-10T20:29:00.010000 55.043155999999996 40.5625 0
2025-07-10T20:29:01.010000 55.05470000000001 40.5625 0
2025-07-10T20:29:02.010000 55.05064400000001 40.5625 0
2025-07-10T20:29:03.010000 55.04346799999999 40.5625 0
2025-07-10T20:29:04.010000 55.050332000000004 40.5625 0
2025-07-10T20:29:05.010000 55.047836000000004 40.5625 0
2025-07-10T20:29:06.010000 55.061564000000004 40.5625 0
2025-07-10T20:29:07.010000 55.0391 40.5625 0
2025-07-10T20:29:08.010000 55.0391 40.5625 0
2025-07-10T20:29:09.010000 55.04346799999999 40.5625 0
2025-07-10T20:29:10.010000 55.05470000000001 40.5625 0
2025-07-10T20:29:11.010000 55.04593599999999 40.5625 0
2025-07-10T20:29:12.010000 55.032163999999995 40.5625 0
2025-07-10T20:29:13.010000 55.05002 40.5625 0
2025-07-10T20:29:14.011000 55.0391 40.5625 0
2025-07-10T20:29:15.010000 55.04378 40.5625 0
2025-07-10T20:29:16.010000 55.05002 40.5625 0
2025-07-10T20:29:17.010000 55.0391 40.5625 0
2025-07-10T20:29:18.010000 55.0391 40.5625 0
2025-07-10T20:29:19.010000 55.0391 40.5625 0
2025-07-10T20:29:20.010000 55.0391 40.5625 0
2025-07-10T20:29:21.010000 55.0391 40.5625 0
2025-07-10T20:29:22.010000 55.03439 40.5625 0
2025-07-10T20:29:23.010000 55.0234 40.5625 0
2025-07-10T20:29:24.010000 55.028424 40.5625 0
2025-07-10T20:29:25.010000 55.030332 40.5625 0
2025-07-10T20:29:26.010000 55.01544399999999 40.5625 0
2025-07-10T20:29:27.010000 55.028424 40.5625 0
2025-07-10T20:29:28.010000 55.030332 40.5625 0
2025-07-10T20:29:29.010000 55.006707999999996 40.5625 0
2025-07-10T20:29:30.010000 55.00109200000001 40.5625 0
2025-07-10T20:29:31.010000 55.020468 40.5625 0
2025-07-10T20:29:32.010000 55.030332 40.5625 0
2025-07-10T20:29:33.010000 55.014741999999984 40.5625 0
2025-07-10T20:29:34.010000 55.0234 40.5625 0
2025-07-10T20:29:35.010000 55.027482 40.5625 0
2025-07-10T20:29:36.010000 55.0391 40.5625 0
2025-07-10T20:29:37.010000 55.043155999999996 40.5625 0
2025-07-10T20:29:38.010000 55.05064400000001 40.5625 0
2025-07-10T20:29:39.010000 55.035018 40.5625 0
2025-07-10T20:29:40.010000 55.027795999999995 40.5625 0
2025-07-10T20:29:41.012000 55.0391 40.5625 0
2025-07-10T20:29:42.010000 55.0391 40.5625 0
2025-07-10T20:29:43.010000 55.04346799999999 40.5625 0
2025-07-10T20:29:44.010000 55.05470000000001 40.5625 0
2025-07-10T20:29:45.010000 55.050332000000004 40.5625 0
2025-07-10T20:29:46.010000 55.0391 40.5625 0
2025-07-10T20:29:47.010000 55.04346799999999 40.52875 0
2025-07-10T20:29:48.010000 55.05470000000001 40.5 0
2025-07-10T20:29:49.010000 55.05470000000001 40.50125 0
2025-07-10T20:29:50.010000 55.05470000000001 40.5625 0
2025-07-10T20:29:51.010000 55.05002 40.5625 0
2025-07-10T20:29:52.010000 55.04378 40.5625 0
2025-07-10T20:29:53.010000 55.05470000000001 40.5625 0
2025-07-10T20:29:54.010000 55.05470000000001 40.5625 0
2025-07-10T20:29:55.011000 55.05470000000001 40.5625 0
2025-07-10T20:29:56.010000 55.05470000000001 40.5625 0
2025-07-10T20:29:57.010000 55.05470000000001 40.53625 0
2025-07-10T20:29:58.010000 55.05470000000001 40.5 0
2025-07-10T20:29:59.010000 55.05470000000001 40.5 0
2025-07-10T20:30:00.010000 55.05470000000001 40.5575 0
2025-07-10T20:30:01.010000 55.05470000000001 40.5625 0
2025-07-10T20:30:02.010000 55.05470000000001 40.5625 16384
2025-07-10T20:30:03.010000 55.05470000000001 40.5625 16384
2025-07-10T20:30:04.010000 55.05470000000001 40.5625 16384
2025-07-10T20:30:05.010000 55.05470000000001 40.5625 0
2025-07-10T20:30:06.010000 55.05470000000001 40.5625 0
2025-07-10T20:30:07.010000 55.05470000000001 40.5625 0
2025-07-10T20:30:08.010000 55.05470000000001 40.5625 0
2025-07-10T20:30:09.010000 55.05470000000001 40.5625 0
2025-07-10T20:30:10.010000 55.05470000000001 40.5125 0
2025-07-10T20:30:11.010000 55.05470000000001 40.5 0
2025-07-10T20:30:12.010000 55.05470000000001 40.5175 0
2025-07-10T20:30:13.010000 55.05470000000001 40.5625 0
2025-07-10T20:30:14.010000 55.05470000000001 40.5625 0
2025-07-10T20:30:15.010000 55.05470000000001 40.5625 16384
2025-07-10T20:30:16.010000 55.05470000000001 40.5625 16384
2025-07-10T20:30:17.010000 55.05470000000001 40.5625 16384
2025-07-10T20:30:18.010000 55.05470000000001 40.5625 0
2025-07-10T20:30:19.010000 55.05470000000001 40.5625 0
2025-07-10T20:30:20.011000 55.05470000000001 40.5625 0
2025-07-10T20:30:21.010000 55.05470000000001 40.5625 0
2025-07-10T20:30:22.010000 55.05470000000001 40.5625 0
2025-07-10T20:30:23.010000 55.05470000000001 40.5625 0
2025-07-10T20:30:24.010000 55.05470000000001 40.5625 0
2025-07-10T20:30:25.010000 55.05470000000001 40.5625 0
2025-07-10T20:30:26.011000 55.05470000000001 40.5625 0
2025-07-10T20:30:27.010000 55.05470000000001 40.5625 0
2025-07-10T20:30:28.010000 55.05470000000001 40.5625 0
2025-07-10T20:30:29.010000 55.05470000000001 40.5625 0
2025-07-10T20:30:30.010000 55.05470000000001 40.52375 0
2025-07-10T20:30:31.010000 55.05470000000001 40.5 0
2025-07-10T20:30:32.011000 55.05470000000001 40.505 0
2025-07-10T20:30:33.010000 55.05470000000001 40.5625 0
2025-07-10T20:30:34.010000 55.05470000000001 40.5625 0
2025-07-10T20:30:35.010000 55.05470000000001 40.5625 16384
2025-07-10T20:30:36.010000 55.05470000000001 40.5625 16384
2025-07-10T20:30:37.010000 55.05470000000001 40.5625 16384
2025-07-10T20:30:38.010000 55.05470000000001 40.5625 0
2025-07-10T20:30:39.010000 55.05470000000001 40.5625 0
2025-07-10T20:30:40.010000 55.05470000000001 40.5625 0
2025-07-10T20:30:41.010000 55.05470000000001 40.5625 0
2025-07-10T20:30:42.010000 55.05470000000001 40.5625 0
2025-07-10T20:30:43.010000 55.05470000000001 40.5625 0
2025-07-10T20:30:44.011000 55.05470000000001 40.5625 0
2025-07-10T20:30:45.010000 55.05470000000001 40.5625 0
2025-07-10T20:30:46.010000 55.05470000000001 40.5625 0
2025-07-10T20:30:47.010000 55.05470000000001 40.5625 0
2025-07-10T20:30:48.010000 55.05470000000001 40.5625 0
2025-07-10T20:30:49.010000 55.05470000000001 40.5625 0
2025-07-10T20:30:50.010000 55.05470000000001 40.53625 0
2025-07-10T20:30:51.010000 55.05470000000001 40.5 0
2025-07-10T20:30:52.010000 55.05470000000001 40.5 0
2025-07-10T20:30:53.010000 55.05470000000001 40.55625 0
2025-07-10T20:30:54.010000 55.05470000000001 40.5625 0
2025-07-10T20:30:55.010000 55.05470000000001 40.53875 0
2025-07-10T20:30:56.010000 55.05470000000001 40.5 16384
2025-07-10T20:30:57.010000 55.05470000000001 40.5 16384
2025-07-10T20:30:58.010000 55.05470000000001 40.5 0
2025-07-10T20:30:59.010000 55.05470000000001 40.5 0
2025-07-10T20:31:00.010000 55.05470000000001 40.52 16384
2025-07-10T20:31:01.010000 55.05470000000001 40.5625 16384
2025-07-10T20:31:02.010000 55.05470000000001 40.5625 16384
2025-07-10T20:31:03.010000 55.05470000000001 40.5625 16384
2025-07-10T20:31:04.010000 55.05470000000001 40.5625 16384
2025-07-10T20:31:05.010000 55.05470000000001 40.5625 16384
2025-07-10T20:31:06.011000 55.05470000000001 40.5625 0
2025-07-10T20:31:07.010000 55.05470000000001 40.5625 0
2025-07-10T20:31:08.010000 55.05470000000001 40.5625 0
2025-07-10T20:31:09.010000 55.05470000000001 40.5625 0
2025-07-10T20:31:10.010000 55.05470000000001 40.5625 0
2025-07-10T20:31:11.010000 55.05470000000001 40.5625 0
2025-07-10T20:31:12.010000 55.05470000000001 40.5625 0
2025-07-10T20:31:13.010000 55.05470000000001 40.5175 0
2025-07-10T20:31:14.010000 55.05470000000001 40.5 0
2025-07-10T20:31:15.010000 55.05470000000001 40.5125 0
2025-07-10T20:31:16.010000 55.05470000000001 40.5625 0
2025-07-10T20:31:17.010000 55.05470000000001 40.5625 0
2025-07-10T20:31:18.010000 55.05470000000001 40.5625 0
2025-07-10T20:31:19.010000 55.05470000000001 40.5625 0
2025-07-10T20:31:20.010000 55.05470000000001 40.5525 0
2025-07-10T20:31:21.010000 55.05470000000001 40.5 0
2025-07-10T20:31:22.010000 55.05470000000001 40.5 0
2025-07-10T20:31:23.010000 55.05470000000001 40.5 0
2025-07-10T20:31:24.010000 55.05470000000001 40.5 0
2025-07-10T20:31:25.010000 55.05470000000001 40.50625 0
2025-07-10T20:31:26.010000 55.05470000000001 40.5625 16384
2025-07-10T20:31:27.010000 55.05470000000001 40.5625 16384
2025-07-10T20:31:28.010000 55.05470000000001 40.5625 16384
2025-07-10T20:31:29.010000 55.05470000000001 40.5625 0
2025-07-10T20:31:30.010000 55.05470000000001 40.5625 0
2025-07-10T20:31:31.010000 55.05470000000001 40.5625 0
2025-07-10T20:31:32.010000 55.05470000000001 40.5625 0
2025-07-10T20:31:33.010000 55.05470000000001 40.53 0
2025-07-10T20:31:34.010000 55.05470000000001 40.5 0
2025-07-10T20:31:35.010000 55.05470000000001 40.5 0
2025-07-10T20:31:36.010000 55.05470000000001 40.56125 0
2025-07-10T20:31:37.010000 55.05470000000001 40.5625 0
2025-07-10T20:31:38.010000 55.05470000000001 40.5625 16384
2025-07-10T20:31:39.010000 55.05470000000001 40.5625 16384
2025-07-10T20:31:40.010000 55.05470000000001 40.5625 16384
2025-07-10T20:31:41.010000 55.05470000000001 40.5625 0
2025-07-10T20:31:42.011000 55.05470000000001 40.5625 0
2025-07-10T20:31:43.010000 55.05470000000001 40.5625 0
2025-07-10T20:31:44.010000 55.05470000000001 40.5625 0
2025-07-10T20:31:45.010000 55.05470000000001 40.5625 0
2025-07-10T20:31:46.010000 55.05470000000001 40.50625 0
2025-07-10T20:31:47.010000 55.05470000000001 40.5 0
2025-07-10T20:31:48.010000 55.05470000000001 40.52375 0
2025-07-10T20:31:49.010000 55.05470000000001 40.5625 0
2025-07-10T20:31:50.010000 55.05470000000001 40.5625 0
2025-07-10T20:31:51.010000 55.05470000000001 40.50875 16384
2025-07-10T20:31:52.014000 55.05470000000001 40.5 16384
2025-07-10T20:31:53.010000 55.05470000000001 40.5 16384
2025-07-10T20:31:54.010000 55.05470000000001 40.5 0
2025-07-10T20:31:55.010000 55.05470000000001 40.5 0
2025-07-10T20:31:56.010000 55.05470000000001 40.55 16384
2025-07-10T20:31:57.010000 55.05470000000001 40.5625 16384
2025-07-10T20:31:58.010000 55.05470000000001 40.5625 16384
2025-07-10T20:31:59.010000 55.05470000000001 40.5625 0
2025-07-10T20:32:00.010000 55.05470000000001 40.5625 0
2025-07-10T20:32:01.010000 55.05470000000001 40.5625 0
2025-07-10T20:32:02.010000 55.05470000000001 40.5625 0
2025-07-10T20:32:03.010000 55.05470000000001 40.55 0
2025-07-10T20:32:04.010000 55.05470000000001 40.5 0
2025-07-10T20:32:05.010000 55.05470000000001 40.5 0
2025-07-10T20:32:06.010000 55.05470000000001 40.5425 0
2025-07-10T20:32:07.010000 54.481736 40.5625 0
2025-07-10T20:32:08.010000 54.196908 40.55375 0
2025-07-10T20:32:09.010000 54.13228 40.5 0
2025-07-10T20:32:10.010000 54.121100000000006 40.5 0
2025-07-10T20:32:11.010000 54.129758 40.5375 0
2025-07-10T20:32:12.010000 54.144344000000004 40.5625 0
2025-07-10T20:32:13.010000 54.171561999999994 40.55875 0
2025-07-10T20:32:14.010000 54.202163999999996 40.5 0
2025-07-10T20:32:15.010000 54.230627999999996 40.5 0
2025-07-10T20:32:16.010000 54.229174 40.5 0
2025-07-10T20:32:17.010000 54.2266 40.5 0
2025-07-10T20:32:18.010000 54.23572599999999 40.5 0
2025-07-10T20:32:19.010000 54.262636 40.5 16384
2025-07-10T20:32:20.010000 54.29328799999999 40.5 16384
2025-07-10T20:32:21.011000 54.336444 40.52875 16384
2025-07-10T20:32:22.010000 54.335768 40.5625 0
2025-07-10T20:32:23.010000 54.36468 40.5625 0
2025-07-10T20:32:24.010000 54.375 40.5625 0
2025-07-10T20:32:25.010000 54.375 40.5625 0
2025-07-10T20:32:26.010000 54.386544 40.5375 0
2025-07-10T20:32:27.010000 54.413762 40.5 0
2025-07-10T20:32:28.010000 54.433444 40.5 0
2025-07-10T20:32:29.010000 54.4375 40.5 0
2025-07-10T20:32:30.010000 54.4375 40.5 0
2025-07-10T20:32:31.010000 54.4375 40.52 0
2025-07-10T20:32:32.010000 54.448732 40.5625 0
2025-07-10T20:32:33.010000 54.472828 40.5625 0
2025-07-10T20:32:34.010000 54.48049999999999 40.5625 16384
2025-07-10T20:32:35.010000 54.48049999999999 40.5625 16384
2025-07-10T20:32:36.010000 54.48049999999999 40.54625 16384
2025-07-10T20:32:37.010000 54.503588 40.5 0
2025-07-10T20:32:38.010000 54.5117 40.5 0
2025-07-10T20:32:39.010000 54.523244 40.545 0
2025-07-10T20:32:40.010000 54.52729999999999 40.5625 0
2025-07-10T20:32:41.010000 54.538918 40.5625 0
2025-07-10T20:32:42.010000 54.531381999999994 40.5625 0
2025-07-10T20:32:43.010000 54.52729999999999 40.5625 0
2025-07-10T20:32:44.010000 54.55046200000001 40.5625 0
2025-07-10T20:32:45.010000 54.558600000000006 40.5625 0
2025-07-10T20:32:46.010000 54.558600000000006 40.55375 0
2025-07-10T20:32:47.010000 54.57934799999999 40.5 0
2025-07-10T20:32:48.010000 54.574043999999994 40.5 0
2025-07-10T20:32:49.010000 54.582156 40.5 0
2025-07-10T20:32:50.010000 54.597832 40.5 0
2025-07-10T20:32:51.010000 54.589668 40.5 0
2025-07-10T20:32:52.011000 54.597832 40.5 16384
2025-07-10T20:32:53.010000 54.6016 40.5 16384
2025-07-10T20:32:54.010000 54.6016 40.5 16384
2025-07-10T20:32:55.011000 54.613456000000006 40.5 0
2025-07-10T20:32:56.010000 54.61720000000001 40.5 0
2025-07-10T20:32:57.010000 54.61720000000001 40.5625 0
2025-07-10T20:32:58.010000 54.62936799999999 40.5625 0
2025-07-10T20:32:59.010000 54.62063200000001 40.53375 0
2025-07-10T20:33:00.010000 54.61720000000001 40.5 0
2025-07-10T20:33:01.010000 54.641535999999995 40.5 0
2025-07-10T20:33:02.010000 54.6484 40.5 0
2025-07-10T20:33:03.010000 54.6484 40.5 0
2025-07-10T20:33:04.010000 54.6484 40.5 0
2025-07-10T20:33:05.010000 54.6484 40.5 16384
2025-07-10T20:33:06.010000 54.6484 40.5 16384
2025-07-10T20:33:07.010000 54.635920000000006 40.5 16384
2025-07-10T20:33:08.010000 54.64528 40.5 16384
2025-07-10T20:33:09.010000 54.659704000000005 40.52 16384
2025-07-10T20:33:10.010000 54.675332 40.5625 0
2025-07-10T20:33:11.010000 54.67970000000001 40.5625 0
2025-07-10T20:33:12.010000 54.668155999999996 40.5625 0
2025-07-10T20:33:13.010000 54.675644000000005 40.5625 0
2025-07-10T20:33:14.010000 54.668155999999996 40.545 0
2025-07-10T20:33:15.010000 54.6641 40.5 0
2025-07-10T20:33:16.010000 54.675644000000005 40.5 0
2025-07-10T20:33:17.010000 54.68835799999999 40.5 0
2025-07-10T20:33:18.010000 54.682742 40.5 0
2025-07-10T20:33:19.010000 54.67970000000001 40.5 0
2025-07-10T20:33:20.012000 54.67970000000001 40.5 0
2025-07-10T20:33:21.010000 54.68835799999999 40.5 0
2025-07-10T20:33:22.010000 54.691399999999994 40.5 16384
2025-07-10T20:33:23.011000 54.691399999999994 40.5 16384
2025-07-10T20:33:24.010000 54.682508 40.5 16384
2025-07-10T20:33:25.010000 54.68859199999999 40.5 16384
2025-07-10T20:33:26.010000 54.682508 40.5 16384
2025-07-10T20:33:27.010000 54.68859199999999 40.53875 16384
2025-07-10T20:33:28.010000 54.691399999999994 40.5625 0
2025-07-10T20:33:29.010000 54.691399999999994 40.5625 0
2025-07-10T20:33:30.010000 54.691399999999994 40.5625 0
2025-07-10T20:33:31.010000 54.691399999999994 40.5625 0
2025-07-10T20:33:32.010000 54.691399999999994 40.52875 0
2025-07-10T20:33:33.010000 54.691399999999994 40.5 0
2025-07-10T20:33:34.010000 54.703568000000004 40.5 0
2025-07-10T20:33:35.010000 54.70700000000001 40.5 0
2025-07-10T20:33:36.010000 54.694832 40.5 0
2025-07-10T20:33:37.010000 54.691399999999994 40.5 0
2025-07-10T20:33:38.010000 54.691399999999994 40.5 0
2025-07-10T20:33:39.010000 54.703568000000004 40.5 0
2025-07-10T20:33:40.010000 54.685706 40.55875 0
2025-07-10T20:33:41.010000 54.68905999999999 40.5625 0
2025-07-10T20:33:42.010000 54.691399999999994 40.5375 0
2025-07-10T20:33:43.010000 54.68204 40.5 0
2025-07-10T20:33:44.010000 54.68905999999999 40.5 0
2025-07-10T20:33:45.010000 54.68204 40.5 0
2025-07-10T20:33:46.010000 54.67970000000001 40.5 0
2025-07-10T20:33:47.010000 54.67970000000001 40.5 0
2025-07-10T20:33:48.010000 54.68835799999999 40.5 0
2025-07-10T20:33:49.010000 54.691399999999994 40.5 0
2025-07-10T20:33:50.010000 54.682742 40.5 16384
2025-07-10T20:33:51.010000 54.67970000000001 40.5 16384
2025-07-10T20:33:52.010000 54.668155999999996 40.5 16384
2025-07-10T20:33:53.010000 54.68430199999999 40.5 0
2025-07-10T20:33:54.010000 54.671198000000004 40.5 0
2025-07-10T20:33:55.010000 54.6641 40.5475 0
2025-07-10T20:33:56.010000 54.6641 40.5625 0
2025-07-10T20:33:57.010000 54.6641 40.54875 0
2025-07-10T20:33:58.010000 54.675956000000006 40.5 0
2025-07-10T20:33:59.010000 54.667844 40.5 0
2025-07-10T20:34:00.010000 54.6641 40.5 0
2025-07-10T20:34:01.010000 54.6641 40.5 0
2025-07-10T20:34:02.010000 54.6641 40.5 0
2025-07-10T20:34:03.010000 54.6641 40.5 0
2025-07-10T20:34:04.010000 54.675956000000006 40.5 0
2025-07-10T20:34:05.010000 54.67970000000001 40.5 0
2025-07-10T20:34:06.010000 54.667844 40.5 0
2025-07-10T20:34:07.010000 54.676268 40.5 0
2025-07-10T20:34:08.010000 54.68859199999999 40.5 0
2025-07-10T20:34:09.010000 54.682274 40.5 0
2025-07-10T20:34:10.010000 54.67970000000001 40.5 0
2025-07-10T20:34:11.010000 54.66753200000001 40.5 0
2025-07-10T20:34:12.010000 54.685393999999995 40.5 0
2025-07-10T20:34:13.010000 54.682274 40.5 0
2025-07-10T20:34:14.010000 54.67970000000001 40.5 0
2025-07-10T20:34:15.010000 54.67970000000001 40.5 0
2025-07-10T20:34:16.010000 54.67970000000001 40.5 0
2025-07-10T20:34:17.010000 54.66722 40.5 0
2025-07-10T20:34:18.010000 54.676579999999994 40.5 0
2025-07-10T20:34:19.010000 54.68882599999999 40.5 0
2025-07-10T20:34:20.010000 54.691399999999994 40.5 0
2025-07-10T20:34:21.010000 54.691399999999994 40.5 0
2025-07-10T20:34:22.010000 54.691399999999994 40.5 0
2025-07-10T20:34:23.010000 54.691399999999994 40.5 0
2025-07-10T20:34:24.010000 54.691399999999994 40.5 0
2025-07-10T20:34:25.010000 54.691399999999994 40.5 0
2025-07-10T20:34:26.010000 54.691399999999994 40.5 0
2025-07-10T20:34:27.010000 54.70294400000001 40.5 0
2025-07-10T20:34:28.010000 54.70700000000001 40.5 0
2025-07-10T20:34:29.012000 54.70700000000001 40.5 0
2025-07-10T20:34:30.010000 54.718618000000006 40.5 0
2025-07-10T20:34:31.010000 54.72270000000001 40.5 0
2025-07-10T20:34:32.010000 54.72270000000001 40.5 0
2025-07-10T20:34:33.010000 54.710768 40.5 16384
2025-07-10T20:34:34.010000 54.695144 40.5 16384
2025-07-10T20:34:35.010000 54.715188 40.5 16384
2025-07-10T20:34:36.010000 54.72270000000001 40.5 0
2025-07-10T20:34:37.010000 54.72270000000001 40.5 0
2025-07-10T20:34:38.010000 54.710768 40.54 0
2025-07-10T20:34:39.010000 54.70700000000001 40.5625 0
2025-07-10T20:34:40.010000 54.70700000000001 40.55625 0
2025-07-10T20:34:41.010000 54.718932 40.5 0
2025-07-10T20:34:42.010000 54.710768 40.5 0
2025-07-10T20:34:43.010000 54.719246000000005 40.5 0
2025-07-10T20:34:44.010000 54.710454 40.5 0
2025-07-10T20:34:45.010000 54.719246000000005 40.5 0
2025-07-10T20:34:46.011000 54.72270000000001 40.5 0
2025-07-10T20:34:47.010000 54.710454 40.5 0
2025-07-10T20:34:48.010000 54.70700000000001 40.5 0
2025-07-10T20:34:49.010000 54.731413999999994 40.5 0
2025-07-10T20:34:50.010000 54.726132 40.5 0
2025-07-10T20:34:51.010000 54.72270000000001 40.5 0
2025-07-10T20:34:52.010000 54.710454 40.5 0
2025-07-10T20:34:53.010000 54.70700000000001 40.5 0
2025-07-10T20:34:54.010000 54.70700000000001 40.5 0
2025-07-10T20:34:55.010000 54.70700000000001 40.5 0
2025-07-10T20:34:56.010000 54.71956 40.5 0
2025-07-10T20:34:57.010000 54.71014 40.5 0
2025-07-10T20:34:58.010000 54.71956 40.5 0
2025-07-10T20:34:59.010000 54.72270000000001 40.5 0
2025-07-10T20:35:00.010000 54.71014 40.5 0
2025-07-10T20:35:01.012000 54.744519999999994 40.5 0
2025-07-10T20:35:02.010000 54.72894 40.5 0
2025-07-10T20:35:03.010000 54.747659999999996 40.5 0
2025-07-10T20:35:04.010000 54.753899999999994 40.5 0
2025-07-10T20:35:05.010000 54.753899999999994 40.5 0
2025-07-10T20:35:06.010000 54.753899999999994 40.5 0
2025-07-10T20:35:07.010000 54.76544400000001 40.5 0
2025-07-10T20:35:08.010000 54.76950000000001 40.5 0
2025-07-10T20:35:09.010000 54.781118000000006 40.5 0
2025-07-10T20:35:10.010000 54.761412 40.5 0
2025-07-10T20:35:11.011000 54.753899999999994 40.5 0
2025-07-10T20:35:12.010000 54.765756 40.5 0
2025-07-10T20:35:13.010000 54.76950000000001 40.5 0
2025-07-10T20:35:14.010000 54.76950000000001 40.5 0
2025-07-10T20:35:15.010000 54.76950000000001 40.5 0
2025-07-10T20:35:16.010000 54.757644 40.5 0
2025-07-10T20:35:17.010000 54.753899999999994 40.5 0
2025-07-10T20:35:18.010000 54.753899999999994 40.5 0
2025-07-10T20:35:19.010000 54.753899999999994 40.5 0
2025-07-10T20:35:20.010000 54.765756 40.5 0
2025-07-10T20:35:21.010000 54.76950000000001 40.5 0
2025-07-10T20:35:22.010000 54.76950000000001 40.5 0
2025-07-10T20:35:23.010000 54.745163999999995 40.5 0
2025-07-10T20:35:24.010000 54.7383 40.5 0
2025-07-10T20:35:25.010000 54.750468 40.5 0
2025-07-10T20:35:26.010000 54.766068000000004 40.5 0
2025-07-10T20:35:27.010000 54.76950000000001 40.5 0
2025-07-10T20:35:28.010000 54.76950000000001 40.5 0
2025-07-10T20:35:29.010000 54.781746000000005 40.5 0
2025-07-10T20:35:30.010000 54.794326 40.5 0
2025-07-10T20:35:31.010000 54.78754 40.5 16384
2025-07-10T20:35:32.010000 54.794560000000004 40.5 16384
2025-07-10T20:35:33.010000 54.79690000000001 40.5 16384
2025-07-10T20:35:34.010000 54.78754 40.5 0
2025-07-10T20:35:35.010000 54.794326 40.5 0
2025-07-10T20:35:36.010000 54.78754 40.52375 0
2025-07-10T20:35:37.010000 54.772704081632654 40.5625 0
2025-07-10T20:35:38.004000 54.7818137254902 40.5625 0
2025-07-10T20:35:39.010000 54.794560000000004 40.50875 0
2025-07-10T20:35:40.010000 54.78754 40.5 0
2025-07-10T20:35:41.010000 54.794560000000004 40.5 0
2025-07-10T20:35:42.010000 54.79690000000001 40.5 0
2025-07-10T20:35:43.010000 54.808444 40.5 0
2025-07-10T20:35:44.010000 54.78067999999999 40.5 0
2025-07-10T20:35:45.010000 54.781118000000006 40.5 0
2025-07-10T20:35:46.010000 54.76203799999999 40.5 0
2025-07-10T20:35:47.010000 54.76544400000001 40.5 0
2025-07-10T20:35:48.010000 54.76950000000001 40.5 0
2025-07-10T20:35:49.010000 54.76950000000001 40.5 0
2025-07-10T20:35:50.010000 54.76950000000001 40.5 0
2025-07-10T20:35:51.011000 54.76950000000001 40.5 0
2025-07-10T20:35:52.010000 54.757644 40.5 0
2025-07-10T20:35:53.010000 54.74204400000001 40.5 0
2025-07-10T20:35:54.010000 54.750156 40.5 0
2025-07-10T20:35:55.010000 54.753899999999994 40.5 0
2025-07-10T20:35:56.010000 54.753899999999994 40.5 0
2025-07-10T20:35:57.010000 54.753899999999994 40.5 0
2025-07-10T20:35:58.010000 54.753899999999994 40.5 0
2025-07-10T20:35:59.010000 54.778314 40.5 0
2025-07-10T20:36:00.010000 54.772954 40.5 0
2025-07-10T20:36:01.010000 54.76950000000001 40.5 0
2025-07-10T20:36:02.010000 54.781746000000005 40.5 0
2025-07-10T20:36:03.010000 54.76078599999999 40.5 0
2025-07-10T20:36:04.010000 54.766068000000004 40.5 0
2025-07-10T20:36:05.010000 54.76950000000001 40.5 0
2025-07-10T20:36:06.010000 54.781746000000005 40.5 0
2025-07-10T20:36:07.010000 54.76078599999999 40.5 0
2025-07-10T20:36:08.010000 54.766068000000004 40.5 0
2025-07-10T20:36:09.010000 54.76950000000001 40.5 0
2025-07-10T20:36:10.010000 54.78206 40.5 0
2025-07-10T20:36:11.010000 54.78520000000001 40.5 0
2025-07-10T20:36:12.010000 54.78520000000001 40.5 0
2025-07-10T20:36:13.010000 54.77264 40.5 0
2025-07-10T20:36:14.010000 54.78206 40.5 0
2025-07-10T20:36:15.010000 54.794560000000004 40.5 0
2025-07-10T20:36:16.010000 54.79690000000001 40.5 0
2025-07-10T20:36:17.010000 54.79690000000001 40.5 0
2025-07-10T20:36:18.010000 54.809380000000004 40.5 0
2025-07-10T20:36:19.010000 54.8125 40.5 0
2025-07-10T20:36:20.010000 54.800956 40.5 0
2025-07-10T20:36:21.010000 54.79690000000001 40.5 0
2025-07-10T20:36:22.011000 54.79690000000001 40.5 0
2025-07-10T20:36:23.010000 54.788242 40.5 0
2025-07-10T20:36:24.013000 54.81694600000001 40.5 0
2025-07-10T20:36:25.010000 54.816556 40.5 0
2025-07-10T20:36:26.010000 54.79229800000001 40.5 0
2025-07-10T20:36:27.010000 54.794092 40.5 0
2025-07-10T20:36:28.010000 54.776076 40.5 0
2025-07-10T20:36:29.010000 54.790324 40.5 0
2025-07-10T20:36:30.010000 54.79690000000001 40.5 0
2025-07-10T20:36:31.010000 54.79690000000001 40.5 0
2025-07-10T20:36:32.010000 54.808755999999995 40.5 0
2025-07-10T20:36:33.011000 54.82435600000001 40.5 0
2025-07-10T20:36:34.010000 54.804387999999996 40.5 0
2025-07-10T20:36:35.010000 54.832544 40.5 0
2025-07-10T20:36:36.010000 54.820012 40.5 0
2025-07-10T20:36:37.010000 54.824668 40.5 0
2025-07-10T20:36:38.010000 54.82809999999999 40.5 0
2025-07-10T20:36:39.010000 54.84034599999999 40.5 0
2025-07-10T20:36:40.010000 54.831554 40.5 0
2025-07-10T20:36:41.010000 54.82809999999999 40.5 0
2025-07-10T20:36:42.010000 54.803763999999994 40.5 0
2025-07-10T20:36:43.010000 54.809067999999996 40.5 0
2025-07-10T20:36:44.010000 54.824668 40.5 0
2025-07-10T20:36:45.010000 54.815932000000004 40.5 0
2025-07-10T20:36:46.010000 54.8125 40.5 0
2025-07-10T20:36:47.010000 54.824668 40.5 0
2025-07-10T20:36:48.010000 54.82809999999999 40.5 0
2025-07-10T20:36:49.010000 54.82809999999999 40.5 0
2025-07-10T20:36:50.010000 54.815619999999996 40.5 0
2025-07-10T20:36:51.010000 54.79066000000001 40.5 0
2025-07-10T20:36:52.011000 54.794560000000004 40.5 0
2025-07-10T20:36:53.010000 54.78754 40.5 0
2025-07-10T20:36:54.010000 54.794560000000004 40.5 0
2025-07-10T20:36:55.010000 54.79690000000001 40.5 0
2025-07-10T20:36:56.010000 54.809380000000004 40.5 0
2025-07-10T20:36:57.010000 54.800019999999996 40.5 0
2025-07-10T20:36:58.010000 54.819988 40.5 0
2025-07-10T20:36:59.010000 54.816556 40.5 0
2025-07-10T20:37:00.010000 54.800956 40.5 0
2025-07-10T20:37:01.010000 54.79690000000001 40.5 0
2025-07-10T20:37:02.010000 54.808444 40.5 0
2025-07-10T20:37:03.010000 54.82435600000001 40.5 0
2025-07-10T20:37:04.010000 54.82809999999999 40.5 0
2025-07-10T20:37:05.010000 54.82809999999999 40.5 0
2025-07-10T20:37:06.010000 54.82809999999999 40.5 0
2025-07-10T20:37:07.010000 54.816244000000005 40.5 0
2025-07-10T20:37:08.010000 54.82435600000001 40.5 0
2025-07-10T20:37:09.010000 54.816244000000005 40.5 0
2025-07-10T20:37:10.010000 54.8125 40.5 0
2025-07-10T20:37:11.010000 54.836287999999996 40.5 0
2025-07-10T20:37:12.010000 54.820012 40.5 0
2025-07-10T20:37:13.010000 54.836914 40.5 0
2025-07-10T20:37:14.010000 54.831554 40.5 0
2025-07-10T20:37:15.010000 54.803763999999994 40.5 0
2025-07-10T20:37:16.010000 54.821236000000006 40.5 0
2025-07-10T20:37:17.010000 54.82809999999999 40.5 0
2025-07-10T20:37:18.010000 54.82809999999999 40.5 0
2025-07-10T20:37:19.010000 54.84034599999999 40.5 0
2025-07-10T20:37:20.010000 54.843799999999995 40.5 0
2025-07-10T20:37:21.010000 54.855968000000004 40.5 0
2025-07-10T20:37:22.010000 54.84723199999999 40.5 0
2025-07-10T20:37:23.010000 54.855968000000004 40.5 0
2025-07-10T20:37:24.010000 54.871567999999996 40.5 0
2025-07-10T20:37:25.010000 54.887480000000004 40.5 0
2025-07-10T20:37:26.010000 54.85315999999999 40.5 0
2025-07-10T20:37:27.010000 54.86876 40.5 0
2025-07-10T20:37:28.010000 54.862519999999996 40.5 0
2025-07-10T20:37:29.010000 54.84692 40.5 0
2025-07-10T20:37:30.010000 54.88124 40.5 0
2025-07-10T20:37:31.010000 54.878119999999996 40.5 0
2025-07-10T20:37:32.013000 54.875 40.5 0
2025-07-10T20:37:33.010000 54.875 40.5 0
2025-07-10T20:37:34.010000 54.88779200000001 40.5 0
2025-07-10T20:37:35.010000 54.878119999999996 40.5 0
2025-07-10T20:37:36.010000 54.88779200000001 40.5 0
2025-07-10T20:37:37.010000 54.879056 40.5 0
2025-07-10T20:37:38.010000 54.886544 40.5 0
2025-07-10T20:37:39.010000 54.879056 40.5 0
2025-07-10T20:37:40.010000 54.88685600000001 40.5 0
2025-07-10T20:37:41.010000 54.89059999999999 40.5 0
2025-07-10T20:37:42.010000 54.902456 40.5 0
2025-07-10T20:37:43.010000 54.906200000000005 40.5 0
2025-07-10T20:37:44.010000 54.906200000000005 40.5 0
2025-07-10T20:37:45.010000 54.894344000000004 40.5 0
2025-07-10T20:37:46.010000 54.902456 40.5 0
2025-07-10T20:37:47.010000 54.915167999999994 40.5 0
2025-07-10T20:37:48.010000 54.897176 40.5 0
2025-07-10T20:37:49.010000 54.902456 40.5 0
2025-07-10T20:37:50.010000 54.906200000000005 40.5 0
2025-07-10T20:37:51.010000 54.894031999999996 40.5 0
2025-07-10T20:37:52.010000 54.90276800000001 40.5 0
2025-07-10T20:37:53.010000 54.906200000000005 40.5 0
2025-07-10T20:37:54.010000 54.894031999999996 40.5 0
2025-07-10T20:37:55.010000 54.90276800000001 40.5 0
2025-07-10T20:37:56.010000 54.894031999999996 40.5 0
2025-07-10T20:37:57.010000 54.90276800000001 40.5 0
2025-07-10T20:37:58.010000 54.915403999999995 40.5 0
2025-07-10T20:37:59.010000 54.908559999999994 40.5 0
2025-07-10T20:38:00.010000 54.91564 40.5 0
2025-07-10T20:38:01.010000 54.908559999999994 40.5 0
2025-07-10T20:38:02.010000 54.91564 40.5 0
2025-07-10T20:38:03.010000 54.93048000000001 40.5 0
2025-07-10T20:38:04.010000 54.911680000000004 40.5 0
2025-07-10T20:38:05.010000 54.893719999999995 40.5 0
2025-07-10T20:38:06.010000 54.90308 40.5 0
2025-07-10T20:38:07.010000 54.92812 40.5 0
2025-07-10T20:38:08.010000 54.933600000000006 40.5 0
2025-07-10T20:38:09.010000 54.92112 40.5 0
2025-07-10T20:38:10.010000 54.91799999999999 40.5 0
2025-07-10T20:38:11.010000 54.91799999999999 40.5 0
2025-07-10T20:38:12.010000 54.930792000000004 40.5 0
2025-07-10T20:38:13.010000 54.933600000000006 40.5 0
2025-07-10T20:38:14.010000 54.911131999999995 40.5 0
2025-07-10T20:38:15.010000 54.906200000000005 40.5 0
2025-07-10T20:38:16.010000 54.906200000000005 40.5 0
2025-07-10T20:38:17.010000 54.915167999999994 40.5 0
2025-07-10T20:38:18.010000 54.897176 40.5 0
2025-07-10T20:38:19.010000 54.911424 40.5 0
2025-07-10T20:38:20.010000 54.91799999999999 40.5 0
2025-07-10T20:38:21.010000 54.91799999999999 40.5 0
2025-07-10T20:38:22.010000 54.909032 40.5 0
2025-07-10T20:38:23.010000 54.915167999999994 40.5 0
2025-07-10T20:38:24.010000 54.909032 40.5 0
2025-07-10T20:38:25.010000 54.906200000000005 40.5 0
2025-07-10T20:38:26.010000 54.915167999999994 40.5 0
2025-07-10T20:38:27.010000 54.91799999999999 40.5 0
2025-07-10T20:38:28.010000 54.908796 40.5 0
2025-07-10T20:38:29.010000 54.906200000000005 40.5 0
2025-07-10T20:38:30.010000 54.915403999999995 40.5 0
2025-07-10T20:38:31.010000 54.91799999999999 40.5 0
2025-07-10T20:38:32.010000 54.908796 40.5 0
2025-07-10T20:38:33.010000 54.906200000000005 40.5 0
2025-07-10T20:38:34.010000 54.915403999999995 40.5 0
2025-07-10T20:38:35.010000 54.896628 40.5 0
2025-07-10T20:38:36.010000 54.90308 40.5 0
2025-07-10T20:38:37.010000 54.88124 40.5 0
2025-07-10T20:38:38.010000 54.89996000000001 40.5 0
2025-07-10T20:38:39.010000 54.893719999999995 40.5 0
2025-07-10T20:38:40.010000 54.86563999999999 40.5 0
2025-07-10T20:38:41.010000 54.84692 40.5 0
2025-07-10T20:38:42.010000 54.856280000000005 40.5 0
2025-07-10T20:38:43.010000 54.871880000000004 40.5 0
2025-07-10T20:38:44.010000 54.862519999999996 40.5 0
2025-07-10T20:38:45.010000 54.85940000000001 40.5 0
2025-07-10T20:38:46.010000 54.85940000000001 40.5 0
2025-07-10T20:38:47.010000 54.872192 40.5 0
2025-07-10T20:38:48.010000 54.875 40.5 0
2025-07-10T20:38:49.010000 54.849416 40.5 0
2025-07-10T20:38:50.010000 54.869384 40.5 0
2025-07-10T20:38:51.010000 54.849416 40.5 0
2025-07-10T20:38:52.010000 54.843799999999995 40.5 0
2025-07-10T20:38:53.010000 54.843799999999995 40.5 0
2025-07-10T20:38:54.010000 54.843799999999995 40.5 0
2025-07-10T20:38:55.010000 54.843799999999995 40.5 0
2025-07-10T20:38:56.010000 54.83186799999999 40.5 0
2025-07-10T20:38:57.010000 54.840031999999994 40.5 0
2025-07-10T20:38:58.010000 54.83186799999999 40.5 0
2025-07-10T20:38:59.010000 54.840031999999994 40.5 0
2025-07-10T20:39:00.010000 54.83186799999999 40.5 0
2025-07-10T20:39:01.010000 54.840031999999994 40.5 0
2025-07-10T20:39:02.010000 54.855655999999996 40.5 0
2025-07-10T20:39:03.010000 54.85940000000001 40.5 0
2025-07-10T20:39:04.010000 54.84723199999999 40.5 0
2025-07-10T20:39:05.010000 54.843799999999995 40.5 0
2025-07-10T20:39:06.010000 54.855968000000004 40.5 0
2025-07-10T20:39:07.010000 54.871567999999996 40.5 0
2025-07-10T20:39:08.010000 54.862832 40.5 0
2025-07-10T20:39:09.010000 54.85940000000001 40.5 0
2025-07-10T20:39:10.010000 54.85940000000001 40.5 0
2025-07-10T20:39:11.010000 54.84723199999999 40.5 0
2025-07-10T20:39:12.010000 54.86876 40.5 0
2025-07-10T20:39:13.010000 54.875 40.5 0
2025-07-10T20:39:14.010000 54.862519999999996 40.5 0
2025-07-10T20:39:15.010000 54.85940000000001 40.5 0
2025-07-10T20:39:16.010000 54.84692 40.5 0
2025-07-10T20:39:17.010000 54.843799999999995 40.5 0
2025-07-10T20:39:18.010000 54.843799999999995 40.5 0
2025-07-10T20:39:19.010000 54.843799999999995 40.5 0
2025-07-10T20:39:20.010000 54.856280000000005 40.5 0
2025-07-10T20:39:21.010000 54.85940000000001 40.5 0
2025-07-10T20:39:22.010000 54.85940000000001 40.5 0
2025-07-10T20:39:23.010000 54.84692 40.5 0
2025-07-10T20:39:24.010000 54.856592 40.5 0
2025-07-10T20:39:25.010000 54.85940000000001 40.5 0
2025-07-10T20:39:26.010000 54.846607999999996 40.5 0
2025-07-10T20:39:27.010000 54.856592 40.5 0
2025-07-10T20:39:28.010000 54.85940000000001 40.5 0
2025-07-10T20:39:29.010000 54.846607999999996 40.5 0
2025-07-10T20:39:30.010000 54.830926 40.5 0
2025-07-10T20:39:31.010000 54.82809999999999 40.5 0
2025-07-10T20:39:32.010000 54.816244000000005 40.5 0
2025-07-10T20:39:33.010000 54.82435600000001 40.5 0
2025-07-10T20:39:34.010000 54.816244000000005 40.5 0
2025-07-10T20:39:35.010000 54.8125 40.5 0
2025-07-10T20:39:36.010000 54.80064399999999 40.5 0
2025-07-10T20:39:37.010000 54.788008 40.5 0
2025-07-10T20:39:38.010000 54.794092 40.5 0
2025-07-10T20:39:39.011000 54.79690000000001 40.5 0
2025-07-10T20:39:40.010000 54.809067999999996 40.5 0
2025-07-10T20:39:41.010000 54.800332 40.5 0
2025-07-10T20:39:42.010000 54.809067999999996 40.5 0
2025-07-10T20:39:43.010000 54.800332 40.5 0
2025-07-10T20:39:44.010000 54.79690000000001 40.5 0
2025-07-10T20:39:45.010000 54.79690000000001 40.5 0
2025-07-10T20:39:46.010000 54.809067999999996 40.5 0
2025-07-10T20:39:47.010000 54.800332 40.5 0
2025-07-10T20:39:48.010000 54.809067999999996 40.5 0
2025-07-10T20:39:49.010000 54.79066000000001 40.5 0
2025-07-10T20:39:50.010000 54.819520000000004 40.5 0
2025-07-10T20:39:51.010000 54.82809999999999 40.5 0
2025-07-10T20:39:52.010000 54.82809999999999 40.5 0
2025-07-10T20:39:53.010000 54.815619999999996 40.5 0
2025-07-10T20:39:54.010000 54.8125 40.5 0
2025-07-10T20:39:55.010000 54.824980000000004 40.5 0
2025-07-10T20:39:56.010000 54.815619999999996 40.5 0
2025-07-10T20:39:57.010000 54.824980000000004 40.5 0
2025-07-10T20:39:58.010000 54.82809999999999 40.5 0
2025-07-10T20:39:59.010000 54.82809999999999 40.5 0
2025-07-10T20:40:00.010000 54.840659999999986 40.5 0
2025-07-10T20:40:01.010000 54.856592 40.5 0
2025-07-10T20:40:02.010000 54.83373400000001 40.5 0
2025-07-10T20:40:03.010000 54.84097399999999 40.5 0
2025-07-10T20:40:04.010000 54.830926 40.5 0
2025-07-10T20:40:05.010000 54.84097399999999 40.5 0
2025-07-10T20:40:06.010000 54.856592 40.5 0
2025-07-10T20:40:07.011000 54.846607999999996 40.5 0
2025-07-10T20:40:08.010000 54.856592 40.5 0
2025-07-10T20:40:09.010000 54.85940000000001 40.5 0
2025-07-10T20:40:10.010000 54.85940000000001 40.5 0
2025-07-10T20:40:11.010000 54.847544 40.5 0
2025-07-10T20:40:12.010000 54.843799999999995 40.5 0
2025-07-10T20:40:13.010000 54.855655999999996 40.5 0
2025-07-10T20:40:14.010000 54.871255999999995 40.5 0
2025-07-10T20:40:15.010000 54.86314399999999 40.5 0
2025-07-10T20:40:16.010000 54.871567999999996 40.5 0
2025-07-10T20:40:17.010000 54.875 40.5 0
2025-07-10T20:40:18.010000 54.875 40.5 0
2025-07-10T20:40:19.010000 54.875 40.5 0
2025-07-10T20:40:20.010000 54.862832 40.5 0
2025-07-10T20:40:21.010000 54.85940000000001 40.5 0
2025-07-10T20:40:22.010000 54.85940000000001 40.5 0
2025-07-10T20:40:23.010000 54.871567999999996 40.5 0
2025-07-10T20:40:24.010000 54.875 40.5 0
2025-07-10T20:40:25.010000 54.875 40.5 0
2025-07-10T20:40:26.010000 54.899336000000005 40.5 0
2025-07-10T20:40:27.010000 54.893719999999995 40.5 0
2025-07-10T20:40:28.010000 54.90308 40.5 0
2025-07-10T20:40:29.010000 54.893719999999995 40.5 0
2025-07-10T20:40:30.010000 54.86563999999999 40.5 0
2025-07-10T20:40:31.010000 54.84692 40.5 0
2025-07-10T20:40:32.010000 54.818760000000005 40.5 0
2025-07-10T20:40:33.010000 54.824980000000004 40.5 0
2025-07-10T20:40:34.010000 54.815619999999996 40.5 0
2025-07-10T20:40:35.010000 54.83753999999999 40.5 0
2025-07-10T20:40:36.010000 54.843799999999995 40.5 0
2025-07-10T20:40:37.010000 54.843799999999995 40.5 0
2025-07-10T20:40:38.010000 54.856592 40.5 0
2025-07-10T20:40:39.010000 54.846607999999996 40.5 0
2025-07-10T20:40:40.010000 54.856592 40.5 0
2025-07-10T20:40:41.010000 54.85940000000001 40.5 0
2025-07-10T20:40:42.010000 54.846607999999996 40.5 0
2025-07-10T20:40:43.010000 54.856592 40.5 0
2025-07-10T20:40:44.010000 54.85940000000001 40.5 0
2025-07-10T20:40:45.010000 54.85940000000001 40.5 0
2025-07-10T20:40:46.010000 54.846607999999996 40.5 0
2025-07-10T20:40:47.010000 54.843799999999995 40.5 0
2025-07-10T20:40:48.010000 54.843799999999995 40.5 0
2025-07-10T20:40:49.010000 54.820012 40.5 0
2025-07-10T20:40:50.010000 54.836287999999996 40.5 0
2025-07-10T20:40:51.010000 54.83186799999999 40.5 0
2025-07-10T20:40:52.010000 54.840031999999994 40.5 0
2025-07-10T20:40:53.010000 54.83186799999999 40.5 0
2025-07-10T20:40:54.010000 54.815932000000004 40.5 0
2025-07-10T20:40:55.010000 54.824668 40.5 0
2025-07-10T20:40:56.010000 54.82809999999999 40.5 0
2025-07-10T20:40:57.010000 54.82809999999999 40.5 0
2025-07-10T20:40:58.010000 54.82809999999999 40.5 0
2025-07-10T20:40:59.010000 54.84034599999999 40.5 0
2025-07-10T20:41:00.010000 54.819385999999994 40.5 0
2025-07-10T20:41:01.010000 54.824668 40.5 0
2025-07-10T20:41:02.010000 54.82809999999999 40.5 0
2025-07-10T20:41:03.010000 54.84034599999999 40.5 0
2025-07-10T20:41:04.010000 54.83124 40.5 0
2025-07-10T20:41:05.010000 54.82809999999999 40.5 0
2025-07-10T20:41:06.010000 54.82809999999999 40.5 0
2025-07-10T20:41:07.010000 54.82809999999999 40.5 0
2025-07-10T20:41:08.010000 54.853139999999996 40.5 0
2025-07-10T20:41:09.010000 54.84692 40.5 0
2025-07-10T20:41:10.010000 54.83124 40.5 0
2025-07-10T20:41:11.010000 54.853139999999996 40.5 0
2025-07-10T20:41:12.010000 54.84692 40.5 0
2025-07-10T20:41:13.010000 54.843799999999995 40.5 0
2025-07-10T20:41:14.010000 54.843799999999995 40.5 0
2025-07-10T20:41:15.010000 54.856592 40.5 0
2025-07-10T20:41:16.010000 54.85940000000001 40.5 0
2025-07-10T20:41:17.010000 54.872192 40.5 0
2025-07-10T20:41:18.010000 54.86220799999999 40.5 0
2025-07-10T20:41:19.010000 54.872192 40.5 0
2025-07-10T20:41:20.010000 54.86220799999999 40.5 0
2025-07-10T20:41:21.010000 54.884984 40.5 0
2025-07-10T20:41:22.010000 54.877808 40.5 0
2025-07-10T20:41:23.010000 54.875 40.5 0
2025-07-10T20:41:24.010000 54.875 40.5 0
2025-07-10T20:41:25.010000 54.88685600000001 40.5 0
2025-07-10T20:41:26.010000 54.89059999999999 40.5 0
2025-07-10T20:41:27.010000 54.866887999999996 40.5 0
2025-07-10T20:41:28.010000 54.871255999999995 40.5 0
2025-07-10T20:41:29.010000 54.898712 40.5 0
2025-07-10T20:41:30.010000 54.894344000000004 40.5 0
2025-07-10T20:41:31.010000 54.902456 40.5 0
2025-07-10T20:41:32.010000 54.906200000000005 40.5 0
2025-07-10T20:41:33.010000 54.906200000000005 40.5 0
2025-07-10T20:41:34.010000 54.906200000000005 40.5 0
2025-07-10T20:41:35.010000 54.894031999999996 40.5 0
2025-07-10T20:41:36.010000 54.90276800000001 40.5 0
2025-07-10T20:41:37.010000 54.915403999999995 40.5 0
2025-07-10T20:41:38.010000 54.908796 40.5 0
2025-07-10T20:41:39.010000 54.906200000000005 40.5 0
2025-07-10T20:41:40.010000 54.915403999999995 40.5 0
2025-07-10T20:41:41.010000 54.91799999999999 40.5 0
2025-07-10T20:41:42.010000 54.91799999999999 40.5 0
2025-07-10T20:41:43.010000 54.91799999999999 40.5 0
2025-07-10T20:41:44.010000 54.93048000000001 40.5 0
2025-07-10T20:41:45.010000 54.92112 40.5 0
2025-07-10T20:41:46.010000 54.93048000000001 40.5 0
2025-07-10T20:41:47.010000 54.911680000000004 40.5 0
2025-07-10T20:41:48.010000 54.893719999999995 40.5 0
2025-07-10T20:41:49.010000 54.912519999999994 40.5 0
2025-07-10T20:41:50.010000 54.908559999999994 40.5 0
2025-07-10T20:41:51.010000 54.92812 40.5 0
2025-07-10T20:41:52.010000 54.92112 40.5 0
2025-07-10T20:41:53.010000 54.91799999999999 40.5 0
2025-07-10T20:41:54.010000 54.930792000000004 40.5 0
2025-07-10T20:41:55.010000 54.933600000000006 40.5 0
2025-07-10T20:41:56.010000 54.920807999999994 40.5 0
2025-07-10T20:41:57.010000 54.930792000000004 40.5 0
2025-07-10T20:41:58.010000 54.933600000000006 40.5 0
2025-07-10T20:41:59.010000 54.920807999999994 40.4375 0
2025-07-10T20:42:00.010000 54.91799999999999 40.4375 0
2025-07-10T20:42:01.010000 54.91799999999999 40.46625 0
2025-07-10T20:42:02.010000 54.930792000000004 40.5 0
2025-07-10T20:42:03.010000 54.933600000000006 40.5 0
2025-07-10T20:42:04.010000 54.921744 40.5 16384
2025-07-10T20:42:05.010000 54.929856 40.5 16384
2025-07-10T20:42:06.010000 54.921744 40.5 16384
2025-07-10T20:42:07.010000 54.94171200000001 40.5 0
2025-07-10T20:42:08.010000 54.925488 40.5 0
2025-07-10T20:42:09.010000 54.929856 40.5 0
2025-07-10T20:42:10.010000 54.933600000000006 40.5 0
2025-07-10T20:42:11.010000 54.933600000000006 40.5 0
2025-07-10T20:42:12.010000 54.945768 40.5 0
2025-07-10T20:42:13.010000 54.937032 40.5 0
2025-07-10T20:42:14.010000 54.933600000000006 40.5 0
2025-07-10T20:42:15.010000 54.933600000000006 40.5 0
2025-07-10T20:42:16.010000 54.945768 40.5 0
2025-07-10T20:42:17.010000 54.9492 40.5 0
2025-07-10T20:42:18.010000 54.937032 40.5 0
2025-07-10T20:42:19.010000 54.933600000000006 40.5 0
2025-07-10T20:42:20.010000 54.945768 40.5 0
2025-07-10T20:42:21.010000 54.92424 40.5 0
2025-07-10T20:42:22.010000 54.94296 40.5 0
2025-07-10T20:42:23.010000 54.92424 40.5 0
2025-07-10T20:42:24.010000 54.896080000000005 40.5 0
2025-07-10T20:42:25.010000 54.90308 40.5 0
2025-07-10T20:42:26.010000 54.91564 40.5 0
2025-07-10T20:42:27.010000 54.908559999999994 40.5 0
2025-07-10T20:42:28.010000 54.893719999999995 40.5 0
2025-07-10T20:42:29.010000 54.89059999999999 40.5 0
2025-07-10T20:42:30.010000 54.90308 40.5 0
2025-07-10T20:42:31.010000 54.906200000000005 40.5 0
2025-07-10T20:42:32.010000 54.906200000000005 40.5 0
2025-07-10T20:42:33.010000 54.906200000000005 40.5 0
2025-07-10T20:42:34.010000 54.893408 40.5 0
2025-07-10T20:42:35.010000 54.865016 40.5 0
2025-07-10T20:42:36.010000 54.872192 40.5 0
2025-07-10T20:42:37.010000 54.875 40.5 0
2025-07-10T20:42:38.010000 54.86220799999999 40.5 0
2025-07-10T20:42:39.010000 54.85940000000001 40.5 0
2025-07-10T20:42:40.010000 54.85940000000001 40.5 0
2025-07-10T20:42:41.010000 54.85940000000001 40.5 0
2025-07-10T20:42:42.010000 54.85940000000001 40.5 0
2025-07-10T20:42:43.010000 54.847544 40.5 0
2025-07-10T20:42:44.010000 54.867512 40.5 0
2025-07-10T20:42:45.010000 54.851288 40.5 0
2025-07-10T20:42:46.010000 54.83186799999999 40.5 0
2025-07-10T20:42:47.013000 54.840031999999994 40.5 0
2025-07-10T20:42:48.010000 54.855968000000004 40.5 0
2025-07-10T20:42:49.011000 54.84723199999999 40.5 0
2025-07-10T20:42:50.010000 54.831554 40.5 0
2025-07-10T20:42:51.010000 54.82809999999999 40.5 0
2025-07-10T20:42:52.010000 54.82809999999999 40.45375 0
2025-07-10T20:42:53.010000 54.82809999999999 40.4375 0
2025-07-10T20:42:54.010000 54.815932000000004 40.45 0
2025-07-10T20:42:55.010000 54.836914 40.5 0
2025-07-10T20:42:56.010000 54.843799999999995 40.5 0
2025-07-10T20:42:57.010000 54.831554 40.5 16384
2025-07-10T20:42:58.010000 54.82809999999999 40.5 16384
2025-07-10T20:42:59.010000 54.815619999999996 40.5 16384
2025-07-10T20:43:00.010000 54.824980000000004 40.5 0
2025-07-10T20:43:01.010000 54.815619999999996 40.5 0
2025-07-10T20:43:02.010000 54.824980000000004 40.5 0
2025-07-10T20:43:03.010000 54.82809999999999 40.5 0
2025-07-10T20:43:04.010000 54.82809999999999 40.5 0
2025-07-10T20:43:05.010000 54.82809999999999 40.5 0
2025-07-10T20:43:06.010000 54.82809999999999 40.5 0
2025-07-10T20:43:07.010000 54.82809999999999 40.5 0
2025-07-10T20:43:08.010000 54.82809999999999 40.5 0
2025-07-10T20:43:09.010000 54.82809999999999 40.5 0
2025-07-10T20:43:10.010000 54.82809999999999 40.5 0
2025-07-10T20:43:11.010000 54.84097399999999 40.5 0
2025-07-10T20:43:12.013000 54.843799999999995 40.5 0
2025-07-10T20:43:13.010000 54.856592 40.5 0
2025-07-10T20:43:14.010000 54.846607999999996 40.5 0
2025-07-10T20:43:15.010000 54.843799999999995 40.5 0
2025-07-10T20:43:16.010000 54.843799999999995 40.5 0
2025-07-10T20:43:17.010000 54.843799999999995 40.5 0
2025-07-10T20:43:18.010000 54.856592 40.5 0
2025-07-10T20:43:19.010000 54.83373400000001 40.5 0
2025-07-10T20:43:20.010000 54.82809999999999 40.5 0
2025-07-10T20:43:21.010000 54.804387999999996 40.5 0
2025-07-10T20:43:22.010000 54.79690000000001 40.5 0
2025-07-10T20:43:23.010000 54.788008 40.5 0
2025-07-10T20:43:24.010000 54.794092 40.5 0
2025-07-10T20:43:25.010000 54.788008 40.5 0
2025-07-10T20:43:26.010000 54.772954 40.5 0
2025-07-10T20:43:27.010000 54.76950000000001 40.5 0
2025-07-10T20:43:28.010000 54.781746000000005 40.5 0
2025-07-10T20:43:29.010000 54.772954 40.5 0
2025-07-10T20:43:30.010000 54.781746000000005 40.5 0
2025-07-10T20:43:31.010000 54.772954 40.5 0
2025-07-10T20:43:32.010000 54.781746000000005 40.5 0
2025-07-10T20:43:33.010000 54.794326 40.5 0
2025-07-10T20:43:34.010000 54.79690000000001 40.5 0
2025-07-10T20:43:35.010000 54.775528 40.5 0
2025-07-10T20:43:36.010000 54.76950000000001 40.5 0
2025-07-10T20:43:37.010000 54.76950000000001 40.5 0
2025-07-10T20:43:38.010000 54.76950000000001 40.5 0
2025-07-10T20:43:39.015000 54.75701999999999 40.5 0
2025-07-10T20:43:40.010000 54.753899999999994 40.46 0
2025-07-10T20:43:41.010000 54.778940000000006 40.4375 0
2025-07-10T20:43:42.010000 54.77264 40.445 0
2025-07-10T20:43:43.010000 54.78206 40.5 0
2025-07-10T20:43:44.010000 54.78520000000001 40.5 0
2025-07-10T20:43:45.010000 54.78520000000001 40.5 16384
2025-07-10T20:43:46.010000 54.76016 40.5 16384
2025-07-10T20:43:47.010000 54.753899999999994 40.5 16384
2025-07-10T20:43:48.010000 54.766692000000006 40.5 0
2025-07-10T20:43:49.010000 54.76950000000001 40.5 0
2025-07-10T20:43:50.010000 54.76950000000001 40.5 0
2025-07-10T20:43:51.010000 54.78237400000001 40.5 0
2025-07-10T20:43:52.010000 54.78520000000001 40.5 0
2025-07-10T20:43:53.010000 54.77232599999999 40.5 0
2025-07-10T20:43:54.010000 54.78237400000001 40.5 0
2025-07-10T20:43:55.010000 54.77232599999999 40.5 0
2025-07-10T20:43:56.010000 54.78237400000001 40.5 0
2025-07-10T20:43:57.010000 54.78520000000001 40.5 0
2025-07-10T20:43:58.010000 54.794092 40.4425 0
2025-07-10T20:43:59.010000 54.788008 40.4375 0
2025-07-10T20:44:00.010000 54.794092 40.46125 0
2025-07-10T20:44:01.010000 54.79690000000001 40.5 0
2025-07-10T20:44:02.010000 54.809067999999996 40.5 0
2025-07-10T20:44:03.011000 54.800332 40.445 16384
2025-07-10T20:44:04.010000 54.79690000000001 40.4375 16384
2025-07-10T20:44:05.010000 54.809067999999996 40.45875 16384
2025-07-10T20:44:06.010000 54.8125 40.5 0
2025-07-10T20:44:07.010000 54.824668 40.5 0
2025-07-10T20:44:08.011000 54.815932000000004 40.5 16384
2025-07-10T20:44:09.010000 54.800332 40.5 16384
2025-07-10T20:44:10.010000 54.809067999999996 40.5 16384
2025-07-10T20:44:11.010000 54.824980000000004 40.5 0
2025-07-10T20:44:12.010000 54.815619999999996 40.5 0
2025-07-10T20:44:13.010000 54.8125 40.5 0
2025-07-10T20:44:14.010000 54.824980000000004 40.5 0
2025-07-10T20:44:15.010000 54.82809999999999 40.5 0
2025-07-10T20:44:16.011000 54.82809999999999 40.5 0
2025-07-10T20:44:17.010000 54.815619999999996 40.5 0
2025-07-10T20:44:18.010000 54.83753999999999 40.45875 0
2025-07-10T20:44:19.010000 54.843799999999995 40.4375 0
2025-07-10T20:44:20.010000 54.843799999999995 40.445 0
2025-07-10T20:44:21.010000 54.83124 40.5 0
2025-07-10T20:44:22.011000 54.85376599999999 40.5 0
2025-07-10T20:44:23.010000 54.85940000000001 40.46375 16384
2025-07-10T20:44:24.010000 54.846607999999996 40.4375 16384
2025-07-10T20:44:25.010000 54.856592 40.4425 16384
2025-07-10T20:44:26.010000 54.83373400000001 40.5 0
2025-07-10T20:44:27.010000 54.85376599999999 40.5 0
2025-07-10T20:44:28.011000 54.846607999999996 40.5 0
2025-07-10T20:44:29.010000 54.856592 40.5 0
2025-07-10T20:44:30.010000 54.83373400000001 40.4975 0
2025-07-10T20:44:31.010000 54.82809999999999 40.4375 0
2025-07-10T20:44:32.010000 54.84097399999999 40.4375 0
2025-07-10T20:44:33.010000 54.817508 40.4375 0
2025-07-10T20:44:34.010000 54.83879199999999 40.4375 0
2025-07-10T20:44:35.010000 54.817508 40.4375 0
2025-07-10T20:44:36.010000 54.8125 40.49875 16384
2025-07-10T20:44:37.010000 54.836287999999996 40.5 16384
2025-07-10T20:44:38.010000 54.820012 40.5 16384
2025-07-10T20:44:39.010000 54.824668 40.5 16384
2025-07-10T20:44:40.010000 54.815932000000004 40.5 16384
2025-07-10T20:44:41.010000 54.8125 40.5 0
2025-07-10T20:44:42.010000 54.824668 40.5 0
2025-07-10T20:44:43.010000 54.82809999999999 40.5 0
2025-07-10T20:44:44.011000 54.82809999999999 40.5 0
2025-07-10T20:44:45.010000 54.84034599999999 40.5 0
2025-07-10T20:44:46.010000 54.843799999999995 40.5 0
2025-07-10T20:44:47.010000 54.843799999999995 40.5 0
2025-07-10T20:44:48.010000 54.843799999999995 40.5 0
2025-07-10T20:44:49.010000 54.83124 40.5 0
2025-07-10T20:44:50.010000 54.840659999999986 40.5 0
2025-07-10T20:44:51.010000 54.83124 40.5 0
2025-07-10T20:44:52.010000 54.82809999999999 40.5 0
2025-07-10T20:44:53.010000 54.82809999999999 40.5 0
2025-07-10T20:44:54.010000 54.840659999999986 40.5 0
2025-07-10T20:44:55.010000 54.856280000000005 40.5 0
2025-07-10T20:44:56.010000 54.84692 40.5 0
2025-07-10T20:44:57.010000 54.86876 40.5 0
2025-07-10T20:44:58.010000 54.83654200000001 40.4875 0
2025-07-10T20:44:59.010000 54.84097399999999 40.4375 0
2025-07-10T20:45:00.010000 54.856280000000005 40.4375 0
2025-07-10T20:45:01.010000 54.846607999999996 40.47875 0
2025-07-10T20:45:02.010000 54.843799999999995 40.5 0
2025-07-10T20:45:03.010000 54.856592 40.4925 0
2025-07-10T20:45:04.010000 54.846607999999996 40.4375 16384
2025-07-10T20:45:05.010000 54.843799999999995 40.4375 16384
2025-07-10T20:45:06.010000 54.843799999999995 40.4375 16384
2025-07-10T20:45:07.010000 54.830926 40.4375 0
2025-07-10T20:45:08.013000 54.85376599999999 40.4425 0
2025-07-10T20:45:09.010000 54.85940000000001 40.5 16384
2025-07-10T20:45:10.010000 54.85940000000001 40.5 16384
2025-07-10T20:45:11.010000 54.846296 40.5 16384
2025-07-10T20:45:12.010000 54.843799999999995 40.5 16384
2025-07-10T20:45:13.010000 54.85690400000001 40.5 16384
2025-07-10T20:45:14.010000 54.847544 40.5 0
2025-07-10T20:45:15.010000 54.855968000000004 40.5 0
2025-07-10T20:45:16.010000 54.85940000000001 40.5 0
2025-07-10T20:45:17.010000 54.871567999999996 40.5 0
2025-07-10T20:45:18.010000 54.875 40.5 0
2025-07-10T20:45:19.010000 54.875 40.5 0
2025-07-10T20:45:20.010000 54.875 40.5 0
2025-07-10T20:45:21.010000 54.862832 40.4725 0
2025-07-10T20:45:22.010000 54.83498600000001 40.4375 0
2025-07-10T20:45:23.010000 54.803763999999994 40.4375 0
2025-07-10T20:45:24.010000 54.821236000000006 40.4375 0
2025-07-10T20:45:25.010000 54.80313999999999 40.4375 0
2025-07-10T20:45:26.010000 54.809380000000004 40.4375 0
2025-07-10T20:45:27.010000 54.8125 40.4375 0
2025-07-10T20:45:28.010000 54.8125 40.4375 0
2025-07-10T20:45:29.010000 54.8125 40.49125 0
2025-07-10T20:45:30.010000 54.83753999999999 40.5 0
2025-07-10T20:45:31.010000 54.83124 40.47875 0
2025-07-10T20:45:32.010000 54.82809999999999 40.4375 16384
2025-07-10T20:45:33.010000 54.840659999999986 40.4375 16384
2025-07-10T20:45:34.010000 54.843799999999995 40.4375 0
2025-07-10T20:45:35.010000 54.843799999999995 40.4375 0
2025-07-10T20:45:36.010000 54.843799999999995 40.4525 16384
2025-07-10T20:45:37.010000 54.856592 40.5 16384
2025-07-10T20:45:38.010000 54.846607999999996 40.5 16384
2025-07-10T20:45:39.011000 54.830926 40.5 16384
2025-07-10T20:45:40.010000 54.84097399999999 40.5 16384
2025-07-10T20:45:41.010000 54.843799999999995 40.5 16384
2025-07-10T20:45:42.010000 54.830926 40.5 0
2025-07-10T20:45:43.010000 54.85376599999999 40.5 0
2025-07-10T20:45:44.010000 54.83373400000001 40.5 0
2025-07-10T20:45:45.010000 54.84097399999999 40.5 0
2025-07-10T20:45:46.010000 54.856592 40.5 0
2025-07-10T20:45:47.010000 54.85940000000001 40.5 0
2025-07-10T20:45:48.010000 54.872504 40.5 0
2025-07-10T20:45:49.010000 54.861895999999994 40.465 0
2025-07-10T20:45:50.010000 54.85940000000001 40.4375 0
2025-07-10T20:45:51.010000 54.85940000000001 40.4375 0
2025-07-10T20:45:52.010000 54.872504 40.4375 0
2025-07-10T20:45:53.010000 54.875 40.4375 0
2025-07-10T20:45:54.010000 54.887168 40.4375 0
2025-07-10T20:45:55.010000 54.866263999999994 40.4375 0
2025-07-10T20:45:56.010000 54.871567999999996 40.4375 0
2025-07-10T20:45:57.010000 54.887168 40.4375 0
2025-07-10T20:45:58.010000 54.878432000000004 40.4375 0
2025-07-10T20:45:59.010000 54.875 40.4375 16384
2025-07-10T20:46:00.010000 54.875 40.4375 16384
2025-07-10T20:46:01.010000 54.887480000000004 40.4375 16384
2025-07-10T20:46:02.010000 54.878119999999996 40.4375 0
2025-07-10T20:46:03.010000 54.887480000000004 40.4375 0
2025-07-10T20:46:04.010000 54.90308 40.46 0
2025-07-10T20:46:05.010000 54.893719999999995 40.5 16384
2025-07-10T20:46:06.010000 54.89059999999999 40.5 16384
2025-07-10T20:46:07.010000 54.89059999999999 40.44875 0
2025-07-10T20:46:08.010000 54.90308 40.4375 0
2025-07-10T20:46:09.010000 54.906200000000005 40.45625 0
2025-07-10T20:46:10.010000 54.893719999999995 40.5 0
2025-07-10T20:46:11.010000 54.877808 40.5 0
2025-07-10T20:46:12.010000 54.86220799999999 40.4525 16384
2025-07-10T20:46:13.010000 54.872192 40.4375 16384
2025-07-10T20:46:14.010000 54.86220799999999 40.4525 16384
2025-07-10T20:46:15.010000 54.884984 40.5 0
2025-07-10T20:46:16.010000 54.865016 40.5 0
2025-07-10T20:46:17.010000 54.89855918367348 40.5 16384
2025-07-10T20:46:18.010000 54.915876 40.5 16384
2025-07-10T20:46:19.010000 54.908324 40.48875 16384
2025-07-10T20:46:20.010000 54.893408 40.4375 0
2025-07-10T20:46:21.011000 54.89059999999999 40.4375 0
2025-07-10T20:46:22.010000 54.89059999999999 40.4775 0
2025-07-10T20:46:23.010000 54.877496 40.5 0
2025-07-10T20:46:24.010000 54.875 40.49375 0
2025-07-10T20:46:25.011000 54.91112000000001 40.4375 16384
2025-07-10T20:46:26.010000 54.908088000000006 40.4375 16384
2025-07-10T20:46:27.010000 54.91611199999999 40.4375 16384
2025-07-10T20:46:28.010000 54.908088000000006 40.4375 0
2025-07-10T20:46:29.010000 54.89309599999999 40.43875 0
2025-07-10T20:46:30.010000 54.903704 40.5 0
2025-07-10T20:46:31.010000 54.906200000000005 40.5 0
2025-07-10T20:46:32.010000 54.906200000000005 40.5 0
2025-07-10T20:46:33.010000 54.915403999999995 40.5 0
2025-07-10T20:46:34.012000 54.908796 40.5 0
2025-07-10T20:46:35.010000 54.906200000000005 40.44 0
2025-07-10T20:46:36.010000 54.915403999999995 40.4375 0
2025-07-10T20:46:37.010000 54.91799999999999 40.4375 0
2025-07-10T20:46:38.010000 54.91799999999999 40.4375 0
2025-07-10T20:46:39.010000 54.91799999999999 40.4375 0
2025-07-10T20:46:40.010000 54.91799999999999 40.4375 0
2025-07-10T20:46:41.010000 54.93048000000001 40.4375 0
2025-07-10T20:46:42.010000 54.933600000000006 40.4375 0
2025-07-10T20:46:43.010000 54.92112 40.4375 16384
2025-07-10T20:46:44.010000 54.94296 40.4375 16384
2025-07-10T20:46:45.010000 54.93672000000001 40.4375 0
2025-07-10T20:46:46.010000 54.911680000000004 40.4375 0
2025-07-10T20:46:47.010000 54.92812 40.455 0
2025-07-10T20:46:48.010000 54.92112 40.5 16384
2025-07-10T20:46:49.010000 54.908324 40.5 16384
2025-07-10T20:46:50.010000 54.91564 40.45375 16384
2025-07-10T20:46:51.010000 54.908324 40.4375 0
2025-07-10T20:46:52.010000 54.906200000000005 40.45 0
2025-07-10T20:46:53.010000 54.906200000000005 40.5 0
2025-07-10T20:46:54.010000 54.906200000000005 40.5 0
2025-07-10T20:46:55.010000 54.893408 40.45875 16384
2025-07-10T20:46:56.010000 54.903392000000004 40.4375 16384
2025-07-10T20:46:57.010000 54.915876 40.445 16384
2025-07-10T20:46:58.010000 54.908088000000006 40.5 0
2025-07-10T20:46:59.010000 54.89309599999999 40.5 0
2025-07-10T20:47:00.010000 54.877496 40.5 16384
2025-07-10T20:47:01.010000 54.901208000000004 40.5 16384
2025-07-10T20:47:02.010000 54.906200000000005 40.5 16384
2025-07-10T20:47:03.010000 54.91611199999999 40.5 0
2025-07-10T20:47:04.010000 54.908088000000006 40.5 0
2025-07-10T20:47:05.010000 54.906200000000005 40.5 0
2025-07-10T20:47:06.010000 54.89309599999999 40.5 0
2025-07-10T20:47:07.010000 54.903704 40.5 0
2025-07-10T20:47:08.010000 54.91611199999999 40.5 0
2025-07-10T20:47:09.010000 54.91799999999999 40.5 0
2025-07-10T20:47:10.010000 54.930168 40.47375 0
2025-07-10T20:47:11.010000 54.921431999999996 40.4375 0
2025-07-10T20:47:12.010000 54.91799999999999 40.4375 0
2025-07-10T20:47:13.010000 54.896628 40.49375 0
2025-07-10T20:47:14.010000 54.89059999999999 40.5 0
2025-07-10T20:47:15.010000 54.90308 40.5 0
2025-07-10T20:47:16.010000 54.906200000000005 40.5 0
2025-07-10T20:47:17.010000 54.906200000000005 40.5 0
2025-07-10T20:47:18.010000 54.893719999999995 40.44875 0
2025-07-10T20:47:19.010000 54.90308 40.4375 0
2025-07-10T20:47:20.010000 54.88124 40.4375 0
2025-07-10T20:47:21.010000 54.887480000000004 40.4375 0
2025-07-10T20:47:22.010000 54.878119999999996 40.4375 0
2025-07-10T20:47:23.010000 54.875 40.485 0
2025-07-10T20:47:24.010000 54.875 40.5 0
2025-07-10T20:47:25.010000 54.85003999999999 40.5 0
2025-07-10T20:47:26.010000 54.856592 40.5 16384
2025-07-10T20:47:27.010000 54.872192 40.5 16384
2025-07-10T20:47:28.010000 54.875 40.45875 0
2025-07-10T20:47:29.010000 54.875 40.4375 0
2025-07-10T20:47:30.010000 54.875 40.44625 0
2025-07-10T20:47:31.010000 54.86220799999999 40.5 0
2025-07-10T20:47:32.010000 54.846607999999996 40.5 0
2025-07-10T20:47:33.010000 54.843799999999995 40.5 16384
2025-07-10T20:47:34.010000 54.869384 40.5 16384
2025-07-10T20:47:35.010000 54.875 40.5 16384
2025-07-10T20:47:36.010000 54.861895999999994 40.5 0
2025-07-10T20:47:37.010000 54.85940000000001 40.5 0
2025-07-10T20:47:38.010000 54.872504 40.5 0
2025-07-10T20:47:39.010000 54.861895999999994 40.5 0
2025-07-10T20:47:40.010000 54.872504 40.5 0
2025-07-10T20:47:41.010000 54.861895999999994 40.5 0
2025-07-10T20:47:42.010000 54.85940000000001 40.5 0
2025-07-10T20:47:43.010000 54.85940000000001 40.5 0
2025-07-10T20:47:44.010000 54.872504 40.5 0
2025-07-10T20:47:45.010000 54.861895999999994 40.5 0
2025-07-10T20:47:46.010000 54.85940000000001 40.5 0
2025-07-10T20:47:47.010000 54.85940000000001 40.5 0
2025-07-10T20:47:48.010000 54.871567999999996 40.5 0
2025-07-10T20:47:49.012000 54.850663999999995 40.5 0
2025-07-10T20:47:50.011000 54.831554 40.5 0
2025-07-10T20:47:51.010000 54.84034599999999 40.5 0
2025-07-10T20:47:52.010000 54.843799999999995 40.5 0
2025-07-10T20:47:53.010000 54.843799999999995 40.47875 0
2025-07-10T20:47:54.010000 54.856280000000005 40.4375 0
2025-07-10T20:47:55.010000 54.85940000000001 40.4375 0
2025-07-10T20:47:56.010000 54.871880000000004 40.4375 0
2025-07-10T20:47:57.013000 54.862519999999996 40.4375 0
2025-07-10T20:47:58.010000 54.84692 40.4375 0
2025-07-10T20:47:59.010000 54.83124 40.4375 16384
2025-07-10T20:48:00.010000 54.853139999999996 40.4375 16384
2025-07-10T20:48:01.010000 54.85940000000001 40.4375 16384
2025-07-10T20:48:02.010000 54.85940000000001 40.4375 0
2025-07-10T20:48:03.010000 54.84692 40.45 0
2025-07-10T20:48:04.010000 54.856592 40.5 0
2025-07-10T20:48:05.010000 54.85940000000001 40.5 0
2025-07-10T20:48:06.010000 54.872192 40.45875 0
2025-07-10T20:48:07.010000 54.88779200000001 40.4375 0
2025-07-10T20:48:08.010000 54.865016 40.4375 0
2025-07-10T20:48:09.010000 54.85940000000001 40.4375 0
2025-07-10T20:48:10.010000 54.846607999999996 40.4375 0
2025-07-10T20:48:11.010000 54.856592 40.4375 0
2025-07-10T20:48:12.010000 54.820941999999995 40.4375 16384
2025-07-10T20:48:13.010000 54.79970799999999 40.4375 16384
2025-07-10T20:48:14.010000 54.79690000000001 40.4375 0
2025-07-10T20:48:15.010000 54.79690000000001 40.4375 0
2025-07-10T20:48:16.010000 54.787071999999995 40.47 0
2025-07-10T20:48:17.010000 54.78520000000001 40.5 0
2025-07-10T20:48:18.011000 54.75890799999999 40.5 0
2025-07-10T20:48:19.010000 54.753899999999994 40.43875 16384
2025-07-10T20:48:20.010000 54.753899999999994 40.4375 16384
2025-07-10T20:48:21.010000 54.740796 40.4375 0
2025-07-10T20:48:22.010000 54.7383 40.4375 0
2025-07-10T20:48:23.010000 54.7383 40.4375 0
2025-07-10T20:48:24.010000 54.7383 40.495 0
2025-07-10T20:48:25.010000 54.7383 40.5 0
2025-07-10T20:48:26.010000 54.7383 40.4775 0
2025-07-10T20:48:27.010000 54.7383 40.4375 0
2025-07-10T20:48:28.010000 54.750468 40.4375 0
2025-07-10T20:48:29.012000 54.753899999999994 40.4375 0
2025-07-10T20:48:30.010000 54.753899999999994 40.4375 0
2025-07-10T20:48:31.010000 54.753899999999994 40.4375 16384
2025-07-10T20:48:32.010000 54.74142 40.4375 16384
2025-07-10T20:48:33.010000 54.75077999999999 40.4375 16384
2025-07-10T20:48:34.010000 54.753899999999994 40.48625 16384
2025-07-10T20:48:35.010000 54.753899999999994 40.5 16384
2025-07-10T20:48:36.010000 54.753899999999994 40.5 16384
2025-07-10T20:48:37.010000 54.753899999999994 40.5 16384
2025-07-10T20:48:38.010000 54.753899999999994 40.5 16384
2025-07-10T20:48:39.010000 54.753899999999994 40.5 0
2025-07-10T20:48:40.010000 54.753899999999994 40.5 0
2025-07-10T20:48:41.010000 54.753899999999994 40.5 0
2025-07-10T20:48:42.010000 54.753899999999994 40.5 0
2025-07-10T20:48:43.010000 54.753899999999994 40.5 0
2025-07-10T20:48:44.010000 54.766692000000006 40.46 0
2025-07-10T20:48:45.010000 54.756707999999996 40.4375 0
2025-07-10T20:48:46.010000 54.766692000000006 40.4375 0
2025-07-10T20:48:47.010000 54.756707999999996 40.4375 0
2025-07-10T20:48:48.010000 54.766692000000006 40.4375 0
2025-07-10T20:48:49.010000 54.756707999999996 40.4375 0
2025-07-10T20:48:50.010000 54.766692000000006 40.4375 0
2025-07-10T20:48:51.010000 54.743916 40.4375 0
2025-07-10T20:48:52.010000 54.75109199999999 40.4375 0
2025-07-10T20:48:53.010000 54.767004 40.4375 0
2025-07-10T20:48:54.010000 54.756395999999995 40.4375 0
2025-07-10T20:48:55.010000 54.767004 40.4375 0
2025-07-10T20:48:56.010000 54.756395999999995 40.4375 0
2025-07-10T20:48:57.010000 54.753899999999994 40.4375 16384
2025-07-10T20:48:58.010000 54.767004 40.4375 16384
2025-07-10T20:48:59.010000 54.76950000000001 40.4375 16384
2025-07-10T20:49:00.010000 54.78268800000001 40.4375 16384
2025-07-10T20:49:01.010000 54.78520000000001 40.4375 16384
2025-07-10T20:49:02.010000 54.78520000000001 40.495 16384
2025-07-10T20:49:03.010000 54.772954 40.5 16384
2025-07-10T20:49:04.010000 54.781746000000005 40.5 16384
2025-07-10T20:49:05.010000 54.794326 40.5 0
2025-07-10T20:49:06.011000 54.787774 40.5 0
2025-07-10T20:49:07.010000 54.794326 40.5 0
2025-07-10T20:49:08.010000 54.787774 40.5 0
2025-07-10T20:49:09.010000 54.794326 40.48125 0
2025-07-10T20:49:10.010000 54.774980000000006 40.4375 0
2025-07-10T20:49:11.010000 54.78206 40.4375 0
2025-07-10T20:49:12.010000 54.77264 40.4375 0
2025-07-10T20:49:13.010000 54.78206 40.4375 0
2025-07-10T20:49:14.010000 54.78520000000001 40.4525 0
2025-07-10T20:49:15.010000 54.77264 40.5 16384
2025-07-10T20:49:16.010000 54.78206 40.5 16384
2025-07-10T20:49:17.010000 54.794560000000004 40.45625 16384
2025-07-10T20:49:18.010000 54.78754 40.4375 16384
2025-07-10T20:49:19.010000 54.78520000000001 40.44875 16384
2025-07-10T20:49:20.010000 54.77232599999999 40.5 0
2025-07-10T20:49:21.010000 54.78237400000001 40.5 0
2025-07-10T20:49:22.010000 54.77232599999999 40.5 0
2025-07-10T20:49:23.010000 54.76950000000001 40.5 0
2025-07-10T20:49:24.010000 54.76950000000001 40.5 0
2025-07-10T20:49:25.010000 54.756707999999996 40.5 0
2025-07-10T20:49:26.010000 54.766692000000006 40.5 0
2025-07-10T20:49:27.010000 54.76950000000001 40.465 0
2025-07-10T20:49:28.010000 54.76950000000001 40.4375 0
2025-07-10T20:49:29.010000 54.76950000000001 40.4375 0
2025-07-10T20:49:30.010000 54.76950000000001 40.4375 0
2025-07-10T20:49:31.010000 54.756395999999995 40.4375 0
2025-07-10T20:49:32.010000 54.780192 40.4375 0
2025-07-10T20:49:33.010000 54.75890799999999 40.4375 16384
2025-07-10T20:49:34.010000 54.767004 40.4375 16384
2025-07-10T20:49:35.010000 54.78268800000001 40.4375 16384
2025-07-10T20:49:36.010000 54.772012 40.4375 16384
2025-07-10T20:49:37.010000 54.76950000000001 40.46625 16384
2025-07-10T20:49:38.010000 54.76950000000001 40.5 0
2025-07-10T20:49:39.010000 54.792516000000006 40.5 0
2025-07-10T20:49:40.010000 54.787071999999995 40.5 16384
2025-07-10T20:49:41.010000 54.772954 40.5 16384
2025-07-10T20:49:42.010000 54.781746000000005 40.475 0
2025-07-10T20:49:43.010000 54.78520000000001 40.4375 0
2025-07-10T20:49:44.010000 54.78520000000001 40.4375 0
2025-07-10T20:49:45.010000 54.794326 40.4925 0
2025-07-10T20:49:46.010000 54.775528 40.5 0
2025-07-10T20:49:47.010000 54.781746000000005 40.47875 0
2025-07-10T20:49:48.010000 54.80704000000001 40.4375 0
2025-07-10T20:49:49.010000 54.800019999999996 40.4375 0
2025-07-10T20:49:50.010000 54.79690000000001 40.4375 0
2025-07-10T20:49:51.010000 54.82186000000001 40.4375 0
2025-07-10T20:49:52.010000 54.815619999999996 40.4375 0
2025-07-10T20:49:53.010000 54.8125 40.4375 16384
2025-07-10T20:49:54.010000 54.800019999999996 40.4375 16384
2025-07-10T20:49:55.010000 54.79690000000001 40.4375 16384
2025-07-10T20:49:56.010000 54.809380000000004 40.4375 16384
2025-07-10T20:49:57.010000 54.800019999999996 40.44875 16384
2025-07-10T20:49:58.010000 54.79690000000001 40.5 0
2025-07-10T20:49:59.010000 54.809692 40.5 0
2025-07-10T20:50:00.011000 54.8125 40.5 16384
2025-07-10T20:50:01.010000 54.82529200000001 40.5 16384
2025-07-10T20:50:02.010000 54.815308 40.4925 16384
2025-07-10T20:50:03.011000 54.8125 40.4375 0
2025-07-10T20:50:04.010000 54.8125 40.4375 0
2025-07-10T20:50:05.010000 54.82529200000001 40.4725 0
2025-07-10T20:50:06.010000 54.801891999999995 40.5 0
2025-07-10T20:50:07.010000 54.810004 40.4975 0
2025-07-10T20:50:08.010000 54.8125 40.4375 0
2025-07-10T20:50:09.011000 54.8125 40.4375 0
2025-07-10T20:50:10.010000 54.825604000000006 40.4375 0
2025-07-10T20:50:11.010000 54.82809999999999 40.4375 0
2025-07-10T20:50:12.010000 54.814996 40.4375 0
2025-07-10T20:50:13.010000 54.83879199999999 40.4375 0
2025-07-10T20:50:14.010000 54.817508 40.4375 0
2025-07-10T20:50:15.010000 54.83879199999999 40.4375 0
2025-07-10T20:50:16.010000 54.817508 40.4375 0
2025-07-10T20:50:17.010000 54.82591600000001 40.4375 0
2025-07-10T20:50:18.010000 54.841601999999995 40.4375 0
2025-07-10T20:50:19.010000 54.85721600000001 40.4375 0
2025-07-10T20:50:20.010000 54.84723199999999 40.4375 0
2025-07-10T20:50:21.010000 54.843799999999995 40.4375 0
2025-07-10T20:50:22.010000 54.86813599999999 40.4375 0
2025-07-10T20:50:23.010000 54.862519999999996 40.4375 16384
2025-07-10T20:50:24.010000 54.84692 40.4375 16384
2025-07-10T20:50:25.010000 54.856280000000005 40.4375 16384
2025-07-10T20:50:26.010000 54.85940000000001 40.4375 0
2025-07-10T20:50:27.010000 54.871880000000004 40.4375 0
2025-07-10T20:50:28.010000 54.862519999999996 40.485 16384
2025-07-10T20:50:29.010000 54.85940000000001 40.5 16384
2025-07-10T20:50:30.010000 54.84692 40.485 16384
2025-07-10T20:50:31.010000 54.86876 40.4375 16384
2025-07-10T20:50:32.010000 54.85003999999999 40.4375 16384
2025-07-10T20:50:33.010000 54.86876 40.48125 0
2025-07-10T20:50:34.010000 54.849416 40.5 0
2025-07-10T20:50:35.010000 54.843799999999995 40.5 0
2025-07-10T20:50:36.010000 54.843799999999995 40.5 0
2025-07-10T20:50:37.010000 54.8438 40.5 0
2025-07-10T20:50:38.010000 54.856592 40.5 0
2025-07-10T20:50:39.010000 54.846607999999996 40.5 0
2025-07-10T20:50:40.010000 54.856592 40.4925 0
2025-07-10T20:50:41.010000 54.872192 40.4375 0
2025-07-10T20:50:42.010000 54.86220799999999 40.4375 0
2025-07-10T20:50:43.010000 54.885608000000005 40.4375 0
2025-07-10T20:50:44.010000 54.877496 40.4375 0
2025-07-10T20:50:45.010000 54.861895999999994 40.44 0
2025-07-10T20:50:46.010000 54.885608000000005 40.5 16384
2025-07-10T20:50:47.010000 54.877496 40.5 16384
2025-07-10T20:50:48.010000 54.875 40.47 16384
2025-07-10T20:50:49.010000 54.888104000000006 40.4375 0
2025-07-10T20:50:50.010000 54.877496 40.4375 0
2025-07-10T20:50:51.010000 54.875 40.4975 0
2025-07-10T20:50:52.010000 54.875 40.5 0
2025-07-10T20:50:53.010000 54.888104000000006 40.47375 0
2025-07-10T20:50:54.010000 54.89059999999999 40.4375 0
2025-07-10T20:50:55.010000 54.877184 40.4375 0
2025-07-10T20:50:56.010000 54.848167999999994 40.4375 0
2025-07-10T20:50:57.010000 54.843799999999995 40.4375 0
2025-07-10T20:50:58.010000 54.855968000000004 40.4375 0
2025-07-10T20:50:59.010000 54.85940000000001 40.4375 0
2025-07-10T20:51:00.010000 54.85940000000001 40.4375 0
2025-07-10T20:51:01.010000 54.85940000000001 40.4375 16384
2025-07-10T20:51:02.010000 54.871880000000004 40.4375 16384
2025-07-10T20:51:03.010000 54.875 40.4375 16384
2025-07-10T20:51:04.010000 54.875 40.4375 0
2025-07-10T20:51:05.011000 54.875 40.4375 0
2025-07-10T20:51:06.010000 54.85003999999999 40.48375 0
2025-07-10T20:51:07.010000 54.856280000000005 40.5 0
2025-07-10T20:51:08.010000 54.84692 40.48625 0
2025-07-10T20:51:09.011000 54.856280000000005 40.4375 0
2025-07-10T20:51:10.010000 54.85940000000001 40.4375 0
2025-07-10T20:51:11.010000 54.85940000000001 40.4375 0
2025-07-10T20:51:12.010000 54.85940000000001 40.4375 0
2025-07-10T20:51:13.010000 54.92172800000001 40.4375 0
2025-07-10T20:51:14.010000 54.81683541666666 40.4375 0
2025-07-10T20:51:15.010000 54.76004285714286 40.4375 0
2025-07-10T20:51:16.010000 54.767004 40.4375 0
2025-07-10T20:51:17.010000 54.756395999999995 40.4375 0
2025-07-10T20:51:18.010000 54.767316 40.4375 0
2025-07-10T20:51:19.010000 54.756083999999994 40.4375 0
2025-07-10T20:51:20.010000 54.767316 40.4375 0
2025-07-10T20:51:21.010000 54.756083999999994 40.4375 16384
2025-07-10T20:51:22.010000 54.753899999999994 40.4375 16384
2025-07-10T20:51:23.010000 54.753899999999994 40.4375 16384
2025-07-10T20:51:24.010000 54.753899999999994 40.4375 0
2025-07-10T20:51:25.010000 54.753899999999994 40.4375 0
2025-07-10T20:51:26.010000 54.767316 40.46625 0
2025-07-10T20:51:27.010000 54.76950000000001 40.5 0
2025-07-10T20:51:28.010000 54.76950000000001 40.5 0
2025-07-10T20:51:29.010000 54.78206 40.4425 16384
2025-07-10T20:51:30.010000 54.77264 40.4375 16384
2025-07-10T20:51:31.010000 54.78206 40.4375 16384
2025-07-10T20:51:32.011000 54.77264 40.4375 0
2025-07-10T20:51:33.010000 54.76950000000001 40.4375 0
2025-07-10T20:51:34.010000 54.78206 40.49 0
2025-07-10T20:51:35.010000 54.77232599999999 40.5 0
2025-07-10T20:51:36.010000 54.78237400000001 40.5 0
2025-07-10T20:51:37.010000 54.794794 40.5 0
2025-07-10T20:51:38.010000 54.787306 40.5 0
2025-07-10T20:51:39.010000 54.794794 40.45125 0
2025-07-10T20:51:40.010000 54.79690000000001 40.4375 0
2025-07-10T20:51:41.010000 54.79690000000001 40.4375 0
2025-07-10T20:51:42.010000 54.809692 40.4375 0
2025-07-10T20:51:43.010000 54.79970799999999 40.4375 0
2025-07-10T20:51:44.010000 54.810004 40.4375 0
2025-07-10T20:51:45.010000 54.8125 40.4375 0
2025-07-10T20:51:46.010000 54.825604000000006 40.4375 0
2025-07-10T20:51:47.010000 54.814996 40.4375 0
2025-07-10T20:51:48.010000 54.83879199999999 40.4375 0
2025-07-10T20:51:49.010000 54.817508 40.4375 0
2025-07-10T20:51:50.010000 54.825604000000006 40.4375 0
2025-07-10T20:51:51.010000 54.814996 40.4375 0
2025-07-10T20:51:52.010000 54.8125 40.4375 16384
2025-07-10T20:51:53.010000 54.8125 40.4375 16384
2025-07-10T20:51:54.010000 54.825604000000006 40.4375 16384
2025-07-10T20:51:55.010000 54.82809999999999 40.4375 0
2025-07-10T20:51:56.010000 54.814684 40.44125 0
2025-07-10T20:51:57.010000 54.8125 40.5 0
2025-07-10T20:51:58.010000 54.82591600000001 40.5 0
2025-07-10T20:51:59.010000 54.841601999999995 40.4675 0
2025-07-10T20:52:00.010000 54.830298 40.4375 0
2025-07-10T20:52:01.010000 54.841601999999995 40.4375 0
2025-07-10T20:52:02.010000 54.830298 40.4375 0
2025-07-10T20:52:03.010000 54.855018 40.4375 0
2025-07-10T20:52:04.010000 54.845984 40.4375 0
2025-07-10T20:52:05.010000 54.843799999999995 40.4375 0
2025-07-10T20:52:06.010000 54.83124 40.4375 0
2025-07-10T20:52:07.010000 54.815619999999996 40.4375 16384
2025-07-10T20:52:08.010000 54.824980000000004 40.4375 16384
2025-07-10T20:52:09.010000 54.840659999999986 40.4375 16384
2025-07-10T20:52:10.010000 54.83124 40.4375 0
2025-07-10T20:52:11.010000 54.84097399999999 40.4375 0
2025-07-10T20:52:12.010000 54.818134 40.49 16384
2025-07-10T20:52:13.010000 54.82529200000001 40.5 16384
2025-07-10T20:52:14.010000 54.815308 40.48 16384
2025-07-10T20:52:15.010000 54.838166 40.4375 16384
2025-07-10T20:52:16.010000 54.818134 40.4375 16384
2025-07-10T20:52:17.010000 54.82529200000001 40.48625 0
2025-07-10T20:52:18.010000 54.82809999999999 40.5 0
2025-07-10T20:52:19.010000 54.815308 40.5 16384
2025-07-10T20:52:20.010000 54.79011400000001 40.5 16384
2025-07-10T20:52:21.010000 54.77232599999999 40.5 16384
2025-07-10T20:52:22.010000 54.76950000000001 40.5 0
2025-07-10T20:52:23.010000 54.78268800000001 40.5 0
2025-07-10T20:52:24.010000 54.795028 40.5 0
2025-07-10T20:52:25.010000 54.79690000000001 40.5 0
2025-07-10T20:52:26.010000 54.79690000000001 40.5 0
2025-07-10T20:52:27.010000 54.787071999999995 40.46 0
2025-07-10T20:52:28.010000 54.795028 40.4375 0
2025-07-10T20:52:29.010000 54.79690000000001 40.4375 0
2025-07-10T20:52:30.010000 54.787071999999995 40.4375 0
2025-07-10T20:52:31.010000 54.78520000000001 40.4375 0
2025-07-10T20:52:32.010000 54.78520000000001 40.47375 0
2025-07-10T20:52:33.010000 54.795262 40.5 0
2025-07-10T20:52:34.010000 54.810316 40.5 0
2025-07-10T20:52:35.010000 54.79908399999999 40.5 0
2025-07-10T20:52:36.010000 54.79690000000001 40.5 0
2025-07-10T20:52:37.010000 54.79690000000001 40.46875 0
2025-07-10T20:52:38.010000 54.79690000000001 40.4375 0
2025-07-10T20:52:39.010000 54.79690000000001 40.4375 0
2025-07-10T20:52:40.010000 54.810316 40.4375 0
2025-07-10T20:52:41.010000 54.8125 40.4375 0
2025-07-10T20:52:42.010000 54.82587142857143 40.4375 0
2025-07-10T20:52:43.010000 54.815619999999996 40.4375 16384
2025-07-10T20:52:44.010000 54.800019999999996 40.4375 16384
2025-07-10T20:52:45.010000 54.809380000000004 40.4375 0
2025-07-10T20:52:46.010000 54.800019999999996 40.4375 0
2025-07-10T20:52:47.010000 54.809380000000004 40.45875 0
2025-07-10T20:52:48.010000 54.8125 40.5 0
2025-07-10T20:52:49.010000 54.8125 40.5 0
2025-07-10T20:52:50.010000 54.82529200000001 40.45 0
2025-07-10T20:52:51.010000 54.82809999999999 40.4375 0
2025-07-10T20:52:52.010000 54.82809999999999 40.4375 0
2025-07-10T20:52:53.010000 54.82809999999999 40.4375 0
2025-07-10T20:52:54.010000 54.84097399999999 40.4375 0
2025-07-10T20:52:55.010000 54.843799999999995 40.4375 16384
2025-07-10T20:52:56.010000 54.830926 40.4375 16384
2025-07-10T20:52:57.010000 54.82809999999999 40.4375 16384
2025-07-10T20:52:58.010000 54.84097399999999 40.4375 0
2025-07-10T20:52:59.010000 54.830926 40.4375 0
2025-07-10T20:53:00.010000 54.814996 40.47875 0
2025-07-10T20:53:01.010000 54.799395999999994 40.5 0
2025-07-10T20:53:02.010000 54.79690000000001 40.49125 0
2025-07-10T20:53:03.010000 54.79690000000001 40.4375 0
2025-07-10T20:53:04.010000 54.79690000000001 40.4375 0
2025-07-10T20:53:05.010000 54.810004 40.4375 0
2025-07-10T20:53:06.010000 54.8125 40.4375 0
2025-07-10T20:53:07.010000 54.8125 40.4375 0
2025-07-10T20:53:08.010000 54.825604000000006 40.4375 0
2025-07-10T20:53:09.010000 54.82809999999999 40.4375 0
2025-07-10T20:53:10.011000 54.814684 40.4375 0
2025-07-10T20:53:11.010000 54.82591600000001 40.4375 0
2025-07-10T20:53:12.010000 54.82809999999999 40.4375 0
2025-07-10T20:53:13.010000 54.814684 40.4375 0
2025-07-10T20:53:14.010000 54.8125 40.4375 0
2025-07-10T20:53:15.010000 54.79908399999999 40.4375 0
2025-07-10T20:53:16.010000 54.810316 40.4375 0
2025-07-10T20:53:17.010000 54.82591600000001 40.4375 0
2025-07-10T20:53:18.010000 54.82809999999999 40.4375 0
2025-07-10T20:53:19.010000 54.841601999999995 40.4375 0
2025-07-10T20:53:20.010000 54.830298 40.4375 0
2025-07-10T20:53:21.010000 54.82809999999999 40.4375 16384
2025-07-10T20:53:22.010000 54.840659999999986 40.4375 16384
2025-07-10T20:53:23.010000 54.83124 40.4375 0
2025-07-10T20:53:24.010000 54.82809999999999 40.4375 0
2025-07-10T20:53:25.010000 54.82809999999999 40.45625 0
2025-07-10T20:53:26.011000 54.82809999999999 40.5 0
2025-07-10T20:53:27.010000 54.82809999999999 40.5 0
2025-07-10T20:53:28.010000 54.84097399999999 40.45375 0
2025-07-10T20:53:29.011000 54.843799999999995 40.4375 0
2025-07-10T20:53:30.010000 54.843799999999995 40.4375 0
2025-07-10T20:53:31.010000 54.830926 40.4375 0
2025-07-10T20:53:32.010000 54.84097399999999 40.4375 0
2025-07-10T20:53:33.010000 54.830926 40.4375 0
2025-07-10T20:53:34.010000 54.84097399999999 40.4375 0
2025-07-10T20:53:35.010000 54.856592 40.4375 0
2025-07-10T20:53:36.010000 54.846607999999996 40.4375 16384
2025-07-10T20:53:37.010000 54.856592 40.4375 16384
2025-07-10T20:53:38.010000 54.85940000000001 40.4375 16384
2025-07-10T20:53:39.010000 54.872504 40.4375 0
2025-07-10T20:53:40.010000 54.875 40.44125 0
2025-07-10T20:53:41.010000 54.861895999999994 40.5 0
2025-07-10T20:53:42.010000 54.846296 40.5 0
2025-07-10T20:53:43.010000 54.85690400000001 40.4675 16384
2025-07-10T20:53:44.010000 54.833108 40.4375 16384
2025-07-10T20:53:45.010000 54.841287999999984 40.4375 16384
2025-07-10T20:53:46.010000 54.843799999999995 40.4375 0
2025-07-10T20:53:47.010000 54.843799999999995 40.4375 0
2025-07-10T20:53:48.010000 54.843799999999995 40.46625 0
2025-07-10T20:53:49.010000 54.843799999999995 40.5 0
2025-07-10T20:53:50.010000 54.830298 40.5 0
2025-07-10T20:53:51.010000 54.841601999999995 40.44125 0
2025-07-10T20:53:52.010000 54.830298 40.4375 0
2025-07-10T20:53:53.010000 54.82809999999999 40.4375 0
2025-07-10T20:53:54.010000 54.841601999999995 40.4375 0
2025-07-10T20:53:55.010000 54.830298 40.4375 0
2025-07-10T20:53:56.010000 54.82809999999999 40.4375 0
2025-07-10T20:53:57.010000 54.814684 40.4375 0
2025-07-10T20:53:58.010000 54.82591600000001 40.45875 0
2025-07-10T20:53:59.010000 54.82809999999999 40.5 16384
2025-07-10T20:54:00.010000 54.815619999999996 40.5 16384
2025-07-10T20:54:01.010000 54.824980000000004 40.45 16384
2025-07-10T20:54:02.010000 54.815619999999996 40.4375 0
2025-07-10T20:54:03.010000 54.824980000000004 40.4525 0
2025-07-10T20:54:04.010000 54.815619999999996 40.5 0
2025-07-10T20:54:05.010000 54.8125 40.5 0
2025-07-10T20:54:06.010000 54.82529200000001 40.4575 0
2025-07-10T20:54:07.010000 54.84097399999999 40.4375 0
2025-07-10T20:54:08.010000 54.843799999999995 40.4375 0
2025-07-10T20:54:09.010000 54.818134 40.4375 0
2025-07-10T20:54:10.010000 54.8125 40.4375 0
2025-07-10T20:54:11.010000 54.82529200000001 40.4375 0
2025-07-10T20:54:12.010000 54.82809999999999 40.4375 16384
2025-07-10T20:54:13.010000 54.84097399999999 40.4375 16384
2025-07-10T20:54:14.010000 54.830926 40.4375 16384
2025-07-10T20:54:15.010000 54.82809999999999 40.4375 16384
2025-07-10T20:54:16.010000 54.82809999999999 40.47375 16384
2025-07-10T20:54:17.010000 54.841287999999984 40.5 0
2025-07-10T20:54:18.011000 54.843799999999995 40.5 0
2025-07-10T20:54:19.010000 54.843799999999995 40.5 0
2025-07-10T20:54:20.010000 54.85690400000001 40.5 0
2025-07-10T20:54:21.010000 54.846296 40.47 0
2025-07-10T20:54:22.010000 54.85690400000001 40.4375 0
2025-07-10T20:54:23.010000 54.846296 40.4375 0
2025-07-10T20:54:24.010000 54.830612 40.4375 0
2025-07-10T20:54:25.010000 54.82809999999999 40.4375 0
2025-07-10T20:54:26.010000 54.841287999999984 40.4375 0
2025-07-10T20:54:27.010000 54.830298 40.4375 0
2025-07-10T20:54:28.012000 54.82809999999999 40.4375 0
2025-07-10T20:54:29.011000 54.814684 40.495 0
2025-07-10T20:54:30.010000 54.82591600000001 40.5 0
2025-07-10T20:54:31.010000 54.82809999999999 40.4775 0
2025-07-10T20:54:32.010000 54.814684 40.4375 16384
2025-07-10T20:54:33.011000 54.8125 40.4375 16384
2025-07-10T20:54:34.010000 54.79908399999999 40.4375 0
2025-07-10T20:54:35.010000 54.79690000000001 40.4375 0
2025-07-10T20:54:36.010000 54.79690000000001 40.45625 0
2025-07-10T20:54:37.010000 54.79690000000001 40.5 0
2025-07-10T20:54:38.010000 54.82186000000001 40.5 0
2025-07-10T20:54:39.010000 54.80313999999999 40.45375 0
2025-07-10T20:54:40.010000 54.79690000000001 40.4375 0
2025-07-10T20:54:41.010000 54.809380000000004 40.4375 0
2025-07-10T20:54:42.010000 54.824980000000004 40.4375 0
2025-07-10T20:54:43.010000 54.802516 40.4375 0
2025-07-10T20:54:44.010000 54.822484 40.4375 0
2025-07-10T20:54:45.010000 54.802516 40.4375 0
2025-07-10T20:54:46.010000 54.809692 40.4375 0
2025-07-10T20:54:47.010000 54.8125 40.4375 0
2025-07-10T20:54:48.010000 54.838166 40.4375 0
2025-07-10T20:54:49.010000 54.830926 40.4375 0
2025-07-10T20:54:50.010000 54.82809999999999 40.4375 0
2025-07-10T20:54:51.010000 54.815308 40.4375 0
2025-07-10T20:54:52.010000 54.82529200000001 40.4375 0
2025-07-10T20:54:53.010000 54.82809999999999 40.4375 0
2025-07-10T20:54:54.010000 54.841287999999984 40.4375 0
2025-07-10T20:54:55.010000 54.843799999999995 40.4375 0
2025-07-10T20:54:56.010000 54.843799999999995 40.4375 0
2025-07-10T20:54:57.010000 54.843799999999995 40.4375 0
2025-07-10T20:54:58.010000 54.843799999999995 40.4375 0
2025-07-10T20:54:59.010000 54.830612 40.4375 16384
2025-07-10T20:55:00.010000 54.841287999999984 40.4375 16384
2025-07-10T20:55:01.010000 54.85690400000001 40.4375 16384
2025-07-10T20:55:02.010000 54.85940000000001 40.4375 16384
2025-07-10T20:55:03.010000 54.85940000000001 40.4375 16384
2025-07-10T20:55:04.011000 54.846296 40.46125 16384
2025-07-10T20:55:05.010000 54.85721600000001 40.5 16384
2025-07-10T20:55:06.010000 54.886232 40.5 16384
2025-07-10T20:55:07.010000 54.877184 40.5 0
2025-07-10T20:55:08.010000 54.875 40.5 0
2025-07-10T20:55:09.010000 54.875 40.5 0
2025-07-10T20:55:10.010000 54.848167999999994 40.5 0
2025-07-10T20:55:11.010000 54.87063199999999 40.5 0
2025-07-10T20:55:12.010000 54.86158399999999 40.45 0
2025-07-10T20:55:13.010000 54.845984 40.4375 0
2025-07-10T20:55:14.010000 54.81688199999999 40.4375 0
2025-07-10T20:55:15.011000 54.83753999999999 40.4375 0
2025-07-10T20:55:16.010000 54.843799999999995 40.4375 0
2025-07-10T20:55:17.011000 54.843799999999995 40.4375 0
2025-07-10T20:55:18.010000 54.843799999999995 40.4375 0
2025-07-10T20:55:19.010000 54.83124 40.45125 0
2025-07-10T20:55:20.010000 54.84097399999999 40.5 0
2025-07-10T20:55:21.010000 54.843799999999995 40.5 0
2025-07-10T20:55:22.010000 54.856592 40.4575 0
2025-07-10T20:55:23.010000 54.846607999999996 40.4375 0
2025-07-10T20:55:24.010000 54.843799999999995 40.4375 0
2025-07-10T20:55:25.010000 54.843799999999995 40.4375 0
2025-07-10T20:55:26.010000 54.843799999999995 40.4375 0
2025-07-10T20:55:27.010000 54.843799999999995 40.4375 16384
2025-07-10T20:55:28.010000 54.856592 40.4375 16384
2025-07-10T20:55:29.010000 54.846296 40.44375 16384
2025-07-10T20:55:30.010000 54.85690400000001 40.5 0
2025-07-10T20:55:31.010000 54.85940000000001 40.5 0
2025-07-10T20:55:32.010000 54.85940000000001 40.5 0
2025-07-10T20:55:33.010000 54.872504 40.5 0
2025-07-10T20:55:34.010000 54.861895999999994 40.4975 0
2025-07-10T20:55:35.010000 54.885608000000005 40.4375 0
2025-07-10T20:55:36.010000 54.864391999999995 40.4375 0
2025-07-10T20:55:37.010000 54.85940000000001 40.4375 0
2025-07-10T20:55:38.010000 54.85940000000001 40.4375 0
2025-07-10T20:55:39.010000 54.872504 40.4375 0
2025-07-10T20:55:40.010000 54.86158399999999 40.4375 0
2025-07-10T20:55:41.010000 54.845984 40.4375 0
2025-07-10T20:55:42.010000 54.87063199999999 40.4675 0
2025-07-10T20:55:43.010000 54.86158399999999 40.5 0
2025-07-10T20:55:44.010000 54.87308979591836 40.5 0
2025-07-10T20:55:45.010000 54.875 40.44125 0
2025-07-10T20:55:46.011000 54.875 40.4375 0
2025-07-10T20:55:47.010000 54.848167999999994 40.4375 0
2025-07-10T20:55:48.010000 54.85721600000001 40.4375 0
2025-07-10T20:55:49.010000 54.845984 40.4375 0
2025-07-10T20:55:50.010000 54.830298 40.4375 0
2025-07-10T20:55:51.010000 54.82809999999999 40.4375 0
2025-07-10T20:55:52.010000 54.82809999999999 40.4375 0
2025-07-10T20:55:53.010000 54.84191599999999 40.4375 16384
2025-07-10T20:55:54.010000 54.843799999999995 40.4375 16384
2025-07-10T20:55:55.010000 54.843799999999995 40.4375 0
2025-07-10T20:55:56.010000 54.843799999999995 40.4375 0
2025-07-10T20:55:57.010000 54.843799999999995 40.45375 0
2025-07-10T20:55:58.010000 54.83098367346939 40.5 16384
2025-07-10T20:55:59.010000 54.841183333333326 40.5 16384
2025-07-10T20:56:00.010000 54.843799999999995 40.45625 16384
2025-07-10T20:56:01.010000 54.818134 40.4375 16384
2025-07-10T20:56:02.010000 54.82529200000001 40.4475 16384
2025-07-10T20:56:03.010000 54.84097399999999 40.5 0
2025-07-10T20:56:04.010000 54.843799999999995 40.5 0
2025-07-10T20:56:05.010000 54.856592 40.5 0
2025-07-10T20:56:06.010000 54.846296 40.5 0
2025-07-10T20:56:07.010000 54.85690400000001 40.5 0
2025-07-10T20:56:08.010000 54.8594 40.5 0
2025-07-10T20:56:09.010000 54.872504 40.5 0
2025-07-10T20:56:10.010000 54.875 40.4655612244898 0
2025-07-10T20:56:11.010000 54.861895999999994 40.4375 0
2025-07-10T20:56:12.010000 54.872504 40.4375 0
2025-07-10T20:56:13.010000 54.875 40.4375 0
2025-07-10T20:56:14.011000 54.875 40.4375 0
2025-07-10T20:56:15.010000 54.875 40.46375 16384
2025-07-10T20:56:16.010000 54.86158399999999 40.5 16384
2025-07-10T20:56:17.010000 54.885608000000005 40.5 16384
2025-07-10T20:56:18.010000 54.877184 40.5 0
2025-07-10T20:56:19.010000 54.875 40.5 0
2025-07-10T20:56:20.010000 54.875 40.5 0
2025-07-10T20:56:21.010000 54.875 40.5 0
2025-07-10T20:56:22.010000 54.875 40.5 0
2025-07-10T20:56:23.010000 54.901832000000006 40.45 0
2025-07-10T20:56:24.010000 54.89278399999999 40.4375 0
2025-07-10T20:56:25.010000 54.904016 40.45375 0
2025-07-10T20:56:26.010000 54.906200000000005 40.5 0
2025-07-10T20:56:27.010000 54.906200000000005 40.5 0
2025-07-10T20:56:28.010000 54.89278399999999 40.45625 0
2025-07-10T20:56:29.010000 54.89059999999999 40.4375 0
2025-07-10T20:56:30.010000 54.90432800000001 40.4375 0
2025-07-10T20:56:31.010000 54.892472 40.4375 0
2025-07-10T20:56:32.010000 54.89059999999999 40.4375 0
2025-07-10T20:56:33.010000 54.903392000000004 40.4375 0
2025-07-10T20:56:34.011000 54.906200000000005 40.4375 16384
2025-07-10T20:56:35.010000 54.915876 40.4375 16384
2025-07-10T20:56:36.010000 54.895532 40.4375 16384
2025-07-10T20:56:37.010000 54.903392000000004 40.4375 16384
2025-07-10T20:56:38.010000 54.906200000000005 40.47375 16384
2025-07-10T20:56:39.010000 54.893408 40.5 0
2025-07-10T20:56:40.010000 54.865016 40.5 0
2025-07-10T20:56:41.010000 54.85940000000001 40.5 0
2025-07-10T20:56:42.010000 54.85940000000001 40.5 0
2025-07-10T20:56:43.010000 54.885608000000005 40.46625 0
2025-07-10T20:56:44.010000 54.85128799999998 40.4375 0
2025-07-10T20:56:45.010000 54.85690400000001 40.4375 0
2025-07-10T20:56:46.010000 54.872504 40.4375 0
2025-07-10T20:56:47.010000 54.861895999999994 40.4375 0
2025-07-10T20:56:48.012000 54.872504 40.4625 0
2025-07-10T20:56:49.010000 54.848791999999996 40.5 0
2025-07-10T20:56:50.011000 54.870008 40.5 0
2025-07-10T20:56:51.010000 54.861895999999994 40.5 0
2025-07-10T20:56:52.010000 54.85940000000001 40.5 0
2025-07-10T20:56:53.010000 54.85940000000001 40.48125 0
2025-07-10T20:56:54.010000 54.832482 40.4375 0
2025-07-10T20:56:55.010000 54.855018 40.4375 0
2025-07-10T20:56:56.010000 54.845984 40.4375 0
2025-07-10T20:56:57.012000 54.843799999999995 40.4375 0
2025-07-10T20:56:58.010000 54.87063199999999 40.4525 0
2025-07-10T20:56:59.010000 54.848167999999994 40.5 16384
2025-07-10T20:57:00.010000 54.85721600000001 40.5 16384
2025-07-10T20:57:01.010000 54.845984 40.45625 16384
2025-07-10T20:57:02.010000 54.830298 40.4375 16384
2025-07-10T20:57:03.010000 54.855644000000005 40.4475 16384
2025-07-10T20:57:04.010000 54.845984 40.5 0
2025-07-10T20:57:05.010000 54.857528 40.5 0
2025-07-10T20:57:06.010000 54.84567199999999 40.5 0
2025-07-10T20:57:07.010000 54.871255999999995 40.5 16384
2025-07-10T20:57:08.010000 54.86127199999999 40.49625 16384
2025-07-10T20:57:09.010000 54.8594 40.4375 0
2025-07-10T20:57:10.010000 54.8594 40.4375 0
2025-07-10T20:57:11.010000 54.846607999999996 40.4675 0
2025-07-10T20:57:12.010000 54.843799999999995 40.5 0
2025-07-10T20:57:13.010000 54.830926 40.5 0
2025-07-10T20:57:14.010000 54.84097399999999 40.44125 16384
2025-07-10T20:57:15.010000 54.830926 40.4375 16384
2025-07-10T20:57:16.010000 54.815308 40.4375 16384
2025-07-10T20:57:17.010000 54.8125 40.4375 0
2025-07-10T20:57:18.010000 54.82529200000001 40.4375 0
2025-07-10T20:57:19.010000 54.814996 40.49 0
2025-07-10T20:57:20.011000 54.799395999999994 40.5 0
2025-07-10T20:57:21.010000 54.810004 40.5 0
2025-07-10T20:57:22.010000 54.78956800000001 40.5 0
2025-07-10T20:57:23.010000 54.78520000000001 40.5 0
2025-07-10T20:57:24.010000 54.772012 40.45125 0
2025-07-10T20:57:25.010000 54.756395999999995 40.4375 0
2025-07-10T20:57:26.010000 54.753899999999994 40.4375 0
2025-07-10T20:57:27.010000 54.74084693877551 40.4375 0
2025-07-10T20:57:28.010000 54.764508000000006 40.4375 0
2025-07-10T20:57:29.010000 54.756083999999994 40.4375 16384
2025-07-10T20:57:30.010000 54.753899999999994 40.4375 16384
2025-07-10T20:57:31.010000 54.753899999999994 40.4375 16384
2025-07-10T20:57:32.010000 54.76727142857143 40.4375 16384
2025-07-10T20:57:33.010000 54.756083999999994 40.4375 16384
2025-07-10T20:57:34.010000 54.753899999999994 40.4775 16384
2025-07-10T20:57:35.010000 54.753899999999994 40.5 0
2025-07-10T20:57:36.010000 54.767316 40.5 0
2025-07-10T20:57:37.010000 54.76950000000001 40.5 0
2025-07-10T20:57:38.010000 54.756083999999994 40.5 0
2025-07-10T20:57:39.010000 54.767316 40.4625 0
2025-07-10T20:57:40.010000 54.76950000000001 40.4375 0
2025-07-10T20:57:41.010000 54.76950000000001 40.4375 0
2025-07-10T20:57:42.010000 54.76950000000001 40.4375 0
2025-07-10T20:57:43.010000 54.755772 40.4375 0
2025-07-10T20:57:44.010000 54.753899999999994 40.4375 0
2025-07-10T20:57:45.010000 54.740172 40.4375 0
2025-07-10T20:57:46.010000 54.75202799999999 40.44 0
2025-07-10T20:57:47.010000 54.740172 40.5 0
2025-07-10T20:57:48.010000 54.7383 40.5 0
2025-07-10T20:57:49.010000 54.75109199999999 40.46875 0
2025-07-10T20:57:50.010000 54.753899999999994 40.4375 0
2025-07-10T20:57:51.010000 54.766692000000006 40.4375 0
2025-07-10T20:57:52.010000 54.756707999999996 40.4375 0
2025-07-10T20:57:53.011000 54.753899999999994 40.4375 0
2025-07-10T20:57:54.010000 54.766692000000006 40.4375 0
2025-07-10T20:57:55.010000 54.756707999999996 40.4375 0
2025-07-10T20:57:56.010000 54.767004 40.4375 0
2025-07-10T20:57:57.010000 54.756395999999995 40.4375 0
2025-07-10T20:57:58.010000 54.767004 40.4375 0
2025-07-10T20:57:59.010000 54.78268800000001 40.4375 0
2025-07-10T20:58:00.011000 54.772012 40.4375 0
2025-07-10T20:58:01.010000 54.76950000000001 40.4375 0
2025-07-10T20:58:02.010000 54.78268800000001 40.4375 0
2025-07-10T20:58:03.010000 54.772012 40.4375 0
2025-07-10T20:58:04.010000 54.756395999999995 40.4375 0
2025-07-10T20:58:05.010000 54.780192 40.4375 0
2025-07-10T20:58:06.010000 54.78520000000001 40.4375 0
2025-07-10T20:58:07.010000 54.771697999999994 40.4375 16384
2025-07-10T20:58:08.010000 54.783002 40.4375 16384
2025-07-10T20:58:09.010000 54.795262 40.4375 16384
2025-07-10T20:58:10.010000 54.79690000000001 40.4375 0
2025-07-10T20:58:11.010000 54.79690000000001 40.4375 0
2025-07-10T20:58:12.010000 54.79690000000001 40.485 0
2025-07-10T20:58:13.010000 54.786837999999996 40.5 0
2025-07-10T20:58:14.010000 54.808678 40.4875 0
2025-07-10T20:58:15.010000 54.789022 40.4375 0
2025-07-10T20:58:16.010000 54.795262 40.4375 0
2025-07-10T20:58:17.010000 54.79690000000001 40.4375 0
2025-07-10T20:58:18.010000 54.79690000000001 40.4375 0
2025-07-10T20:58:19.010000 54.810627999999994 40.4375 0
2025-07-10T20:58:20.010000 54.79877199999999 40.4375 0
2025-07-10T20:58:21.010000 54.81058979591836 40.4375 0
2025-07-10T20:58:22.009000 54.8125 40.4375 16384
2025-07-10T20:58:23.010000 54.840044 40.4375 16384
2025-07-10T20:58:24.010000 54.816255999999996 40.4375 16384
2025-07-10T20:58:25.010000 54.79877199999999 40.4375 0
2025-07-10T20:58:26.010000 54.822484 40.4375 0
2025-07-10T20:58:27.010000 54.82809999999999 40.47 16384
2025-07-10T20:58:28.010000 54.815308 40.5 16384
2025-07-10T20:58:29.010000 54.82529200000001 40.5 16384
2025-07-10T20:58:30.010000 54.815308 40.44 0
2025-07-10T20:58:31.010000 54.8125 40.4375 0
2025-07-10T20:58:32.010000 54.82529200000001 40.46375 0
2025-07-10T20:58:33.010000 54.8281 40.5 0
2025-07-10T20:58:34.010000 54.841557142857134 40.5 0
2025-07-10T20:58:35.010000 54.817508 40.445 0
2025-07-10T20:58:36.010000 54.851895999999996 40.4375 0
2025-07-10T20:58:37.010000 54.833108 40.4375 0
2025-07-10T20:58:38.010000 54.841287999999984 40.4375 0
2025-07-10T20:58:39.010000 54.843799999999995 40.4375 0
2025-07-10T20:58:40.010000 54.843799999999995 40.4375 16384
2025-07-10T20:58:41.010000 54.843799999999995 40.4375 16384
2025-07-10T20:58:42.010000 54.830612 40.45375 16384
2025-07-10T20:58:43.010000 54.841287999999984 40.5 0
2025-07-10T20:58:44.010000 54.85721600000001 40.5 0
2025-07-10T20:58:45.010000 54.83266458333333 40.5 16384
2025-07-10T20:58:46.010000 54.80072040816327 40.5 16384
2025-07-10T20:58:47.010000 54.786837999999996 40.48875 16384
2025-07-10T20:58:48.010000 54.771697999999994 40.4375 0
2025-07-10T20:58:49.010000 54.756083999999994 40.4375 0
2025-07-10T20:58:50.010000 54.753899999999994 40.4775 0
2025-07-10T20:58:51.010000 54.740483999999995 40.5 0
2025-07-10T20:58:52.010000 54.7383 40.4925 0
2025-07-10T20:58:53.010000 54.7383 40.4375 0
2025-07-10T20:58:54.010000 54.75202799999999 40.4375 0
2025-07-10T20:58:55.010000 54.740172 40.4375 0
2025-07-10T20:58:56.010000 54.7383 40.4375 0
2025-07-10T20:58:57.010000 54.7383 40.4375 0
2025-07-10T20:58:58.010000 54.75202799999999 40.4375 0
2025-07-10T20:58:59.010000 54.767628 40.4375 0
2025-07-10T20:59:00.010000 54.74204400000001 40.4375 0
2025-07-10T20:59:01.010000 54.7383 40.4375 0
2025-07-10T20:59:02.010000 54.75202799999999 40.4375 0
2025-07-10T20:59:03.010000 54.753899999999994 40.4375 0
2025-07-10T20:59:04.010000 54.753899999999994 40.4375 0
2025-07-10T20:59:05.010000 54.753899999999994 40.4375 0
2025-07-10T20:59:06.010000 54.753899999999994 40.4375 0
2025-07-10T20:59:07.010000 54.753899999999994 40.4375 0
2025-07-10T20:59:08.010000 54.753899999999994 40.4375 0
2025-07-10T20:59:09.010000 54.741108000000004 40.4375 0
2025-07-10T20:59:10.010000 54.75109199999999 40.4375 0
2025-07-10T20:59:11.010000 54.767004 40.4375 0
2025-07-10T20:59:12.010000 54.756395999999995 40.4375 0
2025-07-10T20:59:13.010000 54.767004 40.4375 16384
2025-07-10T20:59:14.010000 54.76950000000001 40.4375 16384
2025-07-10T20:59:15.010000 54.756395999999995 40.4375 16384
2025-07-10T20:59:16.010000 54.767004 40.4375 0
2025-07-10T20:59:17.010000 54.756395999999995 40.4375 0
2025-07-10T20:59:18.010000 54.767004 40.48375 16384
2025-07-10T20:59:19.010000 54.76950000000001 40.5 16384
2025-07-10T20:59:20.010000 54.743292000000004 40.4875 16384
2025-07-10T20:59:21.010000 54.7383 40.4375 0
2025-07-10T20:59:22.010000 54.7383 40.4375 0
2025-07-10T20:59:23.010000 54.7383 40.48 0
2025-07-10T20:59:24.010000 54.751715999999995 40.5 0
2025-07-10T20:59:25.010000 54.740483999999995 40.49 0
2025-07-10T20:59:26.010000 54.751715999999995 40.4375 0
2025-07-10T20:59:27.010000 54.753899999999994 40.4375 0
2025-07-10T20:59:28.010000 54.753899999999994 40.4375 0
2025-07-10T20:59:29.010000 54.767316 40.4375 0
2025-07-10T20:59:30.010000 54.756083999999994 40.4375 0
2025-07-10T20:59:31.010000 54.767316 40.4375 0
2025-07-10T20:59:32.013000 54.76950000000001 40.4375 0
2025-07-10T20:59:33.010000 54.755772 40.4375 0
2025-07-10T20:59:34.010000 54.753899999999994 40.4375 0
2025-07-10T20:59:35.010000 54.753899999999994 40.4375 0
2025-07-10T20:59:36.010000 54.753899999999994 40.4375 0
2025-07-10T20:59:37.010000 54.726444 40.4375 0
2025-07-10T20:59:38.010000 54.736428 40.4375 16384
2025-07-10T20:59:39.010000 54.72457200000001 40.4375 16384
2025-07-10T20:59:40.010000 54.72270000000001 40.4375 16384
2025-07-10T20:59:41.010000 54.72270000000001 40.4375 0
2025-07-10T20:59:42.010000 54.72270000000001 40.4375 0
2025-07-10T20:59:43.011000 54.72270000000001 40.465 16384
2025-07-10T20:59:44.010000 54.735491999999994 40.5 16384
2025-07-10T20:59:45.010000 54.72550800000001 40.5 16384
2025-07-10T20:59:46.010000 54.735491999999994 40.445 16384
2025-07-10T20:59:47.010000 54.712634 40.4375 16384
2025-07-10T20:59:48.010000 54.745458 40.45875 0
2025-07-10T20:59:49.010000 54.740796 40.5 0
2025-07-10T20:59:50.010000 54.7383 40.5 0
2025-07-10T20:59:51.010000 54.7383 40.5 0
2025-07-10T20:59:52.010000 54.7383 40.5 0
2025-07-10T20:59:53.010000 54.751403999999994 40.4825 0
2025-07-10T20:59:54.010000 54.740796 40.4375 0
2025-07-10T20:59:55.010000 54.7383 40.4375 0
2025-07-10T20:59:56.010000 54.725196000000004 40.4375 0
2025-07-10T20:59:57.010000 54.72270000000001 40.4375 0
2025-07-10T20:59:58.010000 54.735804 40.4375 0
2025-07-10T20:59:59.010000 54.725196000000004 40.4375 0
2025-07-10T21:00:00.010000 54.72270000000001 40.4375 0
2025-07-10T21:00:01.010000 54.72270000000001 40.4375 0
2025-07-10T21:00:02.011000 54.74944285714285 40.4375 0
2025-07-10T21:00:03.010000 54.74052857142857 40.4375 0
2025-07-10T21:00:04.010000 54.751715999999995 40.4375 0
2025-07-10T21:00:05.010000 54.753899999999994 40.4375 0
2025-07-10T21:00:06.010000 54.740483999999995 40.4375 0
2025-07-10T21:00:07.011000 54.7383 40.4375 0
2025-07-10T21:00:08.010000 54.751715999999995 40.4375 0
2025-07-10T21:00:09.010000 54.767316 40.4375 0
2025-07-10T21:00:10.010000 54.755772 40.4375 0
2025-07-10T21:00:11.010000 54.753899999999994 40.4375 0
2025-07-10T21:00:12.010000 54.767628 40.4375 0
2025-07-10T21:00:13.010000 54.755772 40.4375 0
2025-07-10T21:00:14.010000 54.753899999999994 40.4375 0
2025-07-10T21:00:15.010000 54.753899999999994 40.4375 0
2025-07-10T21:00:16.010000 54.753899999999994 40.4375 0
2025-07-10T21:00:17.010000 54.753899999999994 40.4375 0
2025-07-10T21:00:18.010000 54.767628 40.4375 0
2025-07-10T21:00:19.011000 54.755772 40.4375 16384
2025-07-10T21:00:20.010000 54.753899999999994 40.4375 16384
2025-07-10T21:00:21.010000 54.766692000000006 40.4375 16384
2025-07-10T21:00:22.010000 54.743916 40.4375 0
2025-07-10T21:00:23.010000 54.763884 40.4375 0
2025-07-10T21:00:24.010000 54.756707999999996 40.4925 0
2025-07-10T21:00:25.011000 54.753899999999994 40.5 0
2025-07-10T21:00:26.010000 54.766692000000006 40.47875 0
2025-07-10T21:00:27.010000 54.76950000000001 40.4375 0
2025-07-10T21:00:28.010000 54.756395999999995 40.4375 0
2025-07-10T21:00:29.010000 54.753899999999994 40.4375 0
2025-07-10T21:00:30.010000 54.753899999999994 40.4375 0
2025-07-10T21:00:31.010000 54.753899999999994 40.4375 0
2025-07-10T21:00:32.010000 54.767004 40.4375 0
2025-07-10T21:00:33.010000 54.756395999999995 40.4375 0
2025-07-10T21:00:34.010000 54.753899999999994 40.4375 16384
2025-07-10T21:00:35.010000 54.767004 40.4375 16384
2025-07-10T21:00:36.010000 54.76950000000001 40.4375 16384
2025-07-10T21:00:37.010000 54.76950000000001 40.4375 0
2025-07-10T21:00:38.010000 54.783002 40.4375 0
2025-07-10T21:00:39.010000 54.771697999999994 40.47875 0
2025-07-10T21:00:40.010000 54.76950000000001 40.5 0
2025-07-10T21:00:41.010000 54.76950000000001 40.4925 0
2025-07-10T21:00:42.010000 54.76950000000001 40.4375 0
2025-07-10T21:00:43.010000 54.76950000000001 40.4375 0
2025-07-10T21:00:44.010000 54.76950000000001 40.4375 0
2025-07-10T21:00:45.010000 54.7695 40.4375 0
2025-07-10T21:00:46.010000 54.78295714285715 40.4375 0
2025-07-10T21:00:47.010000 54.771697999999994 40.4375 0
2025-07-10T21:00:48.010000 54.76950000000001 40.4375 0
2025-07-10T21:00:49.010000 54.78331600000001 40.4675 16384
2025-07-10T21:00:50.010000 54.78520000000001 40.5 16384
2025-07-10T21:00:51.010000 54.771384 40.5 16384
2025-07-10T21:00:52.010000 54.78331600000001 40.44 0
2025-07-10T21:00:53.010000 54.78520000000001 40.4375 0
2025-07-10T21:00:54.010000 54.78520000000001 40.4625 0
2025-07-10T21:00:55.010000 54.78520000000001 40.5 0
2025-07-10T21:00:56.027000 54.78520000000001 40.5 0
2025-07-10T21:00:57.010000 54.78520000000001 40.44625 0
2025-07-10T21:00:58.010000 54.78520000000001 40.4375 0
2025-07-10T21:00:59.010000 54.78520000000001 40.4375 0
2025-07-10T21:01:00.010000 54.78520000000001 40.4375 0
2025-07-10T21:01:01.010000 54.794794 40.4375 0
2025-07-10T21:01:02.010000 54.79690000000001 40.4375 0
2025-07-10T21:01:03.010000 54.79690000000001 40.4375 0
2025-07-10T21:01:04.010000 54.787306 40.4375 0
2025-07-10T21:01:05.010000 54.795028 40.4375 0
2025-07-10T21:01:06.010000 54.79690000000001 40.4375 0
2025-07-10T21:01:07.010000 54.787071999999995 40.4375 0
2025-07-10T21:01:08.010000 54.772012 40.4375 0
2025-07-10T21:01:09.010000 54.792516000000006 40.4375 0
2025-07-10T21:01:10.010000 54.787071999999995 40.4375 0
2025-07-10T21:01:11.010000 54.795028 40.4375 0
2025-07-10T21:01:12.011000 54.787071999999995 40.4375 0
2025-07-10T21:01:13.010000 54.795028 40.4375 0
2025-07-10T21:01:14.010000 54.79690000000001 40.4375 0
2025-07-10T21:01:15.010000 54.79690000000001 40.4375 0
2025-07-10T21:01:16.010000 54.810316 40.4375 0
2025-07-10T21:01:17.010000 54.8125 40.4375 0
2025-07-10T21:01:18.012000 54.789022 40.4375 0
2025-07-10T21:01:19.010000 54.795262 40.4375 0
2025-07-10T21:01:20.010000 54.79690000000001 40.4375 0
2025-07-10T21:01:21.010000 54.79690000000001 40.4375 0
2025-07-10T21:01:22.010000 54.810316 40.4375 0
2025-07-10T21:01:23.011000 54.8125 40.4375 0
2025-07-10T21:01:24.010000 54.79908399999999 40.4375 0
2025-07-10T21:01:25.010000 54.810316 40.4375 0
2025-07-10T21:01:26.010000 54.79877199999999 40.4375 0
2025-07-10T21:01:27.013000 54.79690000000001 40.4375 0
2025-07-10T21:01:28.010000 54.810627999999994 40.4375 0
2025-07-10T21:01:29.010000 54.8125 40.4375 0
2025-07-10T21:01:30.010000 54.8125 40.4375 0
2025-07-10T21:01:31.010000 54.82622800000001 40.4375 0
2025-07-10T21:01:32.010000 54.82809999999999 40.4375 0
2025-07-10T21:01:33.010000 54.800644000000005 40.4375 0
2025-07-10T21:01:34.010000 54.824355999999995 40.4375 0
2025-07-10T21:01:35.010000 54.82809999999999 40.4375 0
2025-07-10T21:01:36.010000 54.81406 40.4375 0
2025-07-10T21:01:37.010000 54.82529200000001 40.4375 0
2025-07-10T21:01:38.010000 54.82809999999999 40.4375 0
2025-07-10T21:01:39.010000 54.82809999999999 40.4375 0
2025-07-10T21:01:40.010000 54.82809999999999 40.4375 0
2025-07-10T21:01:41.010000 54.82809999999999 40.4375 0
2025-07-10T21:01:42.010000 54.82809999999999 40.4375 0
2025-07-10T21:01:43.010000 54.841287999999984 40.4375 16384
2025-07-10T21:01:44.010000 54.830612 40.4375 16384
2025-07-10T21:01:45.011000 54.841287999999984 40.4375 16384
2025-07-10T21:01:46.010000 54.843799999999995 40.4375 0
2025-07-10T21:01:47.010000 54.843799999999995 40.44375 0
2025-07-10T21:01:48.010000 54.830612 40.5 16384
2025-07-10T21:01:49.010000 54.82809999999999 40.5 16384
2025-07-10T21:01:50.010000 54.82809999999999 40.4675 16384
2025-07-10T21:01:51.010000 54.841287999999984 40.4375 0
2025-07-10T21:01:52.010000 54.843799999999995 40.4375 0
2025-07-10T21:01:53.010000 54.843799999999995 40.49875 0
2025-07-10T21:01:54.010000 54.830298 40.5 0
2025-07-10T21:01:55.010000 54.82809999999999 40.4725 0
2025-07-10T21:01:56.010000 54.841601999999995 40.4375 0
2025-07-10T21:01:57.010000 54.83034285714285 40.4375 0
2025-07-10T21:01:58.010000 54.841510416666665 40.4375 0
2025-07-10T21:01:59.010000 54.830298 40.4375 0
2025-07-10T21:02:00.010000 54.855018 40.4375 0
2025-07-10T21:02:01.010000 54.832482 40.4375 0
2025-07-10T21:02:02.010000 54.84191599999999 40.4375 0
2025-07-10T21:02:03.010000 54.829984 40.4375 0
2025-07-10T21:02:04.010000 54.814372000000006 40.4375 0
2025-07-10T21:02:05.010000 54.82622800000001 40.4375 0
2025-07-10T21:02:06.010000 54.84191599999999 40.4375 0
2025-07-10T21:02:07.010000 54.843799999999995 40.4375 0
2025-07-10T21:02:08.010000 54.843799999999995 40.4375 0
2025-07-10T21:02:09.010000 54.829984 40.4375 0
2025-07-10T21:02:10.010000 54.814372000000006 40.4375 0
2025-07-10T21:02:11.010000 54.82622800000001 40.4375 0
2025-07-10T21:02:12.010000 54.841877551020396 40.4375 0
2025-07-10T21:02:13.010000 54.857775000000004 40.4375 0
2025-07-10T21:02:14.010000 54.83123 40.4375 0
2025-07-10T21:02:15.010000 54.815308 40.4375 0
2025-07-10T21:02:16.010000 54.79970799999999 40.4375 0
2025-07-10T21:02:17.010000 54.822484 40.4375 0
2025-07-10T21:02:18.010000 54.814996 40.4375 0
2025-07-10T21:02:19.010000 54.825604000000006 40.4375 0
2025-07-10T21:02:20.010000 54.801891999999995 40.4375 0
2025-07-10T21:02:21.010000 54.79690000000001 40.4375 0
2025-07-10T21:02:22.010000 54.787071999999995 40.4375 0
2025-07-10T21:02:23.010000 54.80813200000001 40.4375 0
2025-07-10T21:02:24.010000 54.8125 40.4375 0
2025-07-10T21:02:25.010000 54.799395999999994 40.4375 0
2025-07-10T21:02:26.010000 54.787071999999995 40.4375 0
2025-07-10T21:02:27.010000 54.78520000000001 40.4375 0
2025-07-10T21:02:28.010000 54.78520000000001 40.4375 0
2025-07-10T21:02:29.010000 54.78520000000001 40.4375 0
2025-07-10T21:02:30.010000 54.795262 40.4375 0
2025-07-10T21:02:31.010000 54.786837999999996 40.4375 0
2025-07-10T21:02:32.010000 54.78520000000001 40.4375 0
2025-07-10T21:02:33.011000 54.795262 40.4375 0
2025-07-10T21:02:34.010000 54.786837999999996 40.4375 0
2025-07-10T21:02:35.010000 54.758282 40.4375 0
2025-07-10T21:02:36.010000 54.780818 40.4375 0
2025-07-10T21:02:37.010000 54.78520000000001 40.4375 0
2025-07-10T21:02:38.010000 54.78520000000002 40.4375 0
2025-07-10T21:02:39.010000 54.78520000000001 40.4375 16384
2025-07-10T21:02:40.010000 54.78520000000001 40.4375 16384
2025-07-10T21:02:41.010000 54.78520000000001 40.4375 16384
2025-07-10T21:02:42.010000 54.771384 40.4375 16384
2025-07-10T21:02:43.010000 54.76950000000001 40.45125 16384
2025-07-10T21:02:44.010000 54.755772 40.5 0
2025-07-10T21:02:45.010000 54.740172 40.5 0
2025-07-10T21:02:46.010000 54.710756 40.5 0
2025-07-10T21:02:47.010000 54.70700000000001 40.5 0
2025-07-10T21:02:48.010000 54.73454400000001 40.48875 0
2025-07-10T21:02:49.010000 54.72457200000001 40.4375 0
2025-07-10T21:02:50.010000 54.73674 40.4375 0
2025-07-10T21:02:51.010000 54.724260000000015 40.4375 0
2025-07-10T21:02:52.010000 54.70857 40.4375 0
2025-07-10T21:02:53.010000 54.732666 40.4375 0
2025-07-10T21:02:54.010000 54.751403999999994 40.4375 0
2025-07-10T21:02:55.010000 54.7284306122449 40.4375 0
2025-07-10T21:02:56.009000 54.72270000000001 40.4375 0
2025-07-10T21:02:57.011000 54.735804 40.4375 0
2025-07-10T21:02:58.010000 54.7383 40.4375 0
2025-07-10T21:02:59.011000 54.7383 40.4375 0
2025-07-10T21:03:00.011000 54.7383 40.4375 0
2025-07-10T21:03:01.010000 54.7383 40.4375 0
2025-07-10T21:03:02.010000 54.725196000000004 40.4375 0
2025-07-10T21:03:03.010000 54.735804 40.4375 0
2025-07-10T21:03:04.010000 54.7383 40.4375 0
2025-07-10T21:03:05.010000 54.7383 40.4375 0
2025-07-10T21:03:06.010000 54.724884 40.4375 0
2025-07-10T21:03:07.010000 54.736116 40.4375 0
2025-07-10T21:03:08.010000 54.724884 40.4375 0
2025-07-10T21:03:09.013000 54.75 40.4375 0
2025-07-10T21:03:10.031000 54.72652040816327 40.4375 0
2025-07-10T21:03:11.010000 54.736116 40.4375 0
2025-07-10T21:03:12.010000 54.724884 40.4375 0
2025-07-10T21:03:13.010000 54.709197999999994 40.4375 0
2025-07-10T21:03:14.010000 54.70700000000001 40.4375 0
2025-07-10T21:03:15.010000 54.693272 40.4375 0
2025-07-10T21:03:16.010000 54.681104 40.4375 0
2025-07-10T21:03:17.010000 54.689995999999994 40.4375 0
2025-07-10T21:03:18.010000 54.704816 40.4375 0
2025-07-10T21:03:19.010000 54.692991836734684 40.4375 0
2025-07-10T21:03:20.011000 54.691399999999994 40.4375 0
2025-07-10T21:03:21.010000 54.705128 40.4375 0
2025-07-10T21:03:22.010000 54.693272 40.4375 16384
2025-07-10T21:03:23.010000 54.705128 40.4375 16384
2025-07-10T21:03:24.010000 54.70700000000001 40.4375 16384
2025-07-10T21:03:25.010000 54.693272 40.4375 0
2025-07-10T21:03:26.010000 54.705439999999996 40.44125 0
2025-07-10T21:03:27.010000 54.69295999999999 40.5 0
2025-07-10T21:03:28.010000 54.719570000000004 40.5 0
2025-07-10T21:03:29.010000 54.69452999999999 40.4675 0
2025-07-10T21:03:30.010000 54.691399999999994 40.4375 0
2025-07-10T21:03:31.010000 54.691399999999994 40.4375 0
2025-07-10T21:03:32.010000 54.704504 40.4375 0
2025-07-10T21:03:33.010000 54.70700000000001 40.4375 0
2025-07-10T21:03:34.010000 54.70700000000001 40.4375 0
2025-07-10T21:03:35.010000 54.70700000000001 40.4375 0
2025-07-10T21:03:36.010000 54.70700000000001 40.4375 0
2025-07-10T21:03:37.011000 54.72018800000001 40.4375 0
2025-07-10T21:03:38.010000 54.72270000000001 40.4375 0
2025-07-10T21:03:39.010000 54.72270000000001 40.4375 0
2025-07-10T21:03:40.010000 54.72270000000001 40.4375 0
2025-07-10T21:03:41.010000 54.709197999999994 40.4375 0
2025-07-10T21:03:42.010000 54.720502 40.4375 0
2025-07-10T21:03:43.010000 54.709197999999994 40.4375 0
2025-07-10T21:03:44.010000 54.720502 40.4375 0
2025-07-10T21:03:45.012000 54.736116 40.4375 0
2025-07-10T21:03:46.010000 54.724884 40.4375 0
2025-07-10T21:03:47.010000 54.72270000000001 40.4375 0
2025-07-10T21:03:48.010000 54.72270000000001 40.4375 0
2025-07-10T21:03:49.011000 54.72270000000001 40.4375 0
2025-07-10T21:03:50.010000 54.72270000000001 40.4375 16384
2025-07-10T21:03:51.010000 54.72270000000001 40.4375 16384
2025-07-10T21:03:52.011000 54.72270000000001 40.4375 16384
2025-07-10T21:03:53.010000 54.72270000000001 40.4375 0
2025-07-10T21:03:54.010000 54.72270000000001 40.45 0
2025-07-10T21:03:55.010000 54.72270000000001 40.5 0
2025-07-10T21:03:56.010000 54.72270000000001 40.5 0
2025-07-10T21:03:57.010000 54.708884 40.4575 0
2025-07-10T21:03:58.010000 54.70700000000001 40.4375 0
2025-07-10T21:03:59.010000 54.72081600000001 40.4375 0
2025-07-10T21:04:00.010000 54.736428 40.4375 0
2025-07-10T21:04:01.010000 54.72457200000001 40.4375 0
2025-07-10T21:04:02.010000 54.72270000000001 40.4375 0
2025-07-10T21:04:03.010000 54.72270000000001 40.4375 0
2025-07-10T21:04:04.010000 54.72270000000002 40.4375 0
2025-07-10T21:04:05.010000 54.72270000000001 40.4375 0
2025-07-10T21:04:06.010000 54.72270000000001 40.4375 0
2025-07-10T21:04:07.010000 54.70857 40.4375 0
2025-07-10T21:04:08.010000 54.70700000000001 40.4375 0
2025-07-10T21:04:09.010000 54.72113000000001 40.4375 0
2025-07-10T21:04:10.010000 54.72270000000001 40.4375 0
2025-07-10T21:04:11.010000 54.69640799999999 40.4375 0
2025-07-10T21:04:12.010000 54.704504 40.4375 0
2025-07-10T21:04:13.010000 54.70700000000001 40.4375 0
2025-07-10T21:04:14.011000 54.72018800000001 40.4375 0
2025-07-10T21:04:15.010000 54.735804 40.4375 0
2025-07-10T21:04:16.010000 54.725196000000004 40.4375 0
2025-07-10T21:04:17.010000 54.72270000000001 40.4375 0
2025-07-10T21:04:18.010000 54.709512 40.4375 0
2025-07-10T21:04:19.010000 54.70700000000001 40.4375 0
2025-07-10T21:04:20.010000 54.693583999999994 40.4375 0
2025-07-10T21:04:21.010000 54.704816 40.4375 0
2025-07-10T21:04:22.014000 54.693583999999994 40.4375 0
2025-07-10T21:04:23.010000 54.681338 40.4375 0
2025-07-10T21:04:24.010000 54.67970000000001 40.4375 0
2025-07-10T21:04:25.010000 54.67970000000001 40.4375 0
2025-07-10T21:04:26.015000 54.67970000000001 40.4375 0
2025-07-10T21:04:27.010000 54.689761999999995 40.4375 0
2025-07-10T21:04:28.010000 54.691399999999994 40.4375 16384
2025-07-10T21:04:29.010000 54.691399999999994 40.4375 16384
2025-07-10T21:04:30.010000 54.691399999999994 40.4375 16384
2025-07-10T21:04:31.011000 54.691399999999994 40.4375 0
2025-07-10T21:04:32.010000 54.691399999999994 40.4453125 0
2025-07-10T21:04:33.010000 54.6914 40.5 16384
2025-07-10T21:04:34.010000 54.705128 40.5 16384
2025-07-10T21:04:35.010000 54.693272 40.46375 16384
2025-07-10T21:04:36.010000 54.705128 40.4375 0
2025-07-10T21:04:37.010000 54.693272 40.44125 0
2025-07-10T21:04:38.010000 54.705439999999996 40.5 0
2025-07-10T21:04:39.010000 54.70700000000001 40.5 0
2025-07-10T21:04:40.010000 54.69295999999999 40.4675 0
2025-07-10T21:04:41.010000 54.705439999999996 40.4375 0
2025-07-10T21:04:42.010000 54.72113000000001 40.4375 0
2025-07-10T21:04:43.010000 54.70857 40.4375 0
2025-07-10T21:04:44.010000 54.70700000000001 40.4375 0
2025-07-10T21:04:45.010000 54.70700000000001 40.4375 0
2025-07-10T21:04:46.010000 54.72113000000001 40.4375 0
2025-07-10T21:04:47.010000 54.70857 40.4375 0
2025-07-10T21:04:48.010000 54.72018800000001 40.4975 16384
2025-07-10T21:04:49.010000 54.69640799999999 40.5 16384
2025-07-10T21:04:50.010000 54.717692 40.475 16384
2025-07-10T21:04:51.010000 54.69640799999999 40.4375 0
2025-07-10T21:04:52.010000 54.704504 40.4375 0
2025-07-10T21:04:53.010000 54.70700000000001 40.4925 0
2025-07-10T21:04:54.011000 54.70700000000001 40.5 0
2025-07-10T21:04:55.010000 54.707 40.47959183673469 0
2025-07-10T21:04:56.010000 54.70700000000001 40.4375 0
2025-07-10T21:04:57.010000 54.720502 40.4375 0
2025-07-10T21:04:58.010000 54.709197999999994 40.4375 0
2025-07-10T21:04:59.010000 54.693583999999994 40.4375 0
2025-07-10T21:05:00.010000 54.667922000000004 40.4375 0
2025-07-10T21:05:01.010000 54.6641 40.4375 0
2025-07-10T21:05:02.011000 54.6641 40.4375 0
2025-07-10T21:05:03.010000 54.6641 40.4375 16384
2025-07-10T21:05:04.010000 54.6641 40.4375 16384
2025-07-10T21:05:05.010000 54.677516 40.4375 16384
2025-07-10T21:05:06.010000 54.67970000000001 40.4375 16384
2025-07-10T21:05:07.010000 54.666050000000006 40.4375 16384
2025-07-10T21:05:08.010000 54.6641 40.47831632653061 16384
2025-07-10T21:05:09.010000 54.6641 40.5 0
2025-07-10T21:05:10.010000 54.677828 40.5 0
2025-07-10T21:05:11.013000 54.67970000000001 40.5 0
2025-07-10T21:05:12.010000 54.665972000000004 40.5 0
2025-07-10T21:05:13.011000 54.677828 40.4625 0
2025-07-10T21:05:14.010000 54.67970000000001 40.4375 0
2025-07-10T21:05:15.010000 54.67970000000001 40.4375 0
2025-07-10T21:05:16.010000 54.67970000000001 40.4375 0
2025-07-10T21:05:17.010000 54.66566000000001 40.4375 0
2025-07-10T21:05:18.010000 54.678140000000006 40.4375 0
2025-07-10T21:05:19.010000 54.69022999999999 40.4375 0
2025-07-10T21:05:20.010000 54.691399999999994 40.4375 0
2025-07-10T21:05:21.010000 54.68087 40.4375 0
2025-07-10T21:05:22.010000 54.69022999999999 40.4375 0
2025-07-10T21:05:23.010000 54.691399999999994 40.4375 0
2025-07-10T21:05:24.011000 54.6914 40.4375 0
2025-07-10T21:05:25.010000 54.691399999999994 40.4375 0
2025-07-10T21:05:26.011000 54.691399999999994 40.4375 0
2025-07-10T21:05:27.010000 54.704504 40.4375 0
2025-07-10T21:05:28.010000 54.693895999999995 40.4375 0
2025-07-10T21:05:29.010000 54.704504 40.4375 0
2025-07-10T21:05:30.010000 54.693895999999995 40.4375 0
2025-07-10T21:05:31.010000 54.704504 40.4375 0
2025-07-10T21:05:32.010000 54.693583999999994 40.4375 0
2025-07-10T21:05:33.010000 54.704816 40.4375 0
2025-07-10T21:05:34.011000 54.69362857142857 40.4375 0
2025-07-10T21:05:35.010000 54.704816 40.4375 0
2025-07-10T21:05:36.010000 54.70700000000001 40.4375 0
2025-07-10T21:05:37.010000 54.70700000000001 40.4375 0
2025-07-10T21:05:38.010000 54.720502 40.4375 0
2025-07-10T21:05:39.010000 54.72270000000001 40.4375 0
2025-07-10T21:05:40.010000 54.70928958333334 40.4375 0
2025-07-10T21:05:41.010000 54.70700000000001 40.4375 0
2025-07-10T21:05:42.010000 54.70700000000001 40.4375 0
2025-07-10T21:05:43.010000 54.72081600000001 40.4375 0
2025-07-10T21:05:44.010000 54.708884 40.4375 0
2025-07-10T21:05:45.010000 54.73454400000001 40.4375 0
2025-07-10T21:05:46.010000 54.72457200000001 40.4375 0
2025-07-10T21:05:47.010000 54.72270000000001 40.4375 0
2025-07-10T21:05:48.010000 54.736428 40.4375 0
2025-07-10T21:05:49.010000 54.72457200000001 40.4375 0
2025-07-10T21:05:50.010000 54.736428 40.4375 0
2025-07-10T21:05:51.010000 54.72457200000001 40.4375 16384
2025-07-10T21:05:52.010000 54.708884 40.4375 16384
2025-07-10T21:05:53.010000 54.70700000000001 40.4375 16384
2025-07-10T21:05:54.010000 54.70700000000001 40.4375 0
2025-07-10T21:05:55.010000 54.69295999999999 40.4375 0
2025-07-10T21:05:56.010000 54.705439999999996 40.46125 16384
2025-07-10T21:05:57.010000 54.72113000000001 40.5 16384
2025-07-10T21:05:58.010000 54.70857 40.5 16384
2025-07-10T21:05:59.010000 54.682430000000004 40.44625 16384
2025-07-10T21:06:00.010000 54.67970000000001 40.4375 16384
2025-07-10T21:06:01.010000 54.67970000000001 40.4575 16384
2025-07-10T21:06:02.010000 54.67970000000001 40.5 0
2025-07-10T21:06:03.010000 54.69022999999999 40.5 0
2025-07-10T21:06:04.010000 54.681571999999996 40.5 0
2025-07-10T21:06:05.010000 54.68952799999999 40.5 0
2025-07-10T21:06:06.010000 54.691399999999994 40.4875 0
2025-07-10T21:06:07.010000 54.681571999999996 40.4375 0
2025-07-10T21:06:08.010000 54.67970000000001 40.4375 0
2025-07-10T21:06:09.010000 54.666596000000006 40.4375 0
2025-07-10T21:06:10.010000 54.6641 40.4375 0
2025-07-10T21:06:11.011000 54.6641 40.4375 0
2025-07-10T21:06:12.010000 54.65059799999999 40.4375 0
2025-07-10T21:06:13.010000 54.6484 40.4375 0
2025-07-10T21:06:14.010000 54.634984 40.4375 0
2025-07-10T21:06:15.010000 54.63279999999999 40.4375 0
2025-07-10T21:06:16.010000 54.63279999999999 40.4375 0
2025-07-10T21:06:17.010000 54.646215999999995 40.4375 0
2025-07-10T21:06:18.010000 54.634984 40.4375 0
2025-07-10T21:06:19.010000 54.619384 40.4375 0
2025-07-10T21:06:20.010000 54.603784000000005 40.4375 0
2025-07-10T21:06:21.010000 54.6016 40.4375 0
2025-07-10T21:06:22.010000 54.615328 40.4375 0
2025-07-10T21:06:23.010000 54.61720000000001 40.4375 0
2025-07-10T21:06:24.010000 54.603472000000004 40.4375 0
2025-07-10T21:06:25.010000 54.62905599999999 40.4375 0
2025-07-10T21:06:26.010000 54.619071999999996 40.4375 0
2025-07-10T21:06:27.010000 54.61720000000001 40.4375 16384
2025-07-10T21:06:28.010000 54.617200000000004 40.4375 16384
2025-07-10T21:06:29.010000 54.61720000000001 40.4375 16384
2025-07-10T21:06:30.010000 54.61720000000001 40.4375 0
2025-07-10T21:06:31.010000 54.61720000000001 40.4375 0
2025-07-10T21:06:32.010000 54.61720000000001 40.48625 16384
2025-07-10T21:06:33.010000 54.63124 40.5 16384
2025-07-10T21:06:34.012000 54.61876 40.4825 16384
2025-07-10T21:06:35.010000 54.61720000000001 40.4375 16384
2025-07-10T21:06:36.010000 54.63124 40.4375 16384
2025-07-10T21:06:37.010000 54.61876 40.48375 0
2025-07-10T21:06:38.010000 54.60316000000001 40.5 0
2025-07-10T21:06:39.010000 54.615640000000006 40.5 0
2025-07-10T21:06:40.010000 54.63124 40.5 16384
2025-07-10T21:06:41.010000 54.63279999999999 40.5 16384
2025-07-10T21:06:42.010000 54.619696000000005 40.4575 0
2025-07-10T21:06:43.010000 54.630303999999995 40.4375 0
2025-07-10T21:06:44.010000 54.619696000000005 40.4475 0
2025-07-10T21:06:45.010000 54.630303999999995 40.5 0
2025-07-10T21:06:46.010000 54.645903999999994 40.5 0
2025-07-10T21:06:47.010000 54.6484 40.5 16384
2025-07-10T21:06:48.010000 54.635296 40.5 16384
2025-07-10T21:06:49.010000 54.646215999999995 40.5 16384
2025-07-10T21:06:50.010000 54.634984 40.5 0
2025-07-10T21:06:51.010000 54.646215999999995 40.5 0
2025-07-10T21:06:52.010000 54.6484 40.5 0
2025-07-10T21:06:53.010000 54.6484 40.5 0
2025-07-10T21:06:54.010000 54.6484 40.5 0
2025-07-10T21:06:55.010000 54.6484 40.43875 0
2025-07-10T21:06:56.010000 54.6484 40.4375 0
2025-07-10T21:06:57.010000 54.6484 40.465 0
2025-07-10T21:06:58.010000 54.66190200000001 40.5 0
2025-07-10T21:06:59.010000 54.6641 40.5 0
2025-07-10T21:07:00.010000 54.65028399999999 40.5 0
2025-07-10T21:07:01.010000 54.6484 40.5 0
2025-07-10T21:07:02.010000 54.6484 40.4775 0
2025-07-10T21:07:03.010000 54.66221600000001 40.4375 0
2025-07-10T21:07:04.010000 54.65028399999999 40.4375 0
2025-07-10T21:07:05.010000 54.66221600000001 40.4375 0
2025-07-10T21:07:06.010000 54.65028399999999 40.4375 0
2025-07-10T21:07:07.010000 54.66221600000001 40.4375 0
2025-07-10T21:07:08.010000 54.6641 40.4375 16384
2025-07-10T21:07:09.010000 54.677828 40.4375 16384
2025-07-10T21:07:10.010000 54.67970000000001 40.4375 0
2025-07-10T21:07:11.010000 54.67970000000001 40.4375 0
2025-07-10T21:07:12.011000 54.67970000000001 40.4525 0
2025-07-10T21:07:13.010000 54.67970000000001 40.5 0
2025-07-10T21:07:14.010000 54.67970000000001 40.5 0
2025-07-10T21:07:15.010000 54.67970000000001 40.455 0
2025-07-10T21:07:16.010000 54.67970000000001 40.4375 0
2025-07-10T21:07:17.010000 54.66566000000001 40.4375 0
2025-07-10T21:07:18.010000 54.678140000000006 40.4375 0
2025-07-10T21:07:19.010000 54.66566000000001 40.4375 0
2025-07-10T21:07:20.010000 54.6641 40.4375 16384
2025-07-10T21:07:21.010000 54.6641 40.4375 16384
2025-07-10T21:07:22.010000 54.6641 40.44375 16384
2025-07-10T21:07:23.010000 54.677204 40.5 0
2025-07-10T21:07:24.010000 54.666596000000006 40.5 0
2025-07-10T21:07:25.010000 54.677204 40.5 16384
2025-07-10T21:07:26.010000 54.67970000000001 40.5 16384
2025-07-10T21:07:27.010000 54.666284000000005 40.4975 16384
2025-07-10T21:07:28.010000 54.677516 40.4375 0
2025-07-10T21:07:29.010000 54.67970000000001 40.4375 0
2025-07-10T21:07:30.010000 54.67970000000001 40.46875 0
2025-07-10T21:07:31.011000 54.666284000000005 40.5 0
2025-07-10T21:07:32.010000 54.677516 40.5 0
2025-07-10T21:07:33.017000 54.67970000000001 40.44 0
2025-07-10T21:07:34.010000 54.67970000000001 40.4375 0
2025-07-10T21:07:35.010000 54.67970000000001 40.46375 0
2025-07-10T21:07:36.010000 54.689761999999995 40.5 0
2025-07-10T21:07:37.010000 54.681104 40.5 0
2025-07-10T21:07:38.010000 54.703724 40.4425 0
2025-07-10T21:07:39.010000 54.693272 40.4375 0
2025-07-10T21:07:40.010000 54.681104 40.46125 0
2025-07-10T21:07:41.010000 54.689995999999994 40.5 0
2025-07-10T21:07:42.011000 54.691399999999994 40.5 0
2025-07-10T21:07:43.015000 54.681104 40.44625 0
2025-07-10T21:07:44.010000 54.689995999999994 40.4375 0
2025-07-10T21:07:45.010000 54.705128 40.4575 0
2025-07-10T21:07:46.010000 54.693272 40.5 0
2025-07-10T21:07:47.010000 54.705128 40.5 0
2025-07-10T21:07:48.010000 54.69295999999999 40.45 16384
2025-07-10T21:07:49.010000 54.691399999999994 40.4375 16384
2025-07-10T21:07:50.010000 54.705128 40.4375 16384
2025-07-10T21:07:51.010000 54.682430000000004 40.4375 0
2025-07-10T21:07:52.010000 54.704269999999994 40.4375 0
2025-07-10T21:07:53.010000 54.69295999999999 40.4825 16384
2025-07-10T21:07:54.010000 54.691399999999994 40.5 16384
2025-07-10T21:07:55.010000 54.705439999999996 40.48875 16384
2025-07-10T21:07:56.010000 54.69295999999999 40.4375 16384
2025-07-10T21:07:57.010000 54.705439999999996 40.4375 16384
2025-07-10T21:07:58.010000 54.70700000000001 40.47875 0
2025-07-10T21:07:59.010000 54.72018800000001 40.5 0
2025-07-10T21:08:00.010000 54.709512 40.5 0
2025-07-10T21:08:01.010000 54.70700000000001 40.5 16384
2025-07-10T21:08:02.010000 54.70700000000001 40.5 16384
2025-07-10T21:08:03.010000 54.693895999999995 40.46625 0
2025-07-10T21:08:04.010000 54.681338 40.4375 0
2025-07-10T21:08:05.010000 54.67970000000001 40.4375 0
2025-07-10T21:08:06.010000 54.67970000000001 40.5 0
2025-07-10T21:08:07.010000 54.666284000000005 40.5 0
2025-07-10T21:08:08.010000 54.6641 40.47 0
2025-07-10T21:08:09.010000 54.623765999999996 40.4375 16384
2025-07-10T21:08:10.010000 54.630616 40.4375 16384
2025-07-10T21:08:11.010000 54.63279999999999 40.4375 0
2025-07-10T21:08:12.010000 54.646215999999995 40.4375 0
2025-07-10T21:08:13.010000 54.6484 40.46375 16384
2025-07-10T21:08:14.010000 54.6484 40.5 16384
2025-07-10T21:08:15.010000 54.66221600000001 40.5 16384
2025-07-10T21:08:16.011000 54.65028399999999 40.5 0
2025-07-10T21:08:17.010000 54.6484 40.5 0
2025-07-10T21:08:18.010000 54.6484 40.5 0
2025-07-10T21:08:19.010000 54.66221600000001 40.5 0
2025-07-10T21:08:20.010000 54.65028399999999 40.5 0
2025-07-10T21:08:21.010000 54.66221600000001 40.44875 0
2025-07-10T21:08:22.012000 54.65036249999999 40.4375 0
2025-07-10T21:08:23.011000 54.66217755102042 40.4375 0
2025-07-10T21:08:24.010000 54.65028399999999 40.4375 0
2025-07-10T21:08:25.010000 54.662530000000004 40.4375 0
2025-07-10T21:08:26.010000 54.649969999999996 40.4375 16384
2025-07-10T21:08:27.010000 54.6484 40.4375 16384
2025-07-10T21:08:28.010000 54.662530000000004 40.4525 16384
2025-07-10T21:08:29.011000 54.649969999999996 40.5 16384
2025-07-10T21:08:30.010000 54.6484 40.5 16384
2025-07-10T21:08:31.010000 54.6484 40.5 16384
2025-07-10T21:08:32.010000 54.662530000000004 40.5 0
2025-07-10T21:08:33.010000 54.678140000000006 40.5 0
2025-07-10T21:08:34.010000 54.65153 40.5 0
2025-07-10T21:08:35.010000 54.662530000000004 40.5 0
2025-07-10T21:08:36.010000 54.6641 40.45875 0
2025-07-10T21:08:37.010000 54.6641 40.4375 0
2025-07-10T21:08:38.010000 54.6641 40.4375 0
2025-07-10T21:08:39.010000 54.65096326530611 40.4375 0
2025-07-10T21:08:40.010000 54.66158800000001 40.4375 0
2025-07-10T21:08:41.010000 54.6641 40.4375 0
2025-07-10T21:08:42.010000 54.6641 40.4375 0
2025-07-10T21:08:43.010000 54.6641 40.44 0
2025-07-10T21:08:44.010000 54.677516 40.5 0
2025-07-10T21:08:45.010000 54.67970000000001 40.5 0
2025-07-10T21:08:46.010000 54.666284000000005 40.46875 0
2025-07-10T21:08:47.010000 54.677516 40.4375 0
2025-07-10T21:08:48.010000 54.666284000000005 40.4375 0
2025-07-10T21:08:49.010000 54.6641 40.4375 0
2025-07-10T21:08:50.010000 54.6641 40.4375 0
2025-07-10T21:08:51.010000 54.677828 40.4375 16384
2025-07-10T21:08:52.010000 54.67970000000001 40.4375 16384
2025-07-10T21:08:53.010000 54.665972000000004 40.4375 16384
2025-07-10T21:08:54.010000 54.6641 40.49125 16384
2025-07-10T21:08:55.010000 54.6641 40.5 16384
2025-07-10T21:08:56.010000 54.6641 40.5 16384
2025-07-10T21:08:57.010000 54.6641 40.5 16384
2025-07-10T21:08:58.010000 54.6641 40.5 16384
2025-07-10T21:08:59.010000 54.6641 40.5 0
2025-07-10T21:09:00.010000 54.6641 40.5 0
2025-07-10T21:09:01.010000 54.649969999999996 40.5 0
2025-07-10T21:09:02.010000 54.662530000000004 40.5 0
2025-07-10T21:09:03.010000 54.678140000000006 40.5 0
2025-07-10T21:09:04.010000 54.67970000000001 40.5 0
2025-07-10T21:09:05.010000 54.66566000000001 40.5 0
2025-07-10T21:09:06.010000 54.678075 40.5 0
2025-07-10T21:09:07.010000 54.67970000000001 40.5 0
2025-07-10T21:09:08.010000 54.67970000000001 40.5 0
2025-07-10T21:09:09.010000 54.66566000000001 40.5 0
2025-07-10T21:09:10.010000 54.6641 40.5 0
2025-07-10T21:09:11.010000 54.678452 40.5 0
2025-07-10T21:09:12.010000 54.665348 40.5 0
2025-07-10T21:09:13.010000 54.6784 40.5 0
2025-07-10T21:09:14.010000 54.66537346938776 40.4655612244898 0
2025-07-10T21:09:15.011000 54.6641 40.4375 0
2025-07-10T21:09:16.010000 54.6641 40.4375 0
2025-07-10T21:09:17.010000 54.6641 40.4375 0
2025-07-10T21:09:18.010000 54.6641 40.4375 0
2025-07-10T21:09:19.010000 54.6641 40.4375 0
2025-07-10T21:09:20.014000 54.65059799999999 40.4375 0
2025-07-10T21:09:21.010000 54.634984 40.4375 0
2025-07-10T21:09:22.010000 54.646215999999995 40.49625 0
2025-07-10T21:09:23.010000 54.634984 40.5 0
2025-07-10T21:09:24.010000 54.63279999999999 40.475 16384
2025-07-10T21:09:25.010000 54.646215999999995 40.4375 16384
2025-07-10T21:09:26.010000 54.6484 40.4375 16384
2025-07-10T21:09:27.010000 54.6484 40.4375 0
2025-07-10T21:09:28.010000 54.634672 40.4375 0
2025-07-10T21:09:29.010000 54.646527999999996 40.4575 0
2025-07-10T21:09:30.010000 54.634672 40.5 0
2025-07-10T21:09:31.010000 54.660344 40.5 0
2025-07-10T21:09:32.010000 54.65028399999999 40.5 0
2025-07-10T21:09:33.010000 54.6484 40.5 0
2025-07-10T21:09:34.010000 54.6484 40.483072916666664 0
2025-07-10T21:09:35.008000 54.661945098039226 40.4375 0
2025-07-10T21:09:36.010000 54.65028399999999 40.4375 0
2025-07-10T21:09:37.010000 54.634672 40.4375 0
2025-07-10T21:09:38.010000 54.63279999999999 40.4375 0
2025-07-10T21:09:39.011000 54.60472 40.45 0
2025-07-10T21:09:40.010000 54.6016 40.5 0
2025-07-10T21:09:41.010000 54.6016 40.5 0
2025-07-10T21:09:42.010000 54.6016 40.4575 16384
2025-07-10T21:09:43.010000 54.57342999999999 40.4375 16384
2025-07-10T21:09:44.010000 54.57029999999999 40.4375 16384
2025-07-10T21:09:45.010000 54.57029999999999 40.4375 0
2025-07-10T21:09:46.010000 54.58433999999999 40.4375 0
2025-07-10T21:09:47.010000 54.5859 40.47625 0
2025-07-10T21:09:48.010000 54.571859999999994 40.5 0
2025-07-10T21:09:49.010000 54.584652 40.5 0
2025-07-10T21:09:50.010000 54.60034400000001 40.5 16384
2025-07-10T21:09:51.010000 54.6016 40.5 16384
2025-07-10T21:09:52.010000 54.58715599999999 40.46625 16384
2025-07-10T21:09:53.010000 54.5859 40.4375 0
2025-07-10T21:09:54.010000 54.59940200000001 40.4375 0
2025-07-10T21:09:55.010000 54.6016 40.4975 0
2025-07-10T21:09:56.010000 54.6016 40.5 0
2025-07-10T21:09:57.010000 54.6016 40.5 0
2025-07-10T21:09:58.010000 54.58809799999999 40.5 0
2025-07-10T21:09:59.010000 54.59940200000001 40.5 0
2025-07-10T21:10:00.010000 54.615016 40.445 0
2025-07-10T21:10:01.010000 54.60382857142858 40.4375 0
2025-07-10T21:10:02.010000 54.6016 40.4375 0
2025-07-10T21:10:03.010000 54.58809799999999 40.4375 0
2025-07-10T21:10:04.010000 54.59971600000001 40.4375 0
2025-07-10T21:10:05.010000 54.58778399999999 40.4375 0
2025-07-10T21:10:06.010000 54.59971600000001 40.4375 0
2025-07-10T21:10:07.010000 54.6016 40.4375 0
2025-07-10T21:10:08.010000 54.6016 40.4375 16384
2025-07-10T21:10:09.010000 54.6016 40.4375 16384
2025-07-10T21:10:10.010000 54.58778399999999 40.4375 16384
2025-07-10T21:10:11.010000 54.59971600000001 40.4375 16384
2025-07-10T21:10:12.010000 54.615289795918365 40.45025510204081 16384
2025-07-10T21:10:13.010000 54.617200000000004 40.5 0
2025-07-10T21:10:14.010000 54.60316000000001 40.5 0
2025-07-10T21:10:15.010000 54.6016 40.5 0
2025-07-10T21:10:16.010000 54.629679999999986 40.5 0
2025-07-10T21:10:17.010000 54.60472 40.4925 0
2025-07-10T21:10:18.010000 54.629679999999986 40.4375 0
2025-07-10T21:10:19.010000 54.61876 40.4375 0
2025-07-10T21:10:20.010000 54.63124 40.4375 0
2025-07-10T21:10:21.010000 54.61876 40.4375 0
2025-07-10T21:10:22.010000 54.63124 40.4375 0
2025-07-10T21:10:23.011000 54.61876 40.4375 0
2025-07-10T21:10:24.010000 54.63124 40.4375 0
2025-07-10T21:10:25.010000 54.61876 40.4375 16384
2025-07-10T21:10:26.010000 54.63155199999999 40.4375 16384
2025-07-10T21:10:27.010000 54.61844800000001 40.4375 16384
2025-07-10T21:10:28.010000 54.63155199999999 40.4375 16384
2025-07-10T21:10:29.010000 54.63279999999999 40.4375 16384
2025-07-10T21:10:30.010000 54.63279999999999 40.465 16384
2025-07-10T21:10:31.010000 54.63279999999999 40.5 16384
2025-07-10T21:10:32.010000 54.63279999999999 40.5 16384
2025-07-10T21:10:33.010000 54.619384 40.5 0
2025-07-10T21:10:34.010000 54.630616 40.5 0
2025-07-10T21:10:35.010000 54.646215999999995 40.5 0
2025-07-10T21:10:36.010000 54.634984 40.5 0
2025-07-10T21:10:37.010000 54.646215999999995 40.5 0
2025-07-10T21:10:38.010000 54.66190200000001 40.44625 0
2025-07-10T21:10:39.010000 54.65059799999999 40.4375 0
2025-07-10T21:10:40.010000 54.634672 40.4575 0
2025-07-10T21:10:41.010000 54.63279999999999 40.5 0
2025-07-10T21:10:42.010000 54.646527999999996 40.5 0
2025-07-10T21:10:43.010000 54.62094400000001 40.45 16384
2025-07-10T21:10:44.010000 54.630928000000004 40.4375 16384
2025-07-10T21:10:45.010000 54.63279999999999 40.454081632653065 16384
2025-07-10T21:10:46.010000 54.63279999999999 40.5 0
2025-07-10T21:10:47.010000 54.63279999999999 40.5 0
2025-07-10T21:10:48.010000 54.63279999999999 40.5 0
2025-07-10T21:10:49.010000 54.63279999999999 40.5 0
2025-07-10T21:10:50.010000 54.64683999999999 40.48875 0
2025-07-10T21:10:51.010000 54.634359999999994 40.4375 0
2025-07-10T21:10:52.010000 54.64683999999999 40.4375 0
2025-07-10T21:10:53.010000 54.634359999999994 40.4375 0
2025-07-10T21:10:54.010000 54.64683999999999 40.4375 0
2025-07-10T21:10:55.010000 54.6484 40.44375 0
2025-07-10T21:10:56.010000 54.6484 40.5 16384
2025-07-10T21:10:57.010000 54.6484 40.5 16384
2025-07-10T21:10:58.010000 54.662530000000004 40.5 16384
2025-07-10T21:10:59.010000 54.649969999999996 40.5 0
2025-07-10T21:11:00.010000 54.6484 40.5 0
2025-07-10T21:11:01.010000 54.634048 40.5 0
2025-07-10T21:11:02.010000 54.61844800000001 40.5 0
2025-07-10T21:11:03.010000 54.61720000000001 40.47125 0
2025-07-10T21:11:04.010000 54.61720000000001 40.4375 0
2025-07-10T21:11:05.010000 54.61720000000001 40.4375 0
2025-07-10T21:11:06.010000 54.588404 40.49625 0
2025-07-10T21:11:07.010000 54.614696 40.5 0
2025-07-10T21:11:08.010000 54.602848 40.5 16384
2025-07-10T21:11:09.010000 54.615016 40.5 16384
2025-07-10T21:11:10.010000 54.61720000000001 40.5 16384
2025-07-10T21:11:11.013000 54.603784000000005 40.5 0
2025-07-10T21:11:12.010000 54.615016 40.5 0
2025-07-10T21:11:13.010000 54.590281999999995 40.5 0
2025-07-10T21:11:14.010000 54.562422000000005 40.5 0
2025-07-10T21:11:15.010000 54.558600000000006 40.5 0
2025-07-10T21:11:16.010000 54.568662 40.5 0
2025-07-10T21:11:17.010000 54.58398979591836 40.5 0
2025-07-10T21:11:18.010000 54.5859 40.485677083333336 0
2025-07-10T21:11:19.010000 54.5859 40.4375 0
2025-07-10T21:11:20.010000 54.572172 40.4375 0
2025-07-10T21:11:21.010000 54.57029999999999 40.47875 0
2025-07-10T21:11:22.010000 54.560004000000006 40.5 0
2025-07-10T21:11:23.010000 54.558600000000006 40.5 0
2025-07-10T21:11:24.010000 54.558600000000006 40.5 16384
2025-07-10T21:11:25.010000 54.558600000000006 40.5 16384
2025-07-10T21:11:26.010000 54.558600000000006 40.5 16384
2025-07-10T21:11:27.010000 54.58316999999999 40.5 0
2025-07-10T21:11:28.010000 54.571859999999994 40.5 0
2025-07-10T21:11:29.010000 54.57029999999999 40.5 0
2025-07-10T21:11:30.010000 54.55977000000001 40.5 0
2025-07-10T21:11:31.010000 54.56913 40.5 0
2025-07-10T21:11:32.010000 54.57029999999999 40.5 0
2025-07-10T21:11:33.014000 54.58433999999999 40.5 0
2025-07-10T21:11:34.010000 54.5859 40.5 0
2025-07-10T21:11:35.011000 54.571859999999994 40.5 0
2025-07-10T21:11:36.010000 54.58433999999999 40.5 0
2025-07-10T21:11:37.010000 54.5859 40.5 0
2025-07-10T21:11:38.010000 54.5859 40.5 0
2025-07-10T21:11:39.010000 54.571548 40.5 0
2025-07-10T21:11:40.010000 54.59847 40.5 0
2025-07-10T21:11:41.010000 54.58715599999999 40.5 0
2025-07-10T21:11:42.010000 54.60034400000001 40.5 0
2025-07-10T21:11:43.010000 54.6016 40.5 0
2025-07-10T21:11:44.031000 54.58690212765957 40.44547872340426 0
2025-07-10T21:11:45.010000 54.5859 40.4375 0
2025-07-10T21:11:46.010000 54.571548 40.4575 0
2025-07-10T21:11:47.010000 54.597218000000005 40.5 0
2025-07-10T21:11:48.010000 54.58809799999999 40.5 0
2025-07-10T21:11:49.010000 54.5859 40.45 16384
2025-07-10T21:11:50.010000 54.59940200000001 40.4375 16384
2025-07-10T21:11:51.010000 54.6016 40.4375 16384
2025-07-10T21:11:52.010000 54.58809799999999 40.4375 0
2025-07-10T21:11:53.010000 54.5859 40.4375 0
2025-07-10T21:11:54.026000 54.59971600000001 40.48125 16384
2025-07-10T21:11:55.010000 54.6016 40.5 16384
2025-07-10T21:11:56.010000 54.58778399999999 40.49 16384
2025-07-10T21:11:57.010000 54.572172 40.4375 0
2025-07-10T21:11:58.010000 54.584027999999996 40.4375 0
2025-07-10T21:11:59.010000 54.5859 40.4775 0
2025-07-10T21:12:00.010000 54.5859 40.5 0
2025-07-10T21:12:01.010000 54.572172 40.49375 0
2025-07-10T21:12:02.010000 54.597844 40.4375 16384
2025-07-10T21:12:03.010000 54.57405599999999 40.4375 16384
2025-07-10T21:12:04.010000 54.58433999999999 40.4375 0
2025-07-10T21:12:05.010000 54.5859 40.4375 0
2025-07-10T21:12:06.010000 54.5859 40.44125 0
2025-07-10T21:12:07.013000 54.5859 40.5 0
2025-07-10T21:12:08.010000 54.600030000000004 40.5 0
2025-07-10T21:12:09.010000 54.587469999999996 40.4675 16384
2025-07-10T21:12:10.010000 54.5859 40.4375 16384
2025-07-10T21:12:11.010000 54.5859 40.4375 16384
2025-07-10T21:12:12.010000 54.5859 40.4375 0
2025-07-10T21:12:13.010000 54.571859999999994 40.4375 0
2025-07-10T21:12:14.010000 54.58433999999999 40.46625 0
2025-07-10T21:12:15.010000 54.5859 40.5 0
2025-07-10T21:12:16.010000 54.560784000000005 40.5 0
2025-07-10T21:12:17.010000 54.56936400000001 40.4425 16384
2025-07-10T21:12:18.010000 54.57029999999999 40.4375 16384
2025-07-10T21:12:19.010000 54.584652 40.4375 0
2025-07-10T21:12:20.010000 54.571548 40.4375 0
2025-07-10T21:12:21.010000 54.55953600000001 40.4375 0
2025-07-10T21:12:22.010000 54.558600000000006 40.49125 0
2025-07-10T21:12:23.010000 54.558600000000006 40.5 0
2025-07-10T21:12:24.010000 54.558600000000006 40.48 0
2025-07-10T21:12:25.010000 54.558600000000006 40.4375 0
2025-07-10T21:12:26.010000 54.545496 40.4375 0
2025-07-10T21:12:27.010000 54.54299999999999 40.4375 0
2025-07-10T21:12:28.010000 54.529498 40.4375 0
2025-07-10T21:12:29.010000 54.513884 40.4375 0
2025-07-10T21:12:30.010000 54.525116 40.4375 0
2025-07-10T21:12:31.010000 54.52729999999999 40.4375 0
2025-07-10T21:12:32.010000 54.52729999999999 40.4375 0
2025-07-10T21:12:33.010000 54.541116 40.4375 0
2025-07-10T21:12:34.010000 54.556728 40.4375 0
2025-07-10T21:12:35.010000 54.531056 40.4375 16384
2025-07-10T21:12:36.010000 54.554844 40.4375 16384
2025-07-10T21:12:37.010000 54.544872 40.4375 16384
2025-07-10T21:12:38.011000 54.52918399999999 40.4375 16384
2025-07-10T21:12:39.010000 54.541116 40.44375 16384
2025-07-10T21:12:40.010000 54.52918399999999 40.5 0
2025-07-10T21:12:41.010000 54.541116 40.5 0
2025-07-10T21:12:42.010000 54.54299999999999 40.5 0
2025-07-10T21:12:43.010000 54.54299999999999 40.5 0
2025-07-10T21:12:44.010000 54.52886999999999 40.5 0
2025-07-10T21:12:45.010000 54.52729999999999 40.4375 0
2025-07-10T21:12:46.010000 54.52729999999999 40.4375 0
2025-07-10T21:12:47.010000 54.52729999999999 40.4375 0
2025-07-10T21:12:48.010000 54.51326 40.4375 0
2025-07-10T21:12:49.010000 54.5117 40.4375 0
2025-07-10T21:12:50.010000 54.49766 40.4375 16384
2025-07-10T21:12:51.010000 54.496100000000006 40.4375 16384
2025-07-10T21:12:52.010000 54.51014 40.4375 16384
2025-07-10T21:12:53.010000 54.5117 40.4375 0
2025-07-10T21:12:54.010000 54.5117 40.4375 0
2025-07-10T21:12:55.010000 54.5117 40.4925 0
2025-07-10T21:12:56.010000 54.497348 40.5 0
2025-07-10T21:12:57.010000 54.496100000000006 40.48 0
2025-07-10T21:12:58.010000 54.539248 40.4375 0
2025-07-10T21:12:59.010000 54.514204 40.4375 0
2025-07-10T21:13:00.010000 54.497348 40.4375 0
2025-07-10T21:13:01.010000 54.51045200000001 40.4375 0
2025-07-10T21:13:02.010000 54.46855199999999 40.4375 0
2025-07-10T21:13:03.010000 54.493596 40.4375 0
2025-07-10T21:13:04.010000 54.459120000000006 40.4375 0
2025-07-10T21:13:05.010000 54.45309999999999 40.4375 0
2025-07-10T21:13:06.010000 54.45309999999999 40.4375 0
2025-07-10T21:13:07.010000 54.45309999999999 40.4375 0
2025-07-10T21:13:08.010000 54.463162000000004 40.4375 0
2025-07-10T21:13:09.010000 54.478302000000006 40.4375 0
2025-07-10T21:13:10.010000 54.46668399999999 40.4375 0
2025-07-10T21:13:11.010000 54.440776 40.4375 0
2025-07-10T21:13:12.010000 54.42377199999999 40.4375 0
2025-07-10T21:13:13.010000 54.435627999999994 40.4375 16384
2025-07-10T21:13:14.010000 54.45122800000001 40.4375 16384
2025-07-10T21:13:15.010000 54.439372000000006 40.4375 16384
2025-07-10T21:13:16.010000 54.42377199999999 40.4375 0
2025-07-10T21:13:17.010000 54.43555 40.438802083333336 0
2025-07-10T21:13:18.010000 54.461457142857135 40.5 0
2025-07-10T21:13:19.010000 54.440776 40.5 0
2025-07-10T21:13:20.010000 54.46152399999999 40.46875 0
2025-07-10T21:13:21.010000 54.46479999999999 40.4375 0
2025-07-10T21:13:22.010000 54.47893 40.4375 0
2025-07-10T21:13:23.010000 54.46636999999999 40.4375 0
2025-07-10T21:13:24.010000 54.46479999999999 40.4375 0
2025-07-10T21:13:25.010000 54.454269999999994 40.4375 0
2025-07-10T21:13:26.010000 54.45309999999999 40.4375 16384
2025-07-10T21:13:27.010000 54.43906 40.4375 16384
2025-07-10T21:13:28.010000 54.46206999999998 40.4375 0
2025-07-10T21:13:29.010000 54.454269999999994 40.4375 0
2025-07-10T21:13:30.010000 54.45309999999999 40.45625 0
2025-07-10T21:13:31.010000 54.45309999999999 40.5 16384
2025-07-10T21:13:32.010000 54.424395999999994 40.5 16384
2025-07-10T21:13:33.010000 54.42190000000001 40.45125 0
2025-07-10T21:13:34.010000 54.450604000000006 40.4375 0
2025-07-10T21:13:35.010000 54.45309999999999 40.45375 0
2025-07-10T21:13:36.010000 54.424395999999994 40.5 0
2025-07-10T21:13:37.010000 54.436252 40.5 0
2025-07-10T21:13:38.010000 54.4375 40.45375 16384
2025-07-10T21:13:39.010000 54.4375 40.4375 16384
2025-07-10T21:13:40.010000 54.45182653061225 40.4375 16384
2025-07-10T21:13:41.010000 54.438748 40.4375 0
2025-07-10T21:13:42.010000 54.461457142857135 40.4375 0
2025-07-10T21:13:43.010000 54.454738 40.4775 0
2025-07-10T21:13:44.010000 54.463162000000004 40.5 16384
2025-07-10T21:13:45.010000 54.46479999999999 40.49375 16384
2025-07-10T21:13:46.010000 54.46479999999999 40.4375 0
2025-07-10T21:13:47.010000 54.454738 40.4375 0
2025-07-10T21:13:48.010000 54.463395999999996 40.47125 0
2025-07-10T21:13:49.010000 54.46479999999999 40.5 0
2025-07-10T21:13:50.010000 54.454504 40.5 0
2025-07-10T21:13:51.010000 54.463395999999996 40.4375 0
2025-07-10T21:13:52.010000 54.46479999999999 40.4375 0
2025-07-10T21:13:53.011000 54.46479999999999 40.4375 0
2025-07-10T21:13:54.010000 54.478616 40.4375 0
2025-07-10T21:13:55.010000 54.46668399999999 40.4375 0
2025-07-10T21:13:56.010000 54.478616 40.4375 0
2025-07-10T21:13:57.010000 54.48049999999999 40.4375 0
2025-07-10T21:13:58.010000 54.48049999999999 40.4375 0
2025-07-10T21:13:59.010000 54.49454000000001 40.4375 16384
2025-07-10T21:14:00.010000 54.496100000000006 40.4375 16384
2025-07-10T21:14:01.010000 54.482060000000004 40.4375 0
2025-07-10T21:14:02.010000 54.50858 40.4375 0
2025-07-10T21:14:03.010000 54.469489999999986 40.455 0
2025-07-10T21:14:04.014000 54.49297000000001 40.5 16384
2025-07-10T21:14:05.010000 54.496100000000006 40.5 16384
2025-07-10T21:14:06.010000 54.496100000000006 40.4525 0
2025-07-10T21:14:07.011000 54.467929999999996 40.4375 0
2025-07-10T21:14:08.010000 54.47893 40.45125 0
2025-07-10T21:14:09.010000 54.48049999999999 40.5 0
2025-07-10T21:14:10.010000 54.48049999999999 40.5 0
2025-07-10T21:14:11.010000 54.48049999999999 40.45625 0
2025-07-10T21:14:12.010000 54.49485200000001 40.4375 0
2025-07-10T21:14:13.010000 54.496100000000006 40.4375 0
2025-07-10T21:14:14.010000 54.496100000000006 40.4375 0
2025-07-10T21:14:15.010000 54.496100000000006 40.4375 0
2025-07-10T21:14:16.010000 54.496100000000006 40.4375 0
2025-07-10T21:14:17.010000 54.496100000000006 40.4375 16384
2025-07-10T21:14:18.010000 54.496100000000006 40.4375 16384
2025-07-10T21:14:19.010000 54.496100000000006 40.4375 16384
2025-07-10T21:14:20.010000 54.496100000000006 40.4375 16384
2025-07-10T21:14:21.010000 54.522932 40.46875 16384
2025-07-10T21:14:22.010000 54.513884 40.5 0
2025-07-10T21:14:23.010000 54.5117 40.5 0
2025-07-10T21:14:24.011000 54.5117 40.5 0
2025-07-10T21:14:25.010000 54.5117 40.5 0
2025-07-10T21:14:26.010000 54.5117 40.4725 0
2025-07-10T21:14:27.010000 54.52542799999999 40.4375 0
2025-07-10T21:14:28.010000 54.52729999999999 40.4375 0
2025-07-10T21:14:29.010000 54.541116 40.4375 0
2025-07-10T21:14:30.010000 54.52918399999999 40.4375 0
2025-07-10T21:14:31.010000 54.52729999999999 40.4375 0
2025-07-10T21:14:32.010000 54.513572 40.4375 16384
2025-07-10T21:14:33.010000 54.49801020408164 40.4375 16384
2025-07-10T21:14:34.010000 54.496100000000006 40.4375 0
2025-07-10T21:14:35.010000 54.509828 40.4375 0
2025-07-10T21:14:36.010000 54.5117 40.455 0
2025-07-10T21:14:37.010000 54.525739999999985 40.5 0
2025-07-10T21:14:38.010000 54.51326 40.5 0
2025-07-10T21:14:39.010000 54.5117 40.455 0
2025-07-10T21:14:40.010000 54.5117 40.4375 0
2025-07-10T21:14:41.010000 54.525675 40.4375 0
2025-07-10T21:14:42.010000 54.51326 40.4375 0
2025-07-10T21:14:43.010000 54.525739999999985 40.4375 0
2025-07-10T21:14:44.010000 54.52729999999999 40.4375 0
2025-07-10T21:14:45.010000 54.52729999999999 40.4375 0
2025-07-10T21:14:46.010000 54.52729999999999 40.44375 0
2025-07-10T21:14:47.010000 54.54143 40.5 0
2025-07-10T21:14:48.010000 54.52855599999999 40.5 0
2025-07-10T21:14:49.010000 54.512947999999994 40.465 0
2025-07-10T21:14:50.010000 54.540496000000005 40.4375 0
2025-07-10T21:14:51.010000 54.54299999999999 40.4375 0
2025-07-10T21:14:52.010000 54.52855599999999 40.4375 0
2025-07-10T21:14:53.010000 54.541744 40.4375 0
2025-07-10T21:14:54.010000 54.55735200000001 40.4375 0
2025-07-10T21:14:55.010000 54.558600000000006 40.4375 0
2025-07-10T21:14:56.010000 54.544247999999996 40.4375 0
2025-07-10T21:14:57.010000 54.54299999999999 40.4375 0
2025-07-10T21:14:58.012000 54.556416000000006 40.4375 0
2025-07-10T21:14:59.010000 54.558600000000006 40.4375 0
2025-07-10T21:15:00.010000 54.558600000000006 40.4375 0
2025-07-10T21:15:01.010000 54.558600000000006 40.4375 0
2025-07-10T21:15:02.010000 54.531682 40.4375 0
2025-07-10T21:15:03.010000 54.541116 40.4375 0
2025-07-10T21:15:04.010000 54.556728 40.4375 0
2025-07-10T21:15:05.010000 54.558600000000006 40.4375 0
2025-07-10T21:15:06.010000 54.558600000000006 40.4375 0
2025-07-10T21:15:07.010000 54.568896 40.4375 0
2025-07-10T21:15:08.010000 54.57029999999999 40.4375 0
2025-07-10T21:15:09.010000 54.57029999999999 40.4375 0
2025-07-10T21:15:10.010000 54.57029999999999 40.4375 0
2025-07-10T21:15:11.010000 54.546276 40.4375 0
2025-07-10T21:15:12.010000 54.567569999999996 40.4375 0
2025-07-10T21:15:13.010000 54.560004000000006 40.4375 0
2025-07-10T21:15:14.010000 54.56913 40.4375 0
2025-07-10T21:15:15.010000 54.55977000000001 40.4375 0
2025-07-10T21:15:16.010000 54.56913 40.4375 0
2025-07-10T21:15:17.010000 54.55979387755102 40.4375 0
2025-07-10T21:15:18.010000 54.544624999999996 40.4375 0
2025-07-10T21:15:19.010000 54.567569999999996 40.4375 0
2025-07-10T21:15:20.010000 54.55977000000001 40.4375 0
2025-07-10T21:15:21.010000 54.56913 40.4375 0
2025-07-10T21:15:22.010000 54.57029999999999 40.4375 0
2025-07-10T21:15:23.010000 54.55953600000001 40.4375 0
2025-07-10T21:15:24.010000 54.56936400000001 40.4375 0
2025-07-10T21:15:25.010000 54.55953600000001 40.4375 0
2025-07-10T21:15:26.010000 54.558600000000006 40.4375 0
2025-07-10T21:15:27.010000 54.558600000000006 40.4375 0
2025-07-10T21:15:28.010000 54.558600000000006 40.4375 16384
2025-07-10T21:15:29.010000 54.558600000000006 40.4375 16384
2025-07-10T21:15:30.011000 54.558600000000006 40.4375 0
2025-07-10T21:15:31.010000 54.558600000000006 40.4375 0
2025-07-10T21:15:32.010000 54.569598 40.455 0
2025-07-10T21:15:33.010000 54.55953600000001 40.5 0
2025-07-10T21:15:34.010000 54.558600000000006 40.5 0
2025-07-10T21:15:35.010000 54.558600000000006 40.4525 0
2025-07-10T21:15:36.010000 54.568662 40.4375 0
2025-07-10T21:15:37.010000 54.546822 40.4375 0
2025-07-10T21:15:38.010000 54.556416000000006 40.4375 0
2025-07-10T21:15:39.010000 54.558600000000006 40.4375 0
2025-07-10T21:15:40.010000 54.558600000000006 40.4375 0
2025-07-10T21:15:41.010000 54.544872 40.4375 0
2025-07-10T21:15:42.010000 54.556728 40.44625 0
2025-07-10T21:15:43.010000 54.544872 40.5 0
2025-07-10T21:15:44.010000 54.543 40.5 0
2025-07-10T21:15:45.013000 54.52918399999999 40.4625 16384
2025-07-10T21:15:46.010000 54.52729999999999 40.4375 16384
2025-07-10T21:15:47.010000 54.541116 40.4375 16384
2025-07-10T21:15:48.010000 54.556728 40.4375 0
2025-07-10T21:15:49.010000 54.530429999999996 40.4375 0
2025-07-10T21:15:50.010000 54.55547000000001 40.46875 0
2025-07-10T21:15:51.010000 54.558600000000006 40.5 0
2025-07-10T21:15:52.010000 54.558600000000006 40.5 0
2025-07-10T21:15:53.010000 54.544560000000004 40.43875 0
2025-07-10T21:15:54.010000 54.54299999999999 40.4375 0
2025-07-10T21:15:55.010000 54.52886999999999 40.4375 0
2025-07-10T21:15:56.010000 54.54143 40.4375 0
2025-07-10T21:15:57.031000 54.54299999999999 40.4375 0
2025-07-10T21:15:58.010000 54.55704000000001 40.4375 16384
2025-07-10T21:15:59.011000 54.558600000000006 40.4375 16384
2025-07-10T21:16:00.010000 54.558600000000006 40.4375 16384
2025-07-10T21:16:01.010000 54.544247999999996 40.4375 0
2025-07-10T21:16:02.023000 54.54299999999999 40.4375 0
2025-07-10T21:16:03.010000 54.54299999999999 40.4875 0
2025-07-10T21:16:04.010000 54.55735200000001 40.5 0
2025-07-10T21:16:05.010000 54.544247999999996 40.4825 0
2025-07-10T21:16:06.010000 54.56811599999999 40.4375 0
2025-07-10T21:16:07.010000 54.545184 40.4375 0
2025-07-10T21:16:08.010000 54.55735200000001 40.4375 0
2025-07-10T21:16:09.010000 54.544247999999996 40.4375 0
2025-07-10T21:16:10.010000 54.557664 40.4375 0
2025-07-10T21:16:11.010000 54.558600000000006 40.4375 0
2025-07-10T21:16:12.010000 54.543935999999995 40.4375 0
2025-07-10T21:16:13.010000 54.51361632653061 40.4375 0
2025-07-10T21:16:14.010000 54.5117 40.4375 0
2025-07-10T21:16:15.010000 54.525116 40.4375 0
2025-07-10T21:16:16.010000 54.555406122448986 40.4375 0
2025-07-10T21:16:17.010000 54.531056 40.4375 0
2025-07-10T21:16:18.010000 54.554844 40.4375 0
2025-07-10T21:16:19.010000 54.531056 40.4375 0
2025-07-10T21:16:20.010000 54.52729999999999 40.4375 0
2025-07-10T21:16:21.010000 54.541116 40.4375 0
2025-07-10T21:16:22.010000 54.52918399999999 40.4375 0
2025-07-10T21:16:23.010000 54.52729999999999 40.4375 0
2025-07-10T21:16:24.010000 54.541116 40.4375 0
2025-07-10T21:16:25.010000 54.52886999999999 40.4375 0
2025-07-10T21:16:26.010000 54.499350000000014 40.4375 16384
2025-07-10T21:16:27.010000 54.467993877551024 40.4375 16384
2025-07-10T21:16:28.010000 54.46479999999999 40.4375 16384
2025-07-10T21:16:29.010000 54.46479999999999 40.4375 0
2025-07-10T21:16:30.010000 54.49297000000001 40.4375 0
2025-07-10T21:16:31.010000 54.496100000000006 40.4875 0
2025-07-10T21:16:32.010000 54.482060000000004 40.5 0
2025-07-10T21:16:33.010000 54.46636999999999 40.48375 0
2025-07-10T21:16:34.010000 54.47893 40.4375 0
2025-07-10T21:16:35.010000 54.46636999999999 40.4375 0
2025-07-10T21:16:36.010000 54.47893 40.4375 0
2025-07-10T21:16:37.010000 54.45529199999999 40.4375 0
2025-07-10T21:16:38.010000 54.45309999999999 40.4375 0
2025-07-10T21:16:39.011000 54.45309999999999 40.4375 0
2025-07-10T21:16:40.010000 54.438748 40.4375 0
2025-07-10T21:16:41.010000 54.423148 40.4375 0
2025-07-10T21:16:42.010000 54.42190000000001 40.4375 0
2025-07-10T21:16:43.010000 54.407456 40.4375 0
2025-07-10T21:16:44.010000 54.39184799999999 40.4375 0
2025-07-10T21:16:45.010000 54.39059999999999 40.4375 0
2025-07-10T21:16:46.010000 54.375936 40.4375 0
2025-07-10T21:16:47.010000 54.389663999999996 40.4375 0
2025-07-10T21:16:48.010000 54.375936 40.4375 0
2025-07-10T21:16:49.010000 54.360336000000004 40.4375 0
2025-07-10T21:16:50.010000 54.374064 40.4375 0
2025-07-10T21:16:51.010000 54.375 40.4375 0
2025-07-10T21:16:52.010000 54.375 40.4375 0
2025-07-10T21:16:53.010000 54.36127199999999 40.4375 0
2025-07-10T21:16:54.010000 54.373127999999994 40.4375 0
2025-07-10T21:16:55.010000 54.375 40.4375 0
2025-07-10T21:16:56.010000 54.375 40.4375 0
2025-07-10T21:16:57.010000 54.36127199999999 40.4375 0
2025-07-10T21:16:58.010000 54.373127999999994 40.4375 0
2025-07-10T21:16:59.010000 54.36127199999999 40.4375 0
2025-07-10T21:17:00.010000 54.35940000000001 40.4375 0
2025-07-10T21:17:01.010000 54.35940000000001 40.4375 0
2025-07-10T21:17:02.010000 54.35940000000001 40.4375 0
2025-07-10T21:17:03.010000 54.37344 40.4375 0
2025-07-10T21:17:04.010000 54.375 40.4375 0
2025-07-10T21:17:05.010000 54.36096 40.4375 0
2025-07-10T21:17:06.010000 54.348870000000005 40.4375 0
2025-07-10T21:17:07.010000 54.358230000000006 40.4375 0
2025-07-10T21:17:08.010000 54.37344 40.4375 0
2025-07-10T21:17:09.010000 54.375 40.4375 16384
2025-07-10T21:17:10.010000 54.38904 40.4375 16384
2025-07-10T21:17:11.010000 54.39059999999999 40.4375 16384
2025-07-10T21:17:12.010000 54.39059999999999 40.4375 0
2025-07-10T21:17:13.010000 54.376248 40.4375 0
2025-07-10T21:17:14.010000 54.389352 40.47875 0
2025-07-10T21:17:15.010000 54.404952 40.5 0
2025-07-10T21:17:16.010000 54.406200000000005 40.4925 0
2025-07-10T21:17:17.010000 54.406200000000005 40.4375 0
2025-07-10T21:17:18.010000 54.406200000000005 40.4375 0
2025-07-10T21:17:19.010000 54.39184799999999 40.4375 0
2025-07-10T21:17:20.010000 54.419396 40.4375 0
2025-07-10T21:17:21.015000 54.378752000000006 40.4375 0
2025-07-10T21:17:22.011000 54.389663999999996 40.4375 0
2025-07-10T21:17:23.010000 54.39059999999999 40.4375 0
2025-07-10T21:17:24.010000 54.40526400000001 40.4375 0
2025-07-10T21:17:25.010000 54.406200000000005 40.4375 0
2025-07-10T21:17:26.010000 54.406200000000005 40.4375 0
2025-07-10T21:17:27.011000 54.420958 40.4375 0
2025-07-10T21:17:28.010000 54.42190000000001 40.4375 0
2025-07-10T21:17:29.010000 54.407142 40.4375 0
2025-07-10T21:17:30.010000 54.406200000000005 40.4375 0
2025-07-10T21:17:31.010000 54.43366734693878 40.4375 0
2025-07-10T21:17:32.010000 54.4375 40.4375 0
2025-07-10T21:17:33.010000 54.409956 40.4375 0
2025-07-10T21:17:34.010000 54.433744000000004 40.4375 0
2025-07-10T21:17:35.010000 54.42377199999999 40.4375 0
2025-07-10T21:17:36.010000 54.435627999999994 40.4375 0
2025-07-10T21:17:37.010000 54.45122800000001 40.4375 0
2025-07-10T21:17:38.010000 54.463629999999995 40.4375 0
2025-07-10T21:17:39.010000 54.46479999999999 40.4375 0
2025-07-10T21:17:40.010000 54.454269999999994 40.4375 0
2025-07-10T21:17:41.010000 54.463629999999995 40.4375 0
2025-07-10T21:17:42.010000 54.46479999999999 40.4375 0
2025-07-10T21:17:43.011000 54.454269999999994 40.4375 0
2025-07-10T21:17:44.010000 54.477759999999996 40.4375 0
2025-07-10T21:17:45.010000 54.48049999999999 40.4375 0
2025-07-10T21:17:46.010000 54.4805 40.4375 0
2025-07-10T21:17:47.010000 54.4805 40.4375 0
2025-07-10T21:17:48.010000 54.46636999999999 40.4375 0
2025-07-10T21:17:49.010000 54.479244 40.4375 0
2025-07-10T21:17:50.010000 54.46605599999999 40.4375 0
2025-07-10T21:17:51.010000 54.493596 40.4375 0
2025-07-10T21:17:52.010000 54.481747999999996 40.4375 0
2025-07-10T21:17:53.011000 54.509204 40.4375 0
2025-07-10T21:17:54.010000 54.5117 40.4375 0
2025-07-10T21:17:55.010000 54.482996 40.4375 0
2025-07-10T21:17:56.010000 54.48049999999999 40.4375 0
2025-07-10T21:17:57.010000 54.48049999999999 40.4375 0
2025-07-10T21:17:58.010000 54.48049999999999 40.4375 0
2025-07-10T21:17:59.010000 54.48049999999999 40.4375 0
2025-07-10T21:18:00.010000 54.495164 40.4375 0
2025-07-10T21:18:01.010000 54.466677999999995 40.4375 0
2025-07-10T21:18:02.010000 54.479558 40.4375 0
2025-07-10T21:18:03.010000 54.495164 40.4375 0
2025-07-10T21:18:04.010000 54.510764 40.4375 0
2025-07-10T21:18:05.010000 54.49703600000001 40.4375 0
2025-07-10T21:18:06.020000 54.496100000000006 40.4375 0
2025-07-10T21:18:07.010000 54.510764 40.4375 0
2025-07-10T21:18:08.010000 54.5117 40.4375 0
2025-07-10T21:18:09.010000 54.52542799999999 40.4375 0
2025-07-10T21:18:10.010000 54.513572 40.4375 0
2025-07-10T21:18:11.010000 54.5117 40.4375 0
2025-07-10T21:18:12.010000 54.5117 40.4375 0
2025-07-10T21:18:13.010000 54.5117 40.4375 0
2025-07-10T21:18:14.010000 54.52542799999999 40.4375 0
2025-07-10T21:18:15.010000 54.52729999999999 40.4375 0
2025-07-10T21:18:16.010000 54.49922000000001 40.4375 0
2025-07-10T21:18:17.010000 54.524179999999994 40.4375 0
2025-07-10T21:18:18.010000 54.49922000000001 40.4375 0
2025-07-10T21:18:19.010000 54.496100000000006 40.4375 0
2025-07-10T21:18:20.010000 54.51014 40.4375 0
2025-07-10T21:18:21.010000 54.48362 40.4375 0
2025-07-10T21:18:22.010000 54.50858 40.4375 0
2025-07-10T21:18:23.010000 54.5117 40.4375 0
2025-07-10T21:18:24.010000 54.5117 40.4375 0
2025-07-10T21:18:25.010000 54.49766 40.4375 0
2025-07-10T21:18:26.010000 54.496100000000006 40.4375 0
2025-07-10T21:18:27.010000 54.496100000000006 40.4375 0
2025-07-10T21:18:28.010000 54.51045200000001 40.4375 0
2025-07-10T21:18:29.015000 54.5117 40.4375 0
2025-07-10T21:18:30.010000 54.5117 40.4375 0
2025-07-10T21:18:31.010000 54.5117 40.4375 0
2025-07-10T21:18:32.010000 54.5117 40.4375 0
2025-07-10T21:18:33.011000 54.5117 40.4375 0
2025-07-10T21:18:34.010000 54.5117 40.4375 0
2025-07-10T21:18:35.010000 54.52605199999999 40.4375 0
2025-07-10T21:18:36.010000 54.52729999999999 40.4375 0
2025-07-10T21:18:37.010000 54.52729999999999 40.4375 0
2025-07-10T21:18:38.010000 54.52729999999999 40.4375 0
2025-07-10T21:18:39.011000 54.512947999999994 40.4375 0
2025-07-10T21:18:40.013000 54.5117 40.4375 0
2025-07-10T21:18:41.010000 54.526363999999994 40.4375 0
2025-07-10T21:18:42.010000 54.52729999999999 40.4375 0
2025-07-10T21:18:43.010000 54.52729999999999 40.4375 0
2025-07-10T21:18:44.010000 54.542058 40.4375 0
2025-07-10T21:18:45.010000 54.52824199999999 40.4375 0
2025-07-10T21:18:46.010000 54.512636 40.4375 0
2025-07-10T21:18:47.010000 54.5117 40.4375 0
2025-07-10T21:18:48.010000 54.52542799999999 40.4375 0
2025-07-10T21:18:49.010000 54.513572 40.4375 0
2025-07-10T21:18:50.010000 54.52542799999999 40.4375 0
2025-07-10T21:18:51.013000 54.513572 40.4375 0
2025-07-10T21:18:52.010000 54.52542799999999 40.4375 0
2025-07-10T21:18:53.010000 54.52729999999999 40.4375 0
2025-07-10T21:18:54.010000 54.52729999999999 40.4375 0
2025-07-10T21:18:55.010000 54.51326 40.4375 0
2025-07-10T21:18:56.010000 54.5117 40.4375 0
2025-07-10T21:18:57.010000 54.5117 40.4375 0
2025-07-10T21:18:58.010000 54.5117 40.4375 0
2025-07-10T21:18:59.011000 54.5117 40.4375 0
2025-07-10T21:19:00.010000 54.53987 40.4375 0
2025-07-10T21:19:01.010000 54.52886999999999 40.4375 0
2025-07-10T21:19:02.010000 54.51326 40.4375 0
2025-07-10T21:19:03.010000 54.5117 40.4375 0
2025-07-10T21:19:04.010000 54.5117 40.4375 0
2025-07-10T21:19:05.010000 54.497348 40.4375 0
2025-07-10T21:19:06.010000 54.524803999999996 40.4375 0
2025-07-10T21:19:07.010000 54.52729999999999 40.4375 0
2025-07-10T21:19:08.010000 54.52729999999999 40.4375 0
2025-07-10T21:19:09.010000 54.498596 40.4375 0
2025-07-10T21:19:10.010000 54.51045200000001 40.4375 0
2025-07-10T21:19:11.010000 54.52605199999999 40.4375 0
2025-07-10T21:19:12.010000 54.498596 40.4375 0
2025-07-10T21:19:13.010000 54.524803999999996 40.4375 0
2025-07-10T21:19:14.010000 54.52729999999999 40.4375 0
2025-07-10T21:19:15.010000 54.512636 40.4375 0
2025-07-10T21:19:16.011000 54.49703600000001 40.4375 0
2025-07-10T21:19:17.010000 54.496100000000006 40.4375 0
2025-07-10T21:19:18.010000 54.510764 40.4375 0
2025-07-10T21:19:19.010000 54.49703600000001 40.4375 0
2025-07-10T21:19:20.010000 54.510744897959185 40.4375 0
2025-07-10T21:19:21.010000 54.49703600000001 40.4375 0
2025-07-10T21:19:22.010000 54.510764 40.4375 0
2025-07-10T21:19:23.011000 54.5117 40.4375 0
2025-07-10T21:19:24.010000 54.526363999999994 40.4375 0
2025-07-10T21:19:25.010000 54.541116 40.4375 0
2025-07-10T21:19:26.010000 54.51545599999999 40.4375 0
2025-07-10T21:19:27.010000 54.52542799999999 40.4375 0
2025-07-10T21:19:28.010000 54.499844 40.4375 0
2025-07-10T21:19:29.010000 54.509789795918365 40.4375 0
2025-07-10T21:19:30.010000 54.498050000000006 40.4375 0
2025-07-10T21:19:31.010000 54.523556 40.4375 0
2025-07-10T21:19:32.010000 54.49922000000001 40.4375 0
2025-07-10T21:19:33.011000 54.482060000000004 40.4375 0
2025-07-10T21:19:34.010000 54.46636999999999 40.4375 0
2025-07-10T21:19:35.010000 54.454269999999994 40.4375 0
2025-07-10T21:19:36.010000 54.463629999999995 40.4375 0
2025-07-10T21:19:37.010000 54.454269999999994 40.4375 0
2025-07-10T21:19:38.010000 54.463629999999995 40.4375 0
2025-07-10T21:19:39.010000 54.46479999999998 40.4375 0
2025-07-10T21:19:40.011000 54.45431875 40.4375 0
2025-07-10T21:19:41.011000 54.463629999999995 40.4375 0
2025-07-10T21:19:42.011000 54.439684 40.4375 0
2025-07-10T21:19:43.010000 54.4375 40.4375 0
2025-07-10T21:19:44.010000 54.451852 40.4375 0
2025-07-10T21:19:45.010000 54.45309999999999 40.4375 0
2025-07-10T21:19:46.010000 54.438748 40.4375 0
2025-07-10T21:19:47.010000 54.423148 40.4375 0
2025-07-10T21:19:48.010000 54.42190000000001 40.4375 0
2025-07-10T21:19:49.010000 54.450604000000006 40.4375 0
2025-07-10T21:19:50.010000 54.45309999999999 40.4375 0
2025-07-10T21:19:51.010000 54.438748 40.4375 0
2025-07-10T21:19:52.010000 54.46261599999999 40.4375 0
2025-07-10T21:19:53.010000 54.453801999999996 40.4375 0
2025-07-10T21:19:54.010000 54.45309999999999 40.4375 0
2025-07-10T21:19:55.010000 54.45309999999999 40.4375 0
2025-07-10T21:19:56.010000 54.45309999999999 40.4375 0
2025-07-10T21:19:57.010000 54.45309999999999 40.4375 0
2025-07-10T21:19:58.010000 54.45309999999999 40.4375 0
2025-07-10T21:19:59.010000 54.438436 40.4375 0
2025-07-10T21:20:00.010000 54.4375 40.4375 0
2025-07-10T21:20:01.010000 54.4375 40.4375 0
2025-07-10T21:20:02.010000 54.422836000000004 40.4375 0
2025-07-10T21:20:03.010000 54.435627999999994 40.4375 0
2025-07-10T21:20:04.010000 54.4375 40.4375 0
2025-07-10T21:20:05.010000 54.45118979591837 40.4375 0
2025-07-10T21:20:06.011000 54.4531 40.4375 0
2025-07-10T21:20:07.010000 54.425644000000005 40.4375 0
2025-07-10T21:20:08.010000 54.449355999999995 40.4375 0
2025-07-10T21:20:09.010000 54.439372000000006 40.4375 0
2025-07-10T21:20:10.010000 54.45154 40.4375 0
2025-07-10T21:20:11.010000 54.45309999999999 40.4375 0
2025-07-10T21:20:12.010000 54.45309999999999 40.4375 0
2025-07-10T21:20:13.010000 54.463629999999995 40.4375 0
2025-07-10T21:20:14.010000 54.47893 40.4375 0
2025-07-10T21:20:15.010000 54.46636999999999 40.4375 0
2025-07-10T21:20:16.010000 54.454269999999994 40.4375 0
2025-07-10T21:20:17.010000 54.463629999999995 40.4375 0
2025-07-10T21:20:18.010000 54.454269999999994 40.4375 0
2025-07-10T21:20:19.033000 54.47816808510638 40.4375 0
2025-07-10T21:20:20.010000 54.45529199999999 40.4375 0
2025-07-10T21:20:21.010000 54.463863999999994 40.4375 0
2025-07-10T21:20:22.010000 54.479244 40.4375 0
2025-07-10T21:20:23.010000 54.46605599999999 40.4375 0
2025-07-10T21:20:24.021000 54.479244 40.4375 0
2025-07-10T21:20:25.010000 54.45529199999999 40.4375 0
2025-07-10T21:20:26.010000 54.478308 40.4375 0
2025-07-10T21:20:27.010000 54.4805 40.4375 0
2025-07-10T21:20:28.011000 54.49514489795918 40.4375 0
2025-07-10T21:20:29.010000 54.496100000000006 40.4375 0
2025-07-10T21:20:30.010000 54.496100000000006 40.4375 0
2025-07-10T21:20:31.010000 54.496100000000006 40.4375 0
2025-07-10T21:20:32.011000 54.496100000000006 40.4375 0
2025-07-10T21:20:33.010000 54.510764 40.4375 0
2025-07-10T21:20:34.010000 54.482372 40.4375 0
2025-07-10T21:20:35.010000 54.48049999999999 40.4375 0
2025-07-10T21:20:36.010000 54.495164 40.4375 0
2025-07-10T21:20:37.010000 54.481474999999996 40.4375 0
2025-07-10T21:20:38.010000 54.46576122448978 40.4375 0
2025-07-10T21:20:39.010000 54.479558 40.4375 0
2025-07-10T21:20:40.010000 54.495164 40.4375 0
2025-07-10T21:20:41.010000 54.481435999999995 40.4375 0
2025-07-10T21:20:42.010000 54.494228 40.4375 0
2025-07-10T21:20:43.012000 54.509828 40.4375 0
2025-07-10T21:20:44.010000 54.49797200000001 40.4375 0
2025-07-10T21:20:45.010000 54.482372 40.4375 0
2025-07-10T21:20:46.010000 54.50795599999999 40.4375 0
2025-07-10T21:20:47.010000 54.49766 40.4375 0
2025-07-10T21:20:48.011000 54.482060000000004 40.4375 0
2025-07-10T21:20:49.010000 54.48049999999999 40.4375 0
2025-07-10T21:20:50.010000 54.49454000000001 40.4375 0
2025-07-10T21:20:51.010000 54.496100000000006 40.4375 0
2025-07-10T21:20:52.011000 54.496100000000006 40.4375 0
2025-07-10T21:20:53.010000 54.496100000000006 40.4375 0
2025-07-10T21:20:54.010000 54.496100000000006 40.4375 0
2025-07-10T21:20:55.010000 54.496100000000006 40.4375 0
2025-07-10T21:20:56.010000 54.482060000000004 40.4375 0
2025-07-10T21:20:57.010000 54.509204 40.4375 0
2025-07-10T21:20:58.011000 54.497348 40.4375 0
2025-07-10T21:20:59.010000 54.51045200000001 40.4375 0
2025-07-10T21:21:00.010000 54.5117 40.4375 0
2025-07-10T21:21:01.010000 54.497348 40.4375 0
2025-07-10T21:21:02.010000 54.51045200000001 40.4375 0
2025-07-10T21:21:03.011000 54.5117 40.4375 0
2025-07-10T21:21:04.010000 54.5117 40.4375 0
2025-07-10T21:21:05.010000 54.5117 40.4375 0
2025-07-10T21:21:06.010000 54.5117 40.4375 0
2025-07-10T21:21:07.010000 54.52605199999999 40.4375 0
2025-07-10T21:21:08.010000 54.498596 40.4375 0
2025-07-10T21:21:09.010000 54.510764 40.4375 0
2025-07-10T21:21:10.010000 54.5117 40.4375 0
2025-07-10T21:21:11.010000 54.49703600000001 40.4375 0
2025-07-10T21:21:12.010000 54.496100000000006 40.4375 0
2025-07-10T21:21:13.010000 54.510764 40.4375 0
2025-07-10T21:21:14.010000 54.49703600000001 40.4375 0
2025-07-10T21:21:15.010000 54.496100000000006 40.4375 0
2025-07-10T21:21:16.010000 54.496100000000006 40.4375 0
2025-07-10T21:21:17.010000 54.496100000000006 40.4375 0
2025-07-10T21:21:18.010000 54.496100000000006 40.4375 0
2025-07-10T21:21:19.010000 54.481124 40.4375 0
2025-07-10T21:21:20.010000 54.50795599999999 40.4375 0
2025-07-10T21:21:21.010000 54.484244 40.4375 0
2025-07-10T21:21:22.010000 54.494228 40.4375 0
2025-07-10T21:21:23.010000 54.482372 40.4375 0
2025-07-10T21:21:24.010000 54.49454000000001 40.4375 0
2025-07-10T21:21:25.010000 54.482060000000004 40.4375 0
2025-07-10T21:21:26.010000 54.50851632653061 40.4375 0
2025-07-10T21:21:27.010000 54.49766 40.4375 0
2025-07-10T21:21:28.010000 54.496100000000006 40.4375 0
2025-07-10T21:21:29.010000 54.496100000000006 40.4375 0
2025-07-10T21:21:30.010000 54.482060000000004 40.4375 0
2025-07-10T21:21:31.010000 54.50858 40.4375 0
2025-07-10T21:21:32.010000 54.48362 40.4375 0
2025-07-10T21:21:33.010000 54.49454000000001 40.4375 0
2025-07-10T21:21:34.010000 54.51045200000001 40.4375 0
2025-07-10T21:21:35.010000 54.5117 40.4375 0
2025-07-10T21:21:36.010000 54.5117 40.4375 0
2025-07-10T21:21:37.010000 54.5117 40.4375 0
2025-07-10T21:21:38.010000 54.5117 40.40375 0
2025-07-10T21:21:39.010000 54.52605199999999 40.375 0
2025-07-10T21:21:40.010000 54.512947999999994 40.37625 0
2025-07-10T21:21:41.010000 54.5117 40.4375 0
2025-07-10T21:21:42.010000 54.497348 40.4375 0
2025-07-10T21:21:43.010000 54.481747999999996 40.40875 0
2025-07-10T21:21:44.010000 54.4805 40.375 0
2025-07-10T21:21:45.010000 54.4805 40.375 0
2025-07-10T21:21:46.010000 54.495164 40.4325 0
2025-07-10T21:21:47.010000 54.466677999999995 40.4375 0
2025-07-10T21:21:48.010000 54.479558 40.41375 16384
2025-07-10T21:21:49.010000 54.46574199999999 40.375 16384
2025-07-10T21:21:50.010000 54.46479999999999 40.375 16384
2025-07-10T21:21:51.010000 54.49422200000001 40.4275 0
2025-07-10T21:21:52.010000 54.481435999999995 40.4375 0
2025-07-10T21:21:53.010000 54.48049999999999 40.4375 16384
2025-07-10T21:21:54.010000 54.48049999999999 40.4375 16384
2025-07-10T21:21:55.010000 54.48049999999999 40.4375 16384
2025-07-10T21:21:56.010000 54.48049999999999 40.4375 0
2025-07-10T21:21:57.010000 54.4805 40.4375 0
2025-07-10T21:21:58.013000 54.494189795918366 40.4375 0
2025-07-10T21:21:59.010000 54.482372 40.4375 0
2025-07-10T21:22:00.010000 54.48049999999999 40.4375 0
2025-07-10T21:22:01.010000 54.48049999999999 40.4375 0
2025-07-10T21:22:02.010000 54.50368799999999 40.4375 0
2025-07-10T21:22:03.010000 54.566144 40.4375 0
2025-07-10T21:22:04.010000 54.48664000000001 40.4375 0
2025-07-10T21:22:05.010000 54.442781999999994 40.4375 0
2025-07-10T21:22:06.010000 54.409654 40.4375 0
2025-07-10T21:22:07.010000 54.425332 40.4375 0
2025-07-10T21:22:08.010000 54.427182 40.4375 0
2025-07-10T21:22:09.010000 54.394031999999996 40.4375 0
2025-07-10T21:22:10.010000 54.4062 40.4375 0
2025-07-10T21:22:11.010000 54.410124999999994 40.40234375 0
2025-07-10T21:22:12.010000 54.42190000000001 40.375 0
2025-07-10T21:22:13.010000 54.425644000000005 40.37625 0
2025-07-10T21:22:14.010000 54.441244000000005 40.4375 0
2025-07-10T21:22:15.010000 54.45060399999999 40.4375 0
2025-07-10T21:22:16.010000 54.42625 40.4375 0
2025-07-10T21:22:17.010000 54.38265714285714 40.4375 16384
2025-07-10T21:22:18.010000 54.4219 40.4375 16384
2025-07-10T21:22:19.010000 54.42190000000001 40.38125 0
2025-07-10T21:22:20.010000 54.42190000000001 40.375 0
2025-07-10T21:22:21.010000 54.41626600000001 40.39875 0
2025-07-10T21:22:22.010000 54.393408 40.4375 0
2025-07-10T21:22:23.010000 54.409026 40.4375 0
2025-07-10T21:22:24.010000 54.42190000000001 40.4375 16384
2025-07-10T21:22:25.010000 54.419074 40.4375 16384
2025-07-10T21:22:26.010000 54.40308 40.4375 16384
2025-07-10T21:22:27.010000 54.39686 40.4375 0
2025-07-10T21:22:28.010000 54.41876 40.4375 0
2025-07-10T21:22:29.010000 54.406200000000005 40.4375 0
2025-07-10T21:22:30.013000 54.406200000000005 40.4375 0
2025-07-10T21:22:31.010000 54.40934 40.4375 0
2025-07-10T21:22:32.010000 54.42190000000001 40.4375 0
2025-07-10T21:22:33.010000 54.42190000000001 40.4375 0
2025-07-10T21:22:34.010000 54.42190000000001 40.4375 0
2025-07-10T21:22:35.010000 54.41564 40.4375 0
2025-07-10T21:22:36.010000 54.393719999999995 40.4375 0
2025-07-10T21:22:37.010000 54.40308 40.4375 0
2025-07-10T21:22:38.011000 54.394031999999996 40.4375 0
2025-07-10T21:22:39.010000 54.406200000000005 40.40125 0
2025-07-10T21:22:40.010000 54.402767999999995 40.375 0
2025-07-10T21:22:41.010000 54.394031999999996 40.375 0
2025-07-10T21:22:42.010000 54.406200000000005 40.375 0
2025-07-10T21:22:43.010000 54.413086 40.375 0
2025-07-10T21:22:44.010000 54.434067999999996 40.4075 0
2025-07-10T21:22:45.010000 54.425332 40.4375 0
2025-07-10T21:22:46.010000 54.430614000000006 40.4375 0
2025-07-10T21:22:47.010000 54.413086 40.4375 16384
2025-07-10T21:22:48.010000 54.434067999999996 40.4375 16384
2025-07-10T21:22:49.010000 54.425644000000005 40.41125 16384
2025-07-10T21:22:50.012000 54.429988 40.375 0
2025-07-10T21:22:51.010000 54.413712 40.375 0
2025-07-10T21:22:52.010000 54.441244000000005 40.43 0
2025-07-10T21:22:53.010000 54.447483999999996 40.4375 0
2025-07-10T21:22:54.010000 54.42470800000001 40.4375 0
2025-07-10T21:22:55.010000 54.4375 40.4375 0
2025-07-10T21:22:56.010000 54.4375 40.4375 0
2025-07-10T21:22:57.010000 54.434692 40.4375 0
2025-07-10T21:22:58.012000 54.419074 40.4375 0
2025-07-10T21:22:59.010000 54.409026 40.4225 0
2025-07-10T21:23:00.010000 54.42470800000001 40.375 0
2025-07-10T21:23:01.010000 54.4375 40.375 0
2025-07-10T21:23:02.010000 54.431866 40.375 0
2025-07-10T21:23:03.010000 54.411834 40.375 0
2025-07-10T21:23:04.010000 54.434380000000004 40.375 0
2025-07-10T21:23:05.010000 54.42470800000001 40.375 16384
2025-07-10T21:23:06.011000 54.440619999999996 40.375 16384
2025-07-10T21:23:07.011000 54.44998 40.41375 16384
2025-07-10T21:23:08.010000 54.440619999999996 40.4375 0
2025-07-10T21:23:09.010000 54.44998 40.4375 0
2025-07-10T21:23:10.010000 54.44295999999999 40.4375 0
2025-07-10T21:23:11.010000 54.456219999999995 40.4375 0
2025-07-10T21:23:12.010000 54.42476530612245 40.40561224489796 0
2025-07-10T21:23:13.010000 54.440425000000005 40.375 0
2025-07-10T21:23:14.010000 54.45309999999999 40.375 0
2025-07-10T21:23:15.010000 54.44623599999999 40.375 0
2025-07-10T21:23:16.010000 54.42190000000001 40.375 0
2025-07-10T21:23:17.010000 54.42190000000001 40.375 0
2025-07-10T21:23:18.010000 54.418446 40.375 0
2025-07-10T21:23:19.010000 54.402767999999995 40.375 0
2025-07-10T21:23:20.010000 54.39059999999999 40.43125 16384
2025-07-10T21:23:21.010000 54.39059999999999 40.4375 16384
2025-07-10T21:23:22.010000 54.39748599999999 40.415 16384
2025-07-10T21:23:23.011000 54.41501400000001 40.375 16384
2025-07-10T21:23:24.011000 54.394031999999996 40.375 16384
2025-07-10T21:23:25.015000 54.4062 40.42602040816327 0
2025-07-10T21:23:26.010000 54.406200000000005 40.4375 0
2025-07-10T21:23:27.010000 54.406200000000005 40.4375 0
2025-07-10T21:23:28.010000 54.406200000000005 40.4375 0
2025-07-10T21:23:29.010000 54.4062 40.4375 0
2025-07-10T21:23:30.004000 54.4062 40.4375 0
2025-07-10T21:23:31.010000 54.409968 40.4375 0
2025-07-10T21:23:32.010000 54.41895625000001 40.42578125 0
2025-07-10T21:23:33.031000 54.4090836734694 40.375 0
2025-07-10T21:23:34.010000 54.42470800000001 40.375 0
2025-07-10T21:23:35.010000 54.4375 40.41625 0
2025-07-10T21:23:36.010000 54.434692 40.4375 0
2025-07-10T21:23:37.010000 54.42470800000001 40.4375 0
2025-07-10T21:23:38.010000 54.4375 40.4375 0
2025-07-10T21:23:39.010000 54.4375 40.4375 0
2025-07-10T21:23:40.010000 54.4375 40.4375 0
2025-07-10T21:23:41.010000 54.43425 40.4375 0
2025-07-10T21:23:42.011000 54.42826734693878 40.4375 0
2025-07-10T21:23:43.010000 54.446859999999994 40.37875 0
2025-07-10T21:23:44.010000 54.42502 40.375 0
2025-07-10T21:23:45.010000 54.434380000000004 40.39875 0
2025-07-10T21:23:46.010000 54.42502 40.4375 0
2025-07-10T21:23:47.010000 54.440619999999996 40.4375 0
2025-07-10T21:23:48.010000 54.45309999999999 40.38625 0
2025-07-10T21:23:49.010000 54.45309999999999 40.375 0
2025-07-10T21:23:50.010000 54.45309999999999 40.375 0
2025-07-10T21:23:51.010000 54.45309999999999 40.375 0
2025-07-10T21:23:52.010000 54.449668 40.375 0
2025-07-10T21:23:53.013000 54.440932000000004 40.375 0
2025-07-10T21:23:54.010000 54.45309999999999 40.375 0
2025-07-10T21:23:55.010000 54.45567399999999 40.38375 0
2025-07-10T21:23:56.010000 54.458794 40.4375 0
2025-07-10T21:23:57.010000 54.44295999999999 40.4375 0
2025-07-10T21:23:58.011000 54.462226 40.39875 16384
2025-07-10T21:23:59.010000 54.449668 40.375 16384
2025-07-10T21:24:00.010000 54.441244000000005 40.375 16384
2025-07-10T21:24:01.010000 54.45309999999999 40.375 0
2025-07-10T21:24:02.010000 54.44561199999999 40.375 0
2025-07-10T21:24:03.010000 54.42876400000001 40.40875 0
2025-07-10T21:24:04.010000 54.45309999999999 40.4375 0
2025-07-10T21:24:05.010000 54.449355999999995 40.4375 0
2025-07-10T21:24:06.010000 54.441244000000005 40.375 0
2025-07-10T21:24:07.010000 54.45309999999999 40.375 0
2025-07-10T21:24:08.010000 54.45309999999999 40.375 0
2025-07-10T21:24:09.010000 54.45309999999999 40.375 0
2025-07-10T21:24:10.010000 54.45309999999999 40.375 0
2025-07-10T21:24:11.010000 54.45520599999999 40.375 0
2025-07-10T21:24:12.010000 54.46269399999999 40.375 0
2025-07-10T21:24:13.010000 54.45520599999999 40.375 0
2025-07-10T21:24:14.010000 54.46479999999999 40.375 16384
2025-07-10T21:24:15.010000 54.46292799999999 40.375 16384
2025-07-10T21:24:16.011000 54.45543999999999 40.375 0
2025-07-10T21:24:17.010000 54.46479999999999 40.375 0
2025-07-10T21:24:18.010000 54.46245999999999 40.39375 0
2025-07-10T21:24:19.010000 54.44998 40.4375 0
2025-07-10T21:24:20.010000 54.440619999999996 40.4375 0
2025-07-10T21:24:21.010000 54.45543999999999 40.3875 16384
2025-07-10T21:24:22.010000 54.46794 40.375 16384
2025-07-10T21:24:23.010000 54.48049999999999 40.375 16384
2025-07-10T21:24:24.010000 54.47736 40.375 0
2025-07-10T21:24:25.010000 54.46794 40.375 0
2025-07-10T21:24:26.010000 54.48049999999999 40.42 0
2025-07-10T21:24:27.010000 54.47736 40.4375 0
2025-07-10T21:24:28.011000 54.468253999999995 40.42625 0
2025-07-10T21:24:29.010000 54.477046 40.375 0
2025-07-10T21:24:30.010000 54.46479999999999 40.375 0
2025-07-10T21:24:31.010000 54.46479999999999 40.375 0
2025-07-10T21:24:32.010000 54.46479999999999 40.375 0
2025-07-10T21:24:33.010000 54.46479999999998 40.375 0
2025-07-10T21:24:34.014000 54.47168599999999 40.375 0
2025-07-10T21:24:35.010000 54.492668 40.375 0
2025-07-10T21:24:36.010000 54.48049999999999 40.375 0
2025-07-10T21:24:37.010000 54.477046 40.375 0
2025-07-10T21:24:38.010000 54.468568 40.375 0
2025-07-10T21:24:39.010000 54.47673199999999 40.375 0
2025-07-10T21:24:40.010000 54.458248 40.375 0
2025-07-10T21:24:41.010000 54.433755999999995 40.375 16384
2025-07-10T21:24:42.010000 54.42190000000001 40.375 16384
2025-07-10T21:24:43.010000 54.432196000000005 40.375 16384
2025-07-10T21:24:44.010000 54.461992 40.375 0
2025-07-10T21:24:45.010000 54.45309999999999 40.375 0
2025-07-10T21:24:46.010000 54.449355999999995 40.40125 0
2025-07-10T21:24:47.010000 54.441244000000005 40.4375 0
2025-07-10T21:24:48.010000 54.45520599999999 40.4375 0
2025-07-10T21:24:49.010000 54.462849999999996 40.381510416666664 0
2025-07-10T21:24:50.010000 54.45023469387755 40.375 0
2025-07-10T21:24:51.010000 54.440308 40.375 0
2025-07-10T21:24:52.010000 54.45309999999999 40.375 0
2025-07-10T21:24:53.010000 54.45029199999999 40.375 0
2025-07-10T21:24:54.010000 54.440619999999996 40.375 16384
2025-07-10T21:24:55.010000 54.45309999999999 40.375 16384
2025-07-10T21:24:56.010000 54.45023469387755 40.375 16384
2025-07-10T21:24:57.006000 54.44285294117646 40.375 0
2025-07-10T21:24:58.010000 54.46245999999999 40.375 0
2025-07-10T21:24:59.010000 54.45309999999999 40.42 0
2025-07-10T21:25:00.010000 54.45309999999999 40.4375 0
2025-07-10T21:25:01.010000 54.45543999999999 40.4275 0
2025-07-10T21:25:02.010000 54.46245999999999 40.375 16384
2025-07-10T21:25:03.010000 54.458580000000005 40.375 16384
2025-07-10T21:25:04.011000 54.47736 40.375 0
2025-07-10T21:25:05.010000 54.458794 40.375 0
2025-07-10T21:25:06.010000 54.4375 40.38 0
2025-07-10T21:25:07.010000 54.434067999999996 40.4375 0
2025-07-10T21:25:08.011000 54.42190000000001 40.4375 0
2025-07-10T21:25:09.010000 54.42190000000001 40.4025 16384
2025-07-10T21:25:10.010000 54.418446 40.375 16384
2025-07-10T21:25:11.010000 54.409654 40.375 16384
2025-07-10T21:25:12.010000 54.42190000000001 40.375 0
2025-07-10T21:25:13.010000 54.42540204081633 40.375 0
2025-07-10T21:25:14.010000 54.4375 40.40625 0
2025-07-10T21:25:15.010000 54.4375 40.4375 0
2025-07-10T21:25:16.010000 54.429988 40.4375 0
2025-07-10T21:25:17.010000 54.409968 40.3775 0
2025-07-10T21:25:18.010000 54.425644000000005 40.375 0
2025-07-10T21:25:19.010000 54.433755999999995 40.375 0
2025-07-10T21:25:20.010000 54.4219 40.375 0
2025-07-10T21:25:21.010000 54.41813200000001 40.375 0
2025-07-10T21:25:22.010000 54.409968 40.375 0
2025-07-10T21:25:23.010000 54.42190000000001 40.375 0
2025-07-10T21:25:24.010000 54.41813200000001 40.395 0
2025-07-10T21:25:25.010000 54.409968 40.4375 0
2025-07-10T21:25:26.010000 54.42190000000001 40.4375 0
2025-07-10T21:25:27.010000 54.42190000000001 40.38875 0
2025-07-10T21:25:28.010000 54.42190000000001 40.375 0
2025-07-10T21:25:29.010000 54.42190000000001 40.375 0
2025-07-10T21:25:30.010000 54.42470800000001 40.375 0
2025-07-10T21:25:31.010000 54.4375 40.375 0
2025-07-10T21:25:32.010000 54.434574999999995 40.375 0
2025-07-10T21:25:33.010000 54.42515 40.375 0
2025-07-10T21:25:34.010000 54.434380000000004 40.375 0
2025-07-10T21:25:35.010000 54.42190000000001 40.375 0
2025-07-10T21:25:36.010000 54.42502 40.375 0
2025-07-10T21:25:37.010000 54.4375 40.375 0
2025-07-10T21:25:38.010000 54.4375 40.375 0
2025-07-10T21:25:39.010000 54.434380000000004 40.375 0
2025-07-10T21:25:40.010000 54.42502 40.375 0
2025-07-10T21:25:41.010000 54.4375 40.375 0
2025-07-10T21:25:42.010000 54.43425 40.375 0
2025-07-10T21:25:43.010000 54.42190000000001 40.375 0
2025-07-10T21:25:44.010000 54.42876400000001 40.375 0
2025-07-10T21:25:45.011000 54.442781999999994 40.375 0
2025-07-10T21:25:46.010000 54.413086 40.375 0
2025-07-10T21:25:47.010000 54.434067999999996 40.375 0
2025-07-10T21:25:48.010000 54.425332 40.375 0
2025-07-10T21:25:49.010000 54.4375 40.375 0
2025-07-10T21:25:50.010000 54.4375 40.375 0
2025-07-10T21:25:51.011000 54.4375 40.375 0
2025-07-10T21:25:52.010000 54.4375 40.375 0
2025-07-10T21:25:53.010000 54.4375 40.375 0
2025-07-10T21:25:54.010000 54.4375 40.375 0
2025-07-10T21:25:55.010000 54.441244000000005 40.375 0
2025-07-10T21:25:56.010000 54.44561199999999 40.375 0
2025-07-10T21:25:57.010000 54.425644000000005 40.375 0
2025-07-10T21:25:58.010000 54.441244000000005 40.375 0
2025-07-10T21:25:59.010000 54.449355999999995 40.375 0
2025-07-10T21:26:00.010000 54.4375 40.375 0
2025-07-10T21:26:01.010000 54.429988 40.375 0
2025-07-10T21:26:02.010000 54.413712 40.375 0
2025-07-10T21:26:03.010000 54.43399795918367 40.375 0
2025-07-10T21:26:04.010000 54.4245 40.375 0
2025-07-10T21:26:05.010000 54.4375 40.375 0
2025-07-10T21:26:06.010000 54.4375 40.375 0
2025-07-10T21:26:07.010000 54.434692 40.375 0
2025-07-10T21:26:08.010000 54.42190000000001 40.375 0
2025-07-10T21:26:09.010000 54.42470800000001 40.375 0
2025-07-10T21:26:10.010000 54.440308 40.375 0
2025-07-10T21:26:11.010000 54.446859999999994 40.375 0
2025-07-10T21:26:12.010000 54.428140000000006 40.375 0
2025-07-10T21:26:13.010000 54.45023469387755 40.375 0
2025-07-10T21:26:14.010000 54.4375 40.375 0
2025-07-10T21:26:15.010000 54.4375 40.375 0
2025-07-10T21:26:16.010000 54.4375 40.375 0
2025-07-10T21:26:17.010000 54.4375 40.375 0
2025-07-10T21:26:18.003000 54.44055882352941 40.375 0
2025-07-10T21:26:19.010000 54.44998 40.375 0
2025-07-10T21:26:20.010000 54.434380000000004 40.375 0
2025-07-10T21:26:21.032000 54.42521914893618 40.375 0
2025-07-10T21:26:22.013000 54.440932000000004 40.375 0
2025-07-10T21:26:23.010000 54.45309999999999 40.375 0
2025-07-10T21:26:24.010000 54.449668 40.375 0
2025-07-10T21:26:25.010000 54.440932000000004 40.375 0
2025-07-10T21:26:26.010000 54.449668 40.375 0
2025-07-10T21:26:27.023000 54.4375 40.375 0
2025-07-10T21:26:28.015000 54.434067999999996 40.375 0
2025-07-10T21:26:29.010000 54.418446 40.375 0
2025-07-10T21:26:30.010000 54.406200000000005 40.375 0
2025-07-10T21:26:31.010000 54.399336000000005 40.375 0
2025-07-10T21:26:32.010000 54.37890000000001 40.375 0
2025-07-10T21:26:33.010000 54.3906 40.375 0
2025-07-10T21:26:34.010000 54.39059999999999 40.375 0
2025-07-10T21:26:35.011000 54.394344000000004 40.375 0
2025-07-10T21:26:36.010000 54.402456 40.375 0
2025-07-10T21:26:37.010000 54.386855999999995 40.375 0
2025-07-10T21:26:38.010000 54.375 40.375 0
2025-07-10T21:26:39.010000 54.378744000000005 40.375 0
2025-07-10T21:26:40.010000 54.386855999999995 40.375 0
2025-07-10T21:26:41.010000 54.37890000000001 40.375 0
2025-07-10T21:26:42.010000 54.38773469387755 40.375 0
2025-07-10T21:26:43.010000 54.372192 40.375 0
2025-07-10T21:26:44.010000 54.365016000000004 40.375 0
2025-07-10T21:26:45.010000 54.39059999999999 40.375 0
2025-07-10T21:26:46.010000 54.393408 40.375 0
2025-07-10T21:26:47.010000 54.406200000000005 40.375 0
2025-07-10T21:26:48.010000 54.4062 40.375 0
2025-07-10T21:26:49.010000 54.40301632653061 40.375 0
2025-07-10T21:26:50.010000 54.39059999999999 40.375 0
2025-07-10T21:26:51.010000 54.384359999999994 40.375 0
2025-07-10T21:26:52.010000 54.353919999999995 40.375 0
2025-07-10T21:26:53.010000 54.32888 40.375 0
2025-07-10T21:26:54.010000 54.325 40.375 0
2025-07-10T21:26:55.010000 54.35706000000001 40.375 0
2025-07-10T21:26:56.010000 54.34770000000001 40.375 0
2025-07-10T21:26:57.010000 54.34770000000001 40.375 0
2025-07-10T21:26:58.010000 54.34770000000001 40.375 0
2025-07-10T21:26:59.010000 54.34770000000001 40.375 0
2025-07-10T21:27:00.010000 54.34770000000001 40.375 0
2025-07-10T21:27:01.010000 54.34456 40.375 0
2025-07-10T21:27:02.010000 54.33200000000001 40.375 0
2025-07-10T21:27:03.010000 54.328568 40.375 0
2025-07-10T21:27:04.010000 54.32328600000001 40.375 0
2025-07-10T21:27:05.010000 54.344246000000005 40.375 0
2025-07-10T21:27:06.010000 54.328568 40.375 0
2025-07-10T21:27:07.010000 54.32292083333334 40.375 0
2025-07-10T21:27:08.011000 54.34770000000002 40.375 0
2025-07-10T21:27:09.010000 54.34770000000001 40.375 0
2025-07-10T21:27:10.010000 54.343932 40.375 0
2025-07-10T21:27:11.010000 54.33576800000001 40.375 0
2025-07-10T21:27:12.010000 54.343932 40.375 0
2025-07-10T21:27:13.010000 54.324512 40.375 0
2025-07-10T21:27:14.010000 54.30454400000001 40.375 0
2025-07-10T21:27:15.010000 54.308912 40.375 0
2025-07-10T21:27:16.010000 54.28520000000001 40.375 0
2025-07-10T21:27:17.010000 54.28160208333333 40.375 0
2025-07-10T21:27:18.010000 54.273344897959184 40.375 0
2025-07-10T21:27:19.010000 54.28520000000001 40.375 0
2025-07-10T21:27:20.010000 54.28520000000001 40.375 0
2025-07-10T21:27:21.010000 54.28800800000001 40.375 0
2025-07-10T21:27:22.010000 54.295166 40.375 0
2025-07-10T21:27:23.010000 54.275134 40.375 0
2025-07-10T21:27:24.010000 54.29820000000001 40.375 0
2025-07-10T21:27:25.010000 54.28838367346938 40.375 0
2025-07-10T21:27:26.010000 54.3008 40.375 0
2025-07-10T21:27:27.010000 54.29768000000001 40.375 0
2025-07-10T21:27:28.010000 54.288320000000006 40.375 0
2025-07-10T21:27:29.010000 54.29454 40.375 0
2025-07-10T21:27:30.010000 54.26950000000001 40.375 0
2025-07-10T21:27:31.010000 54.26950000000001 40.375 0
2025-07-10T21:27:32.010000 54.27264 40.375 0
2025-07-10T21:27:33.010000 54.27582 40.375 0
2025-07-10T21:27:34.010000 54.24142 40.375 0
2025-07-10T21:27:35.010000 54.2539 40.375 0
2025-07-10T21:27:36.008000 54.253899999999994 40.375 0
2025-07-10T21:27:37.010000 54.250468 40.375 0
2025-07-10T21:27:38.010000 54.24861800000001 40.375 0
2025-07-10T21:27:39.010000 54.274882 40.375 0
2025-07-10T21:27:40.010000 54.2383 40.375 0
2025-07-10T21:27:41.010000 54.241732 40.375 0
2025-07-10T21:27:42.010000 54.257332 40.375 0
2025-07-10T21:27:43.010000 54.26950000000001 40.375 0
2025-07-10T21:27:44.010000 54.272954 40.375 0
2025-07-10T21:27:45.010000 54.274882 40.375 0
2025-07-10T21:27:46.010000 54.241732 40.375 0
2025-07-10T21:27:47.010000 54.257332 40.375 0
2025-07-10T21:27:48.010000 54.26950000000001 40.375 0
2025-07-10T21:27:49.010000 54.273344897959184 40.375 0
2025-07-10T21:27:50.010000 54.28520000000001 40.375 0
2025-07-10T21:27:51.010000 54.281432 40.375 0
2025-07-10T21:27:52.010000 54.27326800000001 40.375 0
2025-07-10T21:27:53.010000 54.288944 40.375 0
2025-07-10T21:27:54.011000 54.293288000000004 40.375 0
2025-07-10T21:27:55.010000 54.27326800000001 40.375 0
2025-07-10T21:27:56.010000 54.288944 40.375 0
2025-07-10T21:27:57.010000 54.28954400000001 40.375 0
2025-07-10T21:27:58.010000 54.25795599999999 40.375 0
2025-07-10T21:27:59.010000 54.26950000000001 40.375 0
2025-07-10T21:28:00.010000 54.266692000000006 40.375 0
2025-07-10T21:28:01.011000 54.2539 40.375 0
2025-07-10T21:28:02.010000 54.257149999999996 40.375 0
2025-07-10T21:28:03.011000 54.26950000000001 40.375 0
2025-07-10T21:28:04.010000 54.26638 40.375 0
2025-07-10T21:28:05.010000 54.24844000000001 40.375 0
2025-07-10T21:28:06.011000 54.22033999999999 40.375 0
2025-07-10T21:28:07.010000 54.198419999999984 40.375 0
2025-07-10T21:28:08.010000 54.204660000000004 40.375 0
2025-07-10T21:28:09.010000 54.17970000000001 40.375 0
2025-07-10T21:28:10.010000 54.17970000000001 40.375 0
2025-07-10T21:28:11.010000 54.18593999999999 40.375 0
2025-07-10T21:28:12.010000 54.2109 40.375 0
2025-07-10T21:28:13.010000 54.2109 40.375 0
2025-07-10T21:28:14.010000 54.2109 40.375 0
2025-07-10T21:28:15.010000 54.2109 40.375 0
2025-07-10T21:28:16.013000 54.207468000000006 40.375 0
2025-07-10T21:28:17.010000 54.19529999999999 40.375 0
2025-07-10T21:28:18.010000 54.202186000000005 40.375 0
2025-07-10T21:28:19.010000 54.223146 40.375 0
2025-07-10T21:28:20.010000 54.214354 40.375 0
2025-07-10T21:28:21.010000 54.219714 40.375 0
2025-07-10T21:28:22.010000 54.202812 40.375 0
2025-07-10T21:28:23.010000 54.222832 40.375 0
2025-07-10T21:28:24.010000 54.2109 40.375 0
2025-07-10T21:28:25.010000 54.203412 40.375 0
2025-07-10T21:28:26.010000 54.175956000000006 40.375 0
2025-07-10T21:28:27.010000 54.175332 40.375 0
2025-07-10T21:28:28.011000 54.207156000000005 40.375 0
2025-07-10T21:28:29.010000 54.199043999999994 40.375 0
2025-07-10T21:28:30.010000 54.207156000000005 40.375 0
2025-07-10T21:28:31.010000 54.19529999999999 40.375 0
2025-07-10T21:28:32.014000 54.19529999999999 40.375 0
2025-07-10T21:28:33.010000 54.19529999999999 40.375 0
2025-07-10T21:28:34.014000 54.19529999999999 40.375 0
2025-07-10T21:28:35.010000 54.19529999999999 40.375 0
2025-07-10T21:28:36.010000 54.19107500000001 40.375 0
2025-07-10T21:28:37.010000 54.17970000000001 40.375 0
2025-07-10T21:28:38.010000 54.18593999999999 40.375 0
2025-07-10T21:28:39.010000 54.20778 40.375 0
2025-07-10T21:28:40.011000 54.19218000000001 40.375 0
2025-07-10T21:28:41.010000 54.176580000000016 40.375 0
2025-07-10T21:28:42.010000 54.1641 40.375 0
2025-07-10T21:28:43.010000 54.160959999999996 40.375 0
2025-07-10T21:28:44.010000 54.145216326530615 40.375 0
2025-07-10T21:28:45.010000 54.132799999999996 40.375 0
2025-07-10T21:28:46.011000 54.127340000000004 40.375 0
2025-07-10T21:28:47.010000 54.10236 40.375 0
2025-07-10T21:28:48.010000 54.08979999999999 40.375 0
2025-07-10T21:28:49.010000 54.093253999999995 40.375 0
2025-07-10T21:28:50.010000 54.108932 40.375 0
2025-07-10T21:28:51.011000 54.121100000000006 40.375 0
2025-07-10T21:28:52.010000 54.123673999999994 40.375 0
2025-07-10T21:28:53.010000 54.130226 40.375 0
2025-07-10T21:28:54.010000 54.110782 40.375 0
2025-07-10T21:28:55.010000 54.0742 40.375 0
2025-07-10T21:28:56.010000 54.077631999999994 40.375 0
2025-07-10T21:28:57.010000 54.093253999999995 40.375 0
2025-07-10T21:28:58.010000 54.108932 40.375 0
2025-07-10T21:28:59.010000 54.117668 40.375 0
2025-07-10T21:29:00.010000 54.10173199999999 40.375 0
2025-07-10T21:29:01.010000 54.093568 40.375 0
2025-07-10T21:29:02.010000 54.109244 40.375 0
2025-07-10T21:29:03.010000 54.121100000000006 40.375 0
2025-07-10T21:29:04.010000 54.121100000000006 40.375 0
2025-07-10T21:29:05.010000 54.12390799999999 40.375 0
2025-07-10T21:29:06.010000 54.129992 40.375 0
2025-07-10T21:29:07.010000 54.12390799999999 40.375 0
2025-07-10T21:29:08.010000 54.129992 40.375 0
2025-07-10T21:29:09.010000 54.12372653061224 40.375 0
2025-07-10T21:29:10.010000 54.132799999999996 40.375 0
2025-07-10T21:29:11.010000 54.129758 40.375 0
2025-07-10T21:29:12.010000 54.11704400000001 40.375 0
2025-07-10T21:29:13.010000 54.10549999999999 40.375 0
2025-07-10T21:29:14.010000 54.109556000000005 40.375 0
2025-07-10T21:29:15.010000 54.11798000000001 40.375 0
2025-07-10T21:29:16.010000 54.11096 40.375 0
2025-07-10T21:29:17.011000 54.130694000000005 40.375 0
2025-07-10T21:29:18.011000 54.12343999999999 40.375 0
2025-07-10T21:29:19.010000 54.13279999999999 40.375 0
2025-07-10T21:29:20.014000 54.13279999999999 40.375 0
2025-07-10T21:29:21.010000 54.13046 40.375 0
2025-07-10T21:29:22.010000 54.121100000000006 40.375 0
2025-07-10T21:29:23.010000 54.121100000000006 40.375 0
2025-07-10T21:29:24.010000 54.114839999999994 40.375 0
2025-07-10T21:29:25.010000 54.086368 40.375 0
2025-07-10T21:29:26.010000 54.077631999999994 40.375 0
2025-07-10T21:29:27.010000 54.086368 40.375 0
2025-07-10T21:29:28.010000 54.077383673469384 40.375 0
2025-07-10T21:29:29.009000 54.08979999999999 40.375 0
2025-07-10T21:29:30.010000 54.08979999999999 40.375 0
2025-07-10T21:29:31.035000 54.09339791666667 40.375 0
2025-07-10T21:29:32.010000 54.102046 40.375 0
2025-07-10T21:29:33.010000 54.08293599999999 40.375 0
2025-07-10T21:29:34.010000 54.055168 40.375 0
2025-07-10T21:29:35.010000 54.039546 40.375 0
2025-07-10T21:29:36.010000 54.034811999999995 40.375 0
2025-07-10T21:29:37.010000 54.058600000000006 40.375 0
2025-07-10T21:29:38.010000 54.058600000000006 40.375 0
2025-07-10T21:29:39.010000 54.058600000000006 40.375 0
2025-07-10T21:29:40.010000 54.062344 40.375 0
2025-07-10T21:29:41.010000 54.0742 40.375 0
2025-07-10T21:29:42.010000 54.0742 40.375 0
2025-07-10T21:29:43.010000 54.0742 40.375 0
2025-07-10T21:29:44.010000 54.07045599999999 40.375 0
2025-07-10T21:29:45.010000 54.058600000000006 40.375 0
2025-07-10T21:29:46.010000 54.058600000000006 40.375 0
2025-07-10T21:29:47.010000 54.058600000000006 40.375 0
2025-07-10T21:29:48.010000 54.058600000000006 40.375 0
2025-07-10T21:29:49.010000 54.058600000000006 40.375 0
2025-07-10T21:29:50.010000 54.05454400000001 40.375 0
2025-07-10T21:29:51.010000 54.038917999999995 40.375 0
2025-07-10T21:29:52.010000 54.02729999999999 40.375 0
2025-07-10T21:29:53.010000 54.02183999999999 40.375 0
2025-07-10T21:29:54.010000 54.002340000000004 40.375 0
2025-07-10T21:29:55.010000 54.009359999999994 40.375 0
2025-07-10T21:29:56.011000 54.002340000000004 40.375 0
2025-07-10T21:29:57.010000 54.01481999999999 40.375 0
2025-07-10T21:29:58.010000 54.03044 40.375 0
2025-07-10T21:29:59.010000 54.03986 40.375 0
2025-07-10T21:30:00.010000 54.02729999999999 40.375 0
2025-07-10T21:30:01.010000 54.02729999999999 40.375 0
2025-07-10T21:30:02.010000 54.023868 40.375 0
2025-07-10T21:30:03.010000 54.009125999999995 40.375 0
2025-07-10T21:30:04.010000 54.0 40.375 0
2025-07-10T21:30:05.010000 54.002574 40.375 0
2025-07-10T21:30:06.010000 54.009125999999995 40.375 0
2025-07-10T21:30:07.010000 54.002574 40.375 0
2025-07-10T21:30:08.010000 54.00569399999999 40.375 0
2025-07-10T21:30:09.010000 53.97751400000001 40.375 0
2025-07-10T21:30:10.010000 53.949668 40.375 0
2025-07-10T21:30:11.010000 53.944385999999994 40.375 0
2025-07-10T21:30:12.010000 53.968799999999995 40.375 0
2025-07-10T21:30:13.010000 53.965032 40.375 0
2025-07-10T21:30:14.010000 53.95309999999999 40.375 0
2025-07-10T21:30:15.010000 53.94623599999999 40.375 0
2025-07-10T21:30:16.010000 53.92938800000001 40.375 0
2025-07-10T21:30:17.010000 53.94561199999999 40.375 0
2025-07-10T21:30:18.010000 53.91813200000001 40.375 0
2025-07-10T21:30:19.010000 53.906200000000005 40.375 0
2025-07-10T21:30:20.010000 53.903392000000004 40.375 0
2025-07-10T21:30:21.010000 53.897308 40.375 0
2025-07-10T21:30:22.010000 53.910281999999995 40.375 0
2025-07-10T21:30:23.012000 53.914776 40.375 0
2025-07-10T21:30:24.010000 53.897542 40.34125 0
2025-07-10T21:30:25.010000 53.906200000000005 40.3125 0
2025-07-10T21:30:26.010000 53.89910199999999 40.3125 0
2025-07-10T21:30:27.010000 53.874843999999996 40.3125 0
2025-07-10T21:30:28.010000 53.8633 40.3125 0
2025-07-10T21:30:29.010000 53.8633 40.34375 0
2025-07-10T21:30:30.010000 53.8633 40.375 0
2025-07-10T21:30:31.010000 53.86642 40.375 0
2025-07-10T21:30:32.010000 53.878899999999994 40.375 0
2025-07-10T21:30:33.010000 53.878899999999994 40.375 0
2025-07-10T21:30:34.011000 53.878899999999994 40.3525 0
2025-07-10T21:30:35.010000 53.878899999999994 40.3125 0
2025-07-10T21:30:36.010000 53.878899999999994 40.3125 0
2025-07-10T21:30:37.010000 53.878899999999994 40.3125 0
2025-07-10T21:30:38.010000 53.875468 40.3125 0
2025-07-10T21:30:39.010000 53.866732 40.3325 0
2025-07-10T21:30:40.010000 53.875468 40.375 0
2025-07-10T21:30:41.010000 53.8633 40.375 0
2025-07-10T21:30:42.010000 53.8633 40.32625 16384
2025-07-10T21:30:43.010000 53.8633 40.3125 16384
2025-07-10T21:30:44.010000 53.8633 40.3125 16384
2025-07-10T21:30:45.010000 53.8633 40.3125 0
2025-07-10T21:30:46.010000 53.8633 40.3125 0
2025-07-10T21:30:47.010000 53.8633 40.35625 16384
2025-07-10T21:30:48.010000 53.8633 40.375 16384
2025-07-10T21:30:49.010000 53.859479591836745 40.375 16384
2025-07-10T21:30:50.010000 53.840188000000005 40.375 16384
2025-07-10T21:30:51.010000 53.823912 40.375 16384
2025-07-10T21:30:52.011000 53.855188000000005 40.375 0
2025-07-10T21:30:53.010000 53.871412 40.375 0
2025-07-10T21:30:54.010000 53.84770000000001 40.375 0
2025-07-10T21:30:55.010000 53.84770000000001 40.375 0
2025-07-10T21:30:56.010000 53.84770000000001 40.375 0
2025-07-10T21:30:57.010000 53.843932 40.375 0
2025-07-10T21:30:58.010000 53.83576800000001 40.375 0
2025-07-10T21:30:59.010000 53.851756 40.375 0
2025-07-10T21:31:00.010000 53.859161224489796 40.375 0
2025-07-10T21:31:01.010000 53.859868000000006 40.375 0
2025-07-10T21:31:02.010000 53.890443999999995 40.375 0
2025-07-10T21:31:03.010000 53.878899999999994 40.375 0
2025-07-10T21:31:04.010000 53.874843999999996 40.375 0
2025-07-10T21:31:05.010000 53.8633 40.3225 0
2025-07-10T21:31:06.010000 53.867356 40.3125 0
2025-07-10T21:31:07.010000 53.874843999999996 40.33125 0
2025-07-10T21:31:08.010000 53.867356 40.375 0
2025-07-10T21:31:09.015000 53.878899999999994 40.375 0
2025-07-10T21:31:10.010000 53.88201999999999 40.375 16384
2025-07-10T21:31:11.010000 53.89450000000001 40.375 16384
2025-07-10T21:31:12.010000 53.89450000000001 40.36 16384
2025-07-10T21:31:13.010000 53.89684000000001 40.3125 0
2025-07-10T21:31:14.010000 53.90386 40.3125 0
2025-07-10T21:31:15.010000 53.89450000000001 40.35625 0
2025-07-10T21:31:16.010000 53.89450000000001 40.375 0
2025-07-10T21:31:17.010000 53.887636 40.365 0
2025-07-10T21:31:18.011000 53.859868000000006 40.3125 0
2025-07-10T21:31:19.010000 53.851132 40.3125 0
2025-07-10T21:31:20.010000 53.859868000000006 40.3125 0
2025-07-10T21:31:21.010000 53.84770000000001 40.3125 0
2025-07-10T21:31:22.010000 53.84770000000001 40.3125 0
2025-07-10T21:31:23.010000 53.851132 40.3125 0
2025-07-10T21:31:24.010000 53.859868000000006 40.3125 0
2025-07-10T21:31:25.010000 53.844246000000005 40.3475 0
2025-07-10T21:31:26.010000 53.83951199999999 40.375 0
2025-07-10T21:31:27.010000 53.855788000000004 40.3725 0
2025-07-10T21:31:28.010000 53.83576800000001 40.3125 0
2025-07-10T21:31:29.010000 53.843932 40.3125 0
2025-07-10T21:31:30.010000 53.83200000000001 40.3125 0
2025-07-10T21:31:31.010000 53.828256 40.3125 0
2025-07-10T21:31:32.010000 53.820144 40.3125 0
2025-07-10T21:31:33.010000 53.83951199999999 40.3125 0
2025-07-10T21:31:34.010000 53.85955600000001 40.3125 0
2025-07-10T21:31:35.010000 53.84770000000001 40.3125 0
2025-07-10T21:31:36.010000 53.851444 40.3125 0
2025-07-10T21:31:37.010000 53.851106 40.3125 0
2025-07-10T21:31:38.010000 53.82053877551021 40.3125 0
2025-07-10T21:31:39.010000 53.832 40.3125 0
2025-07-10T21:31:40.010000 53.827943999999995 40.3125 0
2025-07-10T21:31:41.010000 53.82045599999999 40.3125 0
2025-07-10T21:31:42.014000 53.840138 40.3125 0
2025-07-10T21:31:43.010000 53.867356 40.3125 16384
2025-07-10T21:31:44.010000 53.870788000000005 40.3125 16384
2025-07-10T21:31:45.010000 53.851756 40.3125 16384
2025-07-10T21:31:46.010000 53.85924400000001 40.3125 0
2025-07-10T21:31:47.010000 53.843618000000006 40.3125 0
2025-07-10T21:31:48.010000 53.83514 40.36 16384
2025-07-10T21:31:49.010000 53.84770000000001 40.375 16384
2025-07-10T21:31:50.010000 53.850820000000006 40.36125 16384
2025-07-10T21:31:51.010000 53.86018000000001 40.3125 0
2025-07-10T21:31:52.010000 53.84456 40.3125 0
2025-07-10T21:31:53.010000 53.83200000000001 40.35625 0
2025-07-10T21:31:54.010000 53.828568 40.375 0
2025-07-10T21:31:55.010000 53.819832 40.36625 0
2025-07-10T21:31:56.010000 53.828568 40.3125 0
2025-07-10T21:31:57.010000 53.819832 40.3125 0
2025-07-10T21:31:58.010000 53.835454 40.3125 0
2025-07-10T21:31:59.010000 53.844246000000005 40.3125 0
2025-07-10T21:32:00.010000 53.83200000000001 40.3125 0
2025-07-10T21:32:01.010000 53.835454 40.3125 0
2025-07-10T21:32:02.010000 53.844246000000005 40.3125 0
2025-07-10T21:32:03.010000 53.838886 40.3125 0
2025-07-10T21:32:04.010000 53.856414 40.3125 0
2025-07-10T21:32:05.010000 53.83200000000001 40.3125 0
2025-07-10T21:32:06.010000 53.83951199999999 40.3125 0
2025-07-10T21:32:07.010000 53.8633 40.3125 0
2025-07-10T21:32:08.010000 53.8633 40.3125 0
2025-07-10T21:32:09.010000 53.8633 40.3125 0
2025-07-10T21:32:10.010000 53.86704400000001 40.3125 0
2025-07-10T21:32:11.010000 53.875156 40.3125 0
2025-07-10T21:32:12.010000 53.86704400000001 40.3125 0
2025-07-10T21:32:13.010000 53.875156 40.3125 0
2025-07-10T21:32:14.010000 53.855788000000004 40.3125 0
2025-07-10T21:32:15.010000 53.823888000000004 40.3125 0
2025-07-10T21:32:16.010000 53.804856 40.3125 0
2025-07-10T21:32:17.010000 53.812343999999996 40.3125 0
2025-07-10T21:32:18.010000 53.797758000000016 40.3125 0
2025-07-10T21:32:19.010000 53.780962 40.3125 0
2025-07-10T21:32:20.010000 53.75779999999999 40.3125 0
2025-07-10T21:32:21.010000 53.75779999999999 40.3125 0
2025-07-10T21:32:22.010000 53.75779999999999 40.3125 0
2025-07-10T21:32:23.010000 53.76185599999999 40.3125 0
2025-07-10T21:32:24.010000 53.7734 40.3125 0
2025-07-10T21:32:25.010000 53.769344000000004 40.3125 0
2025-07-10T21:32:26.010000 53.760919999999984 40.3125 0
2025-07-10T21:32:27.010000 53.77888 40.3125 0
2025-07-10T21:32:28.010000 53.8008 40.3125 0
2025-07-10T21:32:29.010000 53.79846000000001 40.3125 0
2025-07-10T21:32:30.010000 53.7891 40.3125 0
2025-07-10T21:32:31.010000 53.7891 40.3125 0
2025-07-10T21:32:32.010000 53.7891 40.3125 0
2025-07-10T21:32:33.010000 53.7891 40.3125 0
2025-07-10T21:32:34.010000 53.785646 40.3125 0
2025-07-10T21:32:35.010000 53.7734 40.3125 0
2025-07-10T21:32:36.010000 53.776854 40.3125 0
2025-07-10T21:32:37.010000 53.7891 40.3125 0
2025-07-10T21:32:38.012000 53.7891 40.3125 0
2025-07-10T21:32:39.010000 53.785502083333334 40.3125 0
2025-07-10T21:32:40.010000 53.77942800000001 40.3125 0
2025-07-10T21:32:41.010000 53.804232 40.3125 0
2025-07-10T21:32:42.010000 53.812968 40.3125 0
2025-07-10T21:32:43.010000 53.79422399999999 40.3125 0
2025-07-10T21:32:44.010000 53.777168 40.3125 0
2025-07-10T21:32:45.010000 53.79565199999999 40.3125 0
2025-07-10T21:32:46.010000 53.816399999999994 40.3125 0
2025-07-10T21:32:47.010000 53.816399999999994 40.3125 0
2025-07-10T21:32:48.010000 53.816399999999994 40.3125 0
2025-07-10T21:32:49.010000 53.812656 40.3125 0
2025-07-10T21:32:50.010000 53.808288000000005 40.3125 0
2025-07-10T21:32:51.010000 53.83200000000001 40.3125 0
2025-07-10T21:32:52.010000 53.83200000000001 40.3125 0
2025-07-10T21:32:53.010000 53.83200000000001 40.3125 0
2025-07-10T21:32:54.011000 53.836082000000005 40.3125 0
2025-07-10T21:32:55.010000 53.84770000000001 40.3125 0
2025-07-10T21:32:56.010000 53.84770000000001 40.3125 0
2025-07-10T21:32:57.010000 53.85581200000001 40.3125 0
2025-07-10T21:32:58.010000 53.874843999999996 40.3125 0
2025-07-10T21:32:59.010000 53.8633 40.3125 0
2025-07-10T21:33:00.010000 53.867356 40.3125 0
2025-07-10T21:33:01.010000 53.87507959183673 40.3125 0
2025-07-10T21:33:02.010000 53.87157755102041 40.3125 0
2025-07-10T21:33:03.010000 53.890443999999995 40.3125 0
2025-07-10T21:33:04.011000 53.878899999999994 40.3125 0
2025-07-10T21:33:05.010000 53.878899999999994 40.3125 0
2025-07-10T21:33:06.010000 53.87577999999999 40.3125 0
2025-07-10T21:33:07.010000 53.86954 40.3125 0
2025-07-10T21:33:08.010000 53.89138 40.3125 0
2025-07-10T21:33:09.010000 53.88201999999999 40.3125 0
2025-07-10T21:33:10.010000 53.891068 40.3125 0
2025-07-10T21:33:11.010000 53.88447142857143 40.3125 0
2025-07-10T21:33:12.010000 53.9037625 40.3125 0
2025-07-10T21:33:13.012000 53.89450000000001 40.3125 0
2025-07-10T21:33:14.010000 53.89450000000001 40.3125 0
2025-07-10T21:33:15.010000 53.89450000000001 40.3125 0
2025-07-10T21:33:16.010000 53.897074 40.3125 0
2025-07-10T21:33:17.010000 53.909654 40.3125 0
2025-07-10T21:33:18.010000 53.92190000000001 40.3125 0
2025-07-10T21:33:19.010000 53.915872 40.3125 0
2025-07-10T21:33:20.013000 53.897074 40.3125 0
2025-07-10T21:33:21.010000 53.906200000000005 40.3125 0
2025-07-10T21:33:22.010000 53.903392000000004 40.3125 0
2025-07-10T21:33:23.010000 53.89450000000001 40.3125 0
2025-07-10T21:33:24.010000 53.901076 40.3125 0
2025-07-10T21:33:25.010000 53.91813200000001 40.3125 0
2025-07-10T21:33:26.010000 53.903392000000004 40.3125 0
2025-07-10T21:33:27.010000 53.89450000000001 40.3125 0
2025-07-10T21:33:28.010000 53.897308 40.3125 0
2025-07-10T21:33:29.011000 53.909968 40.3125 0
2025-07-10T21:33:30.010000 53.91813200000001 40.3125 0
2025-07-10T21:33:31.010000 53.906200000000005 40.3125 0
2025-07-10T21:33:32.010000 53.910281999999995 40.3125 0
2025-07-10T21:33:33.010000 53.92190000000001 40.3125 0
2025-07-10T21:33:34.010000 53.92190000000001 40.3125 0
2025-07-10T21:33:35.010000 53.925956000000006 40.3125 0
2025-07-10T21:33:36.010000 53.933444 40.3125 0
2025-07-10T21:33:37.010000 53.92190000000001 40.3125 0
2025-07-10T21:33:38.010000 53.92190000000001 40.3125 0
2025-07-10T21:33:39.011000 53.92190000000001 40.3125 0
2025-07-10T21:33:40.010000 53.914776 40.3125 0
2025-07-10T21:33:41.010000 53.890443999999995 40.3125 0
2025-07-10T21:33:42.010000 53.878899999999994 40.3125 0
2025-07-10T21:33:43.010000 53.87577999999999 40.3125 0
2025-07-10T21:33:44.010000 53.871880000000004 40.3125 0
2025-07-10T21:33:45.010000 53.90386 40.3125 0
2025-07-10T21:33:46.010000 53.89138 40.3125 0
2025-07-10T21:33:47.010000 53.884359999999994 40.3125 0
2025-07-10T21:33:48.010000 53.906200000000005 40.3125 0
2025-07-10T21:33:49.010000 53.906200000000005 40.3125 0
2025-07-10T21:33:50.010000 53.906200000000005 40.3125 0
2025-07-10T21:33:51.010000 53.903626 40.3125 0
2025-07-10T21:33:52.010000 53.897074 40.3125 0
2025-07-10T21:33:53.010000 53.903626 40.3125 0
2025-07-10T21:33:54.010000 53.897074 40.3125 0
2025-07-10T21:33:55.033000 53.906200000000005 40.3125 0
2025-07-10T21:33:56.010000 53.906200000000005 40.3125 0
2025-07-10T21:33:57.010000 53.906200000000005 40.3125 0
2025-07-10T21:33:58.010000 53.906200000000005 40.3125 0
2025-07-10T21:33:59.010000 53.903392000000004 40.3125 0
2025-07-10T21:34:00.010000 53.897308 40.3125 0
2025-07-10T21:34:01.010000 53.903392000000004 40.3125 0
2025-07-10T21:34:02.010000 53.890756 40.3125 0
2025-07-10T21:34:03.010000 53.878899999999994 40.3125 0
2025-07-10T21:34:04.010000 53.867644 40.3125 0
2025-07-10T21:34:05.010000 53.83576800000001 40.3125 0
2025-07-10T21:34:06.010000 53.840188000000005 40.3125 0
2025-07-10T21:34:07.010000 53.816399999999994 40.3125 0
2025-07-10T21:34:08.011000 53.80915714285715 40.3125 0
2025-07-10T21:34:09.029000 53.785018 40.3125 0
2025-07-10T21:34:10.010000 53.777482 40.3125 0
2025-07-10T21:34:11.010000 53.7891 40.3125 0
2025-07-10T21:34:12.010000 53.79214199999999 40.3125 0
2025-07-10T21:34:13.010000 53.8008 40.3125 0
2025-07-10T21:34:14.010000 53.804856 40.3125 0
2025-07-10T21:34:15.010000 53.812343999999996 40.3125 0
2025-07-10T21:34:16.010000 53.804856 40.3125 0
2025-07-10T21:34:17.010000 53.816399999999994 40.3125 0
2025-07-10T21:34:18.010000 53.82045599999999 40.3125 0
2025-07-10T21:34:19.010000 53.827631999999994 40.3125 0
2025-07-10T21:34:20.010000 53.816399999999994 40.3125 0
2025-07-10T21:34:21.010000 53.81951999999999 40.3125 0
2025-07-10T21:34:22.010000 53.82888 40.3125 0
2025-07-10T21:34:23.010000 53.81951999999999 40.3125 0
2025-07-10T21:34:24.010000 53.835454 40.3125 0
2025-07-10T21:34:25.010000 53.844246000000005 40.3125 0
2025-07-10T21:34:26.010000 53.83200000000001 40.3125 0
2025-07-10T21:34:27.010000 53.83200000000001 40.3125 0
2025-07-10T21:34:28.010000 53.835454 40.3125 0
2025-07-10T21:34:29.010000 53.844246000000005 40.3125 0
2025-07-10T21:34:30.010000 53.83200000000001 40.3125 0
2025-07-10T21:34:31.010000 53.83200000000001 40.3125 0
2025-07-10T21:34:32.010000 53.828568 40.3125 0
2025-07-10T21:34:33.019000 53.82328600000001 40.3125 0
2025-07-10T21:34:34.010000 53.844246000000005 40.3125 0
2025-07-10T21:34:35.010000 53.83200000000001 40.3125 0
2025-07-10T21:34:36.010000 53.83200000000001 40.3125 0
2025-07-10T21:34:37.010000 53.83200000000001 40.3125 0
2025-07-10T21:34:38.010000 53.83200000000001 40.3125 0
2025-07-10T21:34:39.010000 53.83576800000001 40.3125 0
2025-07-10T21:34:40.010000 53.84770000000001 40.3125 0
2025-07-10T21:34:41.010000 53.84770000000001 40.3125 0
2025-07-10T21:34:42.011000 53.84770000000001 40.3125 0
2025-07-10T21:34:43.010000 53.84770000000001 40.265 0
2025-07-10T21:34:44.010000 53.851444 40.25 0
2025-07-10T21:34:45.010000 53.867356 40.265 0
2025-07-10T21:34:46.010000 53.867644 40.3125 0
2025-07-10T21:34:47.010000 53.840138 40.3125 0
2025-07-10T21:34:48.010000 53.851106 40.3125 16384
2025-07-10T21:34:49.010000 53.816399999999994 40.3125 16384
2025-07-10T21:34:50.010000 53.824538000000004 40.3125 16384
2025-07-10T21:34:51.010000 53.843618000000006 40.3125 0
2025-07-10T21:34:52.010000 53.83200000000001 40.3125 0
2025-07-10T21:34:53.010000 53.83200000000001 40.3125 0
2025-07-10T21:34:54.010000 53.83200000000001 40.3125 0
2025-07-10T21:34:55.010000 53.840138 40.30625 0
2025-07-10T21:34:56.010000 53.858932 40.25 0
2025-07-10T21:34:57.010000 53.851756 40.25 0
2025-07-10T21:34:58.010000 53.85704 40.2875 0
2025-07-10T21:34:59.010000 53.83514 40.3125 0
2025-07-10T21:35:00.010000 53.850820000000006 40.3125 0
2025-07-10T21:35:01.010000 53.8633 40.3125 0
2025-07-10T21:35:02.010000 53.8633 40.3125 0
2025-07-10T21:35:03.010000 53.866732 40.3125 0
2025-07-10T21:35:04.010000 53.875468 40.3125 0
2025-07-10T21:35:05.010000 53.870164 40.3125 0
2025-07-10T21:35:06.010000 53.891068 40.25125 0
2025-07-10T21:35:07.010000 53.882332 40.25 0
2025-07-10T21:35:08.010000 53.89450000000001 40.27875 0
2025-07-10T21:35:09.010000 53.891068 40.3125 0
2025-07-10T21:35:10.010000 53.882332 40.3125 0
2025-07-10T21:35:11.010000 53.887012 40.3125 0
2025-07-10T21:35:12.010000 53.86704400000001 40.3125 0
2025-07-10T21:35:13.010000 53.871412 40.3125 0
2025-07-10T21:35:14.010000 53.851444 40.3125 0
2025-07-10T21:35:15.010000 53.86704400000001 40.3125 0
2025-07-10T21:35:16.010000 53.871412 40.25875 0
2025-07-10T21:35:17.010000 53.851444 40.25 0
2025-07-10T21:35:18.010000 53.8633 40.27125 0
2025-07-10T21:35:19.010000 53.8633 40.3125 0
2025-07-10T21:35:20.010000 53.85955600000001 40.3125 0
2025-07-10T21:35:21.010000 53.83956200000001 40.26375 0
2025-07-10T21:35:22.010000 53.820144 40.25 0
2025-07-10T21:35:23.010000 53.836082000000005 40.25 0
2025-07-10T21:35:24.010000 53.84770000000001 40.25 0
2025-07-10T21:35:25.010000 53.84770000000001 40.25 0
2025-07-10T21:35:26.010000 53.851756 40.25 0
2025-07-10T21:35:27.010000 53.855162 40.25 0
2025-07-10T21:35:28.010000 53.836082000000005 40.25 0
2025-07-10T21:35:29.013000 53.83956200000001 40.25 0
2025-07-10T21:35:30.010000 53.824538000000004 40.25 0
2025-07-10T21:35:31.011000 53.843618000000006 40.25 0
2025-07-10T21:35:32.010000 53.83200000000001 40.25 0
2025-07-10T21:35:33.010000 53.83639600000001 40.25 0
2025-07-10T21:35:34.010000 53.84770000000001 40.25 0
2025-07-10T21:35:35.010000 53.84770000000001 40.25 0
2025-07-10T21:35:36.010000 53.84770000000001 40.25 16384
2025-07-10T21:35:37.010000 53.84770000000001 40.25 16384
2025-07-10T21:35:38.010000 53.84770000000001 40.25 16384
2025-07-10T21:35:39.011000 53.84770000000001 40.25 0
2025-07-10T21:35:40.010000 53.84770000000002 40.25 0
2025-07-10T21:35:41.010000 53.84770000000001 40.2775 16384
2025-07-10T21:35:42.010000 53.851132 40.3125 16384
2025-07-10T21:35:43.010000 53.8633 40.3125 16384
2025-07-10T21:35:44.010000 53.8633 40.2575 0
2025-07-10T21:35:45.010000 53.866732 40.25 0
2025-07-10T21:35:46.010000 53.875468 40.2725 0
2025-07-10T21:35:47.010000 53.870788000000005 40.3125 0
2025-07-10T21:35:48.010000 53.890756 40.3125 0
2025-07-10T21:35:49.010000 53.878899999999994 40.26125 0
2025-07-10T21:35:50.010000 53.882644 40.25 0
2025-07-10T21:35:51.010000 53.88326800000001 40.25 0
2025-07-10T21:35:52.010000 53.858932 40.25 0
2025-07-10T21:35:53.010000 53.89450000000001 40.25 0
2025-07-10T21:35:54.011000 53.897308 40.25 0
2025-07-10T21:35:55.010000 53.899648 40.25 0
2025-07-10T21:35:56.015000 53.885998 40.26375 0
2025-07-10T21:35:57.010000 53.903158000000005 40.3125 0
2025-07-10T21:35:58.010000 53.897542 40.3125 0
2025-07-10T21:35:59.010000 53.89910199999999 40.27 0
2025-07-10T21:36:00.010000 53.885998 40.25 0
2025-07-10T21:36:01.011000 53.903158000000005 40.25 0
2025-07-10T21:36:02.010000 53.897542 40.25 0
2025-07-10T21:36:03.010000 53.906200000000005 40.25 0
2025-07-10T21:36:04.010000 53.906200000000005 40.25 0
2025-07-10T21:36:05.010000 53.903158000000005 40.25 0
2025-07-10T21:36:06.010000 53.897542 40.25 0
2025-07-10T21:36:07.010000 53.906200000000005 40.25 16384
2025-07-10T21:36:08.015000 53.910596000000005 40.25 16384
2025-07-10T21:36:09.010000 53.92190000000001 40.25 16384
2025-07-10T21:36:10.010000 53.92190000000001 40.25 0
2025-07-10T21:36:11.011000 53.91750400000001 40.25 0
2025-07-10T21:36:12.010000 53.906200000000005 40.3125 0
2025-07-10T21:36:13.010000 53.910596000000005 40.3125 0
2025-07-10T21:36:14.010000 53.92190000000001 40.2825 0
2025-07-10T21:36:15.010000 53.92190000000001 40.25 0
2025-07-10T21:36:16.010000 53.925332 40.25 0
2025-07-10T21:36:17.010000 53.9375 40.25 0
2025-07-10T21:36:18.010000 53.934067999999996 40.25 0
2025-07-10T21:36:19.010000 53.925332 40.25 0
2025-07-10T21:36:20.010000 53.9375 40.25 0
2025-07-10T21:36:21.010000 53.934067999999996 40.25 0
2025-07-10T21:36:22.010000 53.925332 40.25 0
2025-07-10T21:36:23.010000 53.9375 40.25 0
2025-07-10T21:36:24.010000 53.933755999999995 40.25 0
2025-07-10T21:36:25.010000 53.925644000000005 40.25 0
2025-07-10T21:36:26.010000 53.929988 40.25 0
2025-07-10T21:36:27.010000 53.906200000000005 40.25 0
2025-07-10T21:36:28.010000 53.91004489795918 40.25 0
2025-07-10T21:36:29.010000 53.91813200000001 40.25 0
2025-07-10T21:36:30.012000 53.909968 40.25 0
2025-07-10T21:36:31.010000 53.907835999999996 40.25 0
2025-07-10T21:36:32.010000 53.8633 40.25 0
2025-07-10T21:36:33.010000 53.867356 40.25 0
2025-07-10T21:36:34.010000 53.871412 40.25 0
2025-07-10T21:36:35.010000 53.84770000000001 40.25 0
2025-07-10T21:36:36.010000 53.84770000000001 40.25 0
2025-07-10T21:36:37.010000 53.851756 40.25 0
2025-07-10T21:36:38.010000 53.855162 40.25 0
2025-07-10T21:36:39.010000 53.827943999999995 40.25 0
2025-07-10T21:36:40.010000 53.816399999999994 40.25 0
2025-07-10T21:36:41.010000 53.816399999999994 40.25 0
2025-07-10T21:36:42.010000 53.812343999999996 40.25 0
2025-07-10T21:36:43.010000 53.797758000000016 40.25 0
2025-07-10T21:36:44.013000 53.792376 40.25 0
2025-07-10T21:36:45.010000 53.8008 40.25 0
2025-07-10T21:36:46.010000 53.797457142857155 40.25 0
2025-07-10T21:36:47.011000 53.7891 40.25 0
2025-07-10T21:36:48.011000 53.792376 40.25 0
2025-07-10T21:36:49.010000 53.79752400000001 40.25 0
2025-07-10T21:36:50.010000 53.7891 40.25 0
2025-07-10T21:36:51.010000 53.7891 40.25 0
2025-07-10T21:36:52.010000 53.7891 40.25 0
2025-07-10T21:36:53.010000 53.79167399999999 40.25 0
2025-07-10T21:36:54.010000 53.8008 40.25 0
2025-07-10T21:36:55.010000 53.8008 40.25 0
2025-07-10T21:36:56.010000 53.8008 40.25 0
2025-07-10T21:36:57.010000 53.804232 40.25 0
2025-07-10T21:36:58.010000 53.812968 40.25 0
2025-07-10T21:36:59.010000 53.804232 40.25 0
2025-07-10T21:37:00.010000 53.809848 40.25 0
2025-07-10T21:37:01.010000 53.785332 40.25 0
2025-07-10T21:37:02.010000 53.779976000000005 40.25 0
2025-07-10T21:37:03.010000 53.797992000000015 40.25 0
2025-07-10T21:37:04.019000 53.7891 40.25 0
2025-07-10T21:37:05.010000 53.79190799999999 40.25 0
2025-07-10T21:37:06.010000 53.797992000000015 40.25 0
2025-07-10T21:37:07.010000 53.79190799999999 40.25 0
2025-07-10T21:37:08.010000 53.797992000000015 40.25 0
2025-07-10T21:37:09.010000 53.79190799999999 40.25 0
2025-07-10T21:37:10.010000 53.797992000000015 40.25 0
2025-07-10T21:37:11.010000 53.79214199999999 40.25 0
2025-07-10T21:37:12.010000 53.804856 40.25 0
2025-07-10T21:37:13.010000 53.816399999999994 40.25 0
2025-07-10T21:37:14.010000 53.816399999999994 40.25 0
2025-07-10T21:37:15.010000 53.812343999999996 40.25 0
2025-07-10T21:37:16.010000 53.797758000000016 40.25 0
2025-07-10T21:37:17.010000 53.79214199999999 40.25 0
2025-07-10T21:37:18.011000 53.804856 40.25 0
2025-07-10T21:37:19.010000 53.816399999999994 40.25 0
2025-07-10T21:37:20.010000 53.816399999999994 40.25 0
2025-07-10T21:37:21.010000 53.812032 40.25 0
2025-07-10T21:37:22.010000 53.805168 40.25 0
2025-07-10T21:37:23.010000 53.816399999999994 40.25 0
2025-07-10T21:37:24.010000 53.820768 40.25 0
2025-07-10T21:37:25.010000 53.83200000000001 40.25 0
2025-07-10T21:37:26.010000 53.83200000000001 40.25 0
2025-07-10T21:37:27.010000 53.83639600000001 40.25 0
2025-07-10T21:37:28.010000 53.84330400000001 40.25 0
2025-07-10T21:37:29.010000 53.819988 40.25 0
2025-07-10T21:37:30.010000 53.780336000000005 40.25 0
2025-07-10T21:37:31.010000 53.764686000000005 40.25 0
2025-07-10T21:37:32.010000 53.79167399999999 40.25 0
2025-07-10T21:37:33.010000 53.798226000000014 40.25 0
2025-07-10T21:37:34.010000 53.79167399999999 40.25 0
2025-07-10T21:37:35.010000 53.8008 40.25 0
2025-07-10T21:37:36.010000 53.8008 40.25 0
2025-07-10T21:37:37.010000 53.80454400000001 40.25 0
2025-07-10T21:37:38.010000 53.816399999999994 40.25 0
2025-07-10T21:37:39.010000 53.812656 40.25 0
2025-07-10T21:37:40.010000 53.808288000000005 40.25 0
2025-07-10T21:37:41.010000 53.824512 40.25 0
2025-07-10T21:37:42.011000 53.8008 40.25 0
2025-07-10T21:37:43.010000 53.797992000000015 40.25 0
2025-07-10T21:37:44.010000 53.79190799999999 40.25 0
2025-07-10T21:37:45.010000 53.797992000000015 40.25 0
2025-07-10T21:37:46.010000 53.79190799999999 40.25 0
2025-07-10T21:37:47.010000 53.797992000000015 40.25 0
2025-07-10T21:37:48.013000 53.79190799999999 40.25 0
2025-07-10T21:37:49.010000 53.797758000000016 40.25 0
2025-07-10T21:37:50.010000 53.79214199999999 40.25 0
2025-07-10T21:37:51.010000 53.8008 40.25 0
2025-07-10T21:37:52.010000 53.804856 40.25 0
2025-07-10T21:37:53.010000 53.816399999999994 40.25 0
2025-07-10T21:37:54.010000 53.816399999999994 40.25 0
2025-07-10T21:37:55.010000 53.816399999999994 40.25 0
2025-07-10T21:37:56.010000 53.82045599999999 40.25 0
2025-07-10T21:37:57.010000 53.836082000000005 40.25 0
2025-07-10T21:37:58.010000 53.83956200000001 40.25 0
2025-07-10T21:37:59.010000 53.816399999999994 40.25 0
2025-07-10T21:38:00.010000 53.820768 40.25 0
2025-07-10T21:38:01.010000 53.83200000000001 40.25 0
2025-07-10T21:38:02.010000 53.823264 40.25 0
2025-07-10T21:38:03.010000 53.805168 40.22375 0
2025-07-10T21:38:04.010000 53.816399999999994 40.1875 0
2025-07-10T21:38:05.010000 53.816399999999994 40.1875 0
2025-07-10T21:38:06.010000 53.816399999999994 40.2425 0
2025-07-10T21:38:07.010000 53.816399999999994 40.25 0
2025-07-10T21:38:08.010000 53.816399999999994 40.25 16384
2025-07-10T21:38:09.010000 53.819832 40.25 16384
2025-07-10T21:38:10.010000 53.83200000000001 40.25 16384
2025-07-10T21:38:11.013000 53.835454 40.25 0
2025-07-10T21:38:12.010000 53.84770000000001 40.25 0
2025-07-10T21:38:13.010000 53.851132 40.25 0
2025-07-10T21:38:14.010000 53.8633 40.25 0
2025-07-10T21:38:15.010000 53.8633 40.25 0
2025-07-10T21:38:16.010000 53.855788000000004 40.25 0
2025-07-10T21:38:17.010000 53.83200000000001 40.25 0
2025-07-10T21:38:18.010000 53.824512 40.25 0
2025-07-10T21:38:19.010000 53.8008 40.25 0
2025-07-10T21:38:20.010000 53.797992000000015 40.25 0
2025-07-10T21:38:21.010000 53.785332 40.25 0
2025-07-10T21:38:22.010000 53.777168 40.25 0
2025-07-10T21:38:23.010000 53.79565199999999 40.25 0
2025-07-10T21:38:24.010000 53.816399999999994 40.25 0
2025-07-10T21:38:25.010000 53.812656 40.25 0
2025-07-10T21:38:26.010000 53.804856 40.25 0
2025-07-10T21:38:27.010000 53.80930200000001 40.25 0
2025-07-10T21:38:28.010000 53.7891 40.25 0
2025-07-10T21:38:29.010000 53.79214199999999 40.25 0
2025-07-10T21:38:30.010000 53.804856 40.25 0
2025-07-10T21:38:31.010000 53.80930200000001 40.25 0
2025-07-10T21:38:32.012000 53.79214199999999 40.25 0
2025-07-10T21:38:33.010000 53.8008 40.25 0
2025-07-10T21:38:34.011000 53.8008 40.25 0
2025-07-10T21:38:35.010000 53.8008 40.25 0
2025-07-10T21:38:36.010000 53.804856 40.23125 0
2025-07-10T21:38:37.010000 53.816399999999994 40.1875 0
2025-07-10T21:38:38.010000 53.816399999999994 40.1875 0
2025-07-10T21:38:39.010000 53.820768 40.235 0
2025-07-10T21:38:40.011000 53.827631999999994 40.25 0
2025-07-10T21:38:41.010000 53.820768 40.25 0
2025-07-10T21:38:42.010000 53.827631999999994 40.25 16384
2025-07-10T21:38:43.010000 53.816399999999994 40.25 16384
2025-07-10T21:38:44.010000 53.816399999999994 40.2075 0
2025-07-10T21:38:45.010000 53.820768 40.1875 0
2025-07-10T21:38:46.010000 53.83200000000001 40.19625 0
2025-07-10T21:38:47.010000 53.828568 40.25 0
2025-07-10T21:38:48.010000 53.819832 40.25 0
2025-07-10T21:38:49.010000 53.828568 40.25 16384
2025-07-10T21:38:50.010000 53.819832 40.25 16384
2025-07-10T21:38:51.010000 53.835454 40.25 16384
2025-07-10T21:38:52.010000 53.837382 40.25 0
2025-07-10T21:38:53.010000 53.807664 40.25 0
2025-07-10T21:38:54.010000 53.83200000000001 40.25 0
2025-07-10T21:38:55.010000 53.83200000000001 40.25 0
2025-07-10T21:38:56.010000 53.83576800000001 40.25 0
2025-07-10T21:38:57.010000 53.843932 40.18875 0
2025-07-10T21:38:58.010000 53.83951199999999 40.1875 0
2025-07-10T21:38:59.010000 53.855788000000004 40.215 0
2025-07-10T21:39:00.011000 53.83951199999999 40.25 0
2025-07-10T21:39:01.020000 53.8633 40.25 0
2025-07-10T21:39:02.010000 53.85955600000001 40.25 0
2025-07-10T21:39:03.010000 53.851444 40.25 0
2025-07-10T21:39:04.010000 53.867356 40.25 0
2025-07-10T21:39:05.010000 53.878899999999994 40.25 0
2025-07-10T21:39:06.010000 53.874843999999996 40.25 0
2025-07-10T21:39:07.010000 53.8633 40.1975 0
2025-07-10T21:39:08.010000 53.8633 40.1875 0
2025-07-10T21:39:09.010000 53.867356 40.205 0
2025-07-10T21:39:10.010000 53.874843999999996 40.25 0
2025-07-10T21:39:11.010000 53.85924400000001 40.25 0
2025-07-10T21:39:12.010000 53.851756 40.2025 0
2025-07-10T21:39:13.010000 53.85924400000001 40.1875 0
2025-07-10T21:39:14.010000 53.84770000000001 40.2025 0
2025-07-10T21:39:15.010000 53.856436 40.25 0
2025-07-10T21:39:16.010000 53.874532 40.25 0
2025-07-10T21:39:17.010000 53.8633 40.20625 16384
2025-07-10T21:39:18.010000 53.8633 40.1875 16384
2025-07-10T21:39:19.010000 53.858932 40.19625 16384
2025-07-10T21:39:20.010000 53.84770000000001 40.25 16384
2025-07-10T21:39:21.010000 53.84770000000001 40.25 16384
